LoanID,CustomerID,ProductID,BranchID,DisbursalDateKey,DisbursalDate,MaturityDate,LoanAmountUSD,InterestRate,TenureMonths,MonthlyEMI_USD,LoanPurpose,CollateralValueUSD,ApprovalRiskRating,LoanStatus,IsNonPerformingAsset,WriteOffAmountUSD
LN-10001,CUST-0359,PRD-EQUIP,BR-101,20260219,2026-02-19,2030-02-19,78500.0,0.084,48,1931.19,Industrial CNC Machine,123052.34,BBB - Moderate Risk,Current / Performing,0,0.0
LN-10002,CUST-0270,PRD-EDU,BR-112,20230729,2023-07-29,2027-07-29,65800.0,0.074,48,1587.9,Medical Residency Program,0.0,BBB - Moderate Risk,Current / Performing,0,0.0
LN-10003,CUST-0147,PRD-AUTO,BR-109,20250831,2025-08-31,2028-08-30,31200.0,0.083,36,982.02,New EV Purchase,37803.13,CCC - Elevated Risk,Current / Performing,0,0.0
LN-10004,CUST-0220,PRD-AUTO,BR-104,20240722,2024-07-22,2027-07-22,57000.0,0.103,36,1847.27,Fleet Commercial Van,76878.24,CCC - Elevated Risk,Current / Performing,0,0.0
LN-10005,CUST-0392,PRD-PERS,BR-108,20240102,2024-01-02,2025-01-01,9300.0,0.15,12,839.4,Emergency Medical Exp,0.0,CCC - Elevated Risk,Fully Paid,0,0.0
LN-10006,CUST-0281,PRD-EQUIP,BR-103,20230428,2023-04-28,2025-04-27,158800.0,0.134,24,7579.51,Warehouse Forklift Fleet,253882.17,DDD - High Default Probability,Fully Paid,0,0.0
LN-10007,CUST-0430,PRD-MORT,BR-107,20230425,2023-04-25,2043-04-25,614400.0,0.0575,240,4313.6,Primary Residence Purchase,793440.12,BBB - Moderate Risk,Current / Performing,0,0.0
LN-10008,CUST-0681,PRD-SME,BR-111,20250502,2025-05-02,2027-05-02,76000.0,0.1,24,3507.01,Inventory Stocking Q4,112330.33,BBB - Moderate Risk,Current / Performing,0,0.0
LN-10009,CUST-0580,PRD-SME,BR-103,20230630,2023-06-30,2025-06-29,417200.0,0.09,24,19059.67,Inventory Stocking Q4,616745.79,AAA - Low Risk,Fully Paid,0,0.0
LN-10010,CUST-0766,PRD-EQUIP,BR-102,20230929,2023-09-29,2028-09-28,33300.0,0.114,60,730.68,Medical Imaging Scanner,42596.84,CCC - Elevated Risk,Current / Performing,0,0.0
LN-10011,CUST-0850,PRD-EQUIP,BR-103,20231216,2023-12-16,2025-12-15,172200.0,0.114,24,8057.89,Medical Imaging Scanner,227916.4,CCC - Elevated Risk,Fully Paid,0,0.0
LN-10012,CUST-0265,PRD-AUTO,BR-104,20250815,2025-08-15,2030-08-15,16600.0,0.083,60,338.98,New EV Purchase,22952.21,BBB - Moderate Risk,Current / Performing,0,0.0
LN-10013,CUST-0925,PRD-MORT,BR-102,20240119,2024-01-19,2044-01-19,399100.0,0.0575,240,2802.02,Refinance Existing Mortgage,557163.61,BBB - Moderate Risk,Current / Performing,0,0.0
LN-10014,CUST-0782,PRD-EDU,BR-107,20230809,2023-08-09,2033-08-08,39800.0,0.074,120,470.36,MBA Program Tuition,0.0,BBB - Moderate Risk,Current / Performing,0,0.0
LN-10015,CUST-0994,PRD-MORT,BR-110,20240925,2024-09-25,2044-09-25,721000.0,0.0575,240,5062.02,Refinance Existing Mortgage,957630.21,AAA - Low Risk,Current / Performing,0,0.0
LN-10016,CUST-0103,PRD-SME,BR-107,20260131,2026-01-31,2033-01-30,329500.0,0.1,84,5470.09,New Branch Expansion,478037.47,BBB - Moderate Risk,Current / Performing,0,0.0
LN-10017,CUST-0501,PRD-EQUIP,BR-108,20260416,2026-04-16,2028-04-15,59400.0,0.094,24,2724.59,Medical Imaging Scanner,73072.22,BBB - Moderate Risk,Current / Performing,0,0.0
LN-10018,CUST-0155,PRD-PERS,BR-112,20240929,2024-09-29,2028-09-29,24600.0,0.13,48,659.96,Wedding & Family,0.0,CCC - Elevated Risk,Charged Off / Written Off,1,11827.26
LN-10019,CUST-0132,PRD-EDU,BR-105,20251104,2025-11-04,2035-11-04,58000.0,0.074,120,685.45,Master of Science in Data Analytics,0.0,BBB - Moderate Risk,Delinquent (31-60 DPD),0,0.0
LN-10020,CUST-0374,PRD-MORT,BR-107,20240102,2024-01-02,2044-01-02,545600.0,0.0675,240,4148.55,Refinance Existing Mortgage,841119.57,BBB - Moderate Risk,Current / Performing,0,0.0
LN-10021,CUST-0703,PRD-PERS,BR-111,20240531,2024-05-31,2028-05-31,13800.0,0.15,48,384.06,Emergency Medical Exp,0.0,CCC - Elevated Risk,Current / Performing,0,0.0
LN-10022,CUST-0130,PRD-EQUIP,BR-109,20231024,2023-10-24,2028-10-23,91800.0,0.094,60,1923.49,Warehouse Forklift Fleet,119837.91,BBB - Moderate Risk,Current / Performing,0,0.0
LN-10023,CUST-0525,PRD-EQUIP,BR-108,20230611,2023-06-11,2028-06-10,168800.0,0.094,60,3536.87,Medical Imaging Scanner,217058.85,BBB - Moderate Risk,Current / Performing,0,0.0
LN-10024,CUST-0711,PRD-MORT,BR-107,20250205,2025-02-05,2045-02-05,339900.0,0.0675,240,2584.48,Refinance Existing Mortgage,432915.01,BBB - Moderate Risk,Current / Performing,0,0.0
LN-10025,CUST-0651,PRD-PERS,BR-102,20230718,2023-07-18,2027-07-18,10200.0,0.15,48,283.87,Emergency Medical Exp,0.0,CCC - Elevated Risk,Current / Performing,0,0.0
LN-10026,CUST-0875,PRD-EQUIP,BR-110,20251018,2025-10-18,2029-10-18,107500.0,0.084,48,2644.62,Industrial CNC Machine,156180.7,AAA - Low Risk,Current / Performing,0,0.0
LN-10027,CUST-0599,PRD-AUTO,BR-108,20241221,2024-12-21,2030-12-21,35800.0,0.073,72,615.52,New EV Purchase,53274.87,AAA - Low Risk,Current / Performing,0,0.0
LN-10028,CUST-0753,PRD-SME,BR-102,20260131,2026-01-31,2033-01-30,190800.0,0.09,84,3069.8,Inventory Stocking Q4,255324.93,AAA - Low Risk,Current / Performing,0,0.0
LN-10029,CUST-0161,PRD-AUTO,BR-107,20250330,2025-03-30,2030-03-30,15200.0,0.123,60,340.42,Certified Pre-Owned Luxury Car,22698.47,DDD - High Default Probability,Current / Performing,0,0.0
LN-10030,CUST-0024,PRD-PERS,BR-104,20260602,2026-06-02,2030-06-02,8300.0,0.15,48,231.0,Wedding & Family,0.0,CCC - Elevated Risk,Delinquent (31-60 DPD),0,0.0
LN-10031,CUST-0246,PRD-AUTO,BR-102,20250825,2025-08-25,2029-08-25,31100.0,0.083,48,763.63,Certified Pre-Owned Luxury Car,36672.06,BBB - Moderate Risk,Current / Performing,0,0.0
LN-10032,CUST-0986,PRD-MORT,BR-112,20230115,2023-01-15,2043-01-15,643300.0,0.0675,240,4891.42,Refinance Existing Mortgage,990796.65,BBB - Moderate Risk,Current / Performing,0,0.0
LN-10033,CUST-0843,PRD-EQUIP,BR-108,20230323,2023-03-23,2028-03-22,86900.0,0.114,60,1906.8,Medical Imaging Scanner,124542.53,CCC - Elevated Risk,Current / Performing,0,0.0
LN-10034,CUST-0338,PRD-EQUIP,BR-109,20230601,2023-06-01,2028-05-31,164400.0,0.114,60,3607.34,Warehouse Forklift Fleet,244730.13,CCC - Elevated Risk,Current / Performing,0,0.0
LN-10035,CUST-0315,PRD-EQUIP,BR-105,20231121,2023-11-21,2028-11-20,98700.0,0.084,60,2020.23,Warehouse Forklift Fleet,143408.67,AAA - Low Risk,Current / Performing,0,0.0
LN-10036,CUST-0530,PRD-SME,BR-108,20250903,2025-09-03,2028-09-02,439000.0,0.09,36,13960.08,Inventory Stocking Q4,620838.6,AAA - Low Risk,Current / Performing,0,0.0
LN-10037,CUST-0797,PRD-EQUIP,BR-101,20230902,2023-09-02,2027-09-02,80300.0,0.114,48,2091.03,Warehouse Forklift Fleet,112920.56,DDD - High Default Probability,Current / Performing,0,0.0
LN-10038,CUST-0867,PRD-EQUIP,BR-103,20260106,2026-01-06,2028-01-06,175400.0,0.094,24,8045.33,Industrial CNC Machine,236962.73,BBB - Moderate Risk,Current / Performing,0,0.0
LN-10039,CUST-0940,PRD-MORT,BR-103,20230929,2023-09-29,2053-09-28,396800.0,0.0675,360,2573.64,Primary Residence Purchase,496957.8,CCC - Elevated Risk,Current / Performing,0,0.0
LN-10040,CUST-0583,PRD-MORT,BR-107,20260406,2026-04-06,2046-04-06,759700.0,0.0575,240,5333.73,Primary Residence Purchase,1119791.46,CCC - Elevated Risk,Current / Performing,0,0.0
LN-10041,CUST-0889,PRD-EDU,BR-104,20240524,2024-05-24,2031-05-24,29300.0,0.064,84,433.67,Medical Residency Program,0.0,AAA - Low Risk,Current / Performing,0,0.0
LN-10042,CUST-0654,PRD-EQUIP,BR-101,20260108,2026-01-08,2029-01-07,55000.0,0.114,36,1811.07,Industrial CNC Machine,82130.6,CCC - Elevated Risk,Current / Performing,0,0.0
LN-10043,CUST-0161,PRD-PERS,BR-107,20251123,2025-11-23,2029-11-23,23900.0,0.17,48,689.64,Wedding & Family,0.0,DDD - High Default Probability,Current / Performing,0,0.0
LN-10044,CUST-0781,PRD-SME,BR-105,20230424,2023-04-24,2030-04-23,191400.0,0.09,84,3079.45,Inventory Stocking Q4,304085.52,AAA - Low Risk,Current / Performing,0,0.0
LN-10045,CUST-0877,PRD-PERS,BR-106,20230807,2023-08-07,2025-08-06,10800.0,0.13,24,513.45,Emergency Medical Exp,0.0,BBB - Moderate Risk,Fully Paid,0,0.0
LN-10046,CUST-0551,PRD-PERS,BR-106,20250616,2025-06-16,2029-06-16,6600.0,0.12,48,173.8,Home Renovation,0.0,AAA - Low Risk,Current / Performing,0,0.0
LN-10047,CUST-0299,PRD-EQUIP,BR-105,20230214,2023-02-14,2026-02-13,144700.0,0.094,36,4628.41,Industrial CNC Machine,223102.28,BBB - Moderate Risk,Fully Paid,0,0.0
LN-10048,CUST-0619,PRD-EQUIP,BR-107,20230217,2023-02-17,2026-02-16,43500.0,0.134,36,1474.08,Warehouse Forklift Fleet,58390.0,DDD - High Default Probability,Fully Paid,0,0.0
LN-10049,CUST-0650,PRD-MORT,BR-105,20230604,2023-06-04,2043-06-04,833200.0,0.0675,240,6335.35,Primary Residence Purchase,1157559.01,CCC - Elevated Risk,Current / Performing,0,0.0
LN-10050,CUST-0664,PRD-EDU,BR-106,20241126,2024-11-26,2034-11-26,46900.0,0.064,120,530.16,Medical Residency Program,0.0,AAA - Low Risk,Delinquent (31-60 DPD),0,0.0
LN-10051,CUST-0670,PRD-EQUIP,BR-105,20240215,2024-02-15,2029-02-14,163500.0,0.134,60,3753.69,Medical Imaging Scanner,251832.41,DDD - High Default Probability,In Default (90+ DPD),1,0.0
LN-10052,CUST-0951,PRD-AUTO,BR-108,20240303,2024-03-03,2028-03-03,30100.0,0.103,48,767.76,Certified Pre-Owned Luxury Car,48038.14,CCC - Elevated Risk,Delinquent (31-60 DPD),0,0.0
LN-10053,CUST-0790,PRD-SME,BR-105,20260423,2026-04-23,2028-04-22,87100.0,0.09,24,3979.14,Inventory Stocking Q4,120025.24,CCC - Elevated Risk,Current / Performing,0,0.0
LN-10054,CUST-0468,PRD-MORT,BR-103,20230115,2023-01-15,2043-01-15,722200.0,0.0575,240,5070.45,Refinance Existing Mortgage,1143030.23,BBB - Moderate Risk,Current / Performing,0,0.0
LN-10055,CUST-0145,PRD-AUTO,BR-110,20231230,2023-12-30,2026-12-29,21400.0,0.073,36,663.71,New EV Purchase,25960.32,AAA - Low Risk,Fully Paid,0,0.0
LN-10056,CUST-0685,PRD-AUTO,BR-107,20250117,2025-01-17,2028-01-17,54300.0,0.073,36,1684.08,New EV Purchase,74602.77,AAA - Low Risk,Current / Performing,0,0.0
LN-10057,CUST-0538,PRD-AUTO,BR-106,20231120,2023-11-20,2026-11-19,15700.0,0.073,36,486.93,New EV Purchase,18705.86,BBB - Moderate Risk,Fully Paid,0,0.0
LN-10058,CUST-0673,PRD-EDU,BR-110,20250118,2025-01-18,2029-01-18,43400.0,0.074,48,1047.34,Medical Residency Program,0.0,CCC - Elevated Risk,Current / Performing,0,0.0
LN-10059,CUST-0309,PRD-PERS,BR-103,20250804,2025-08-04,2029-08-04,19500.0,0.12,48,513.51,Emergency Medical Exp,0.0,AAA - Low Risk,Current / Performing,0,0.0
LN-10060,CUST-0814,PRD-AUTO,BR-110,20231128,2023-11-28,2029-11-27,31100.0,0.103,72,580.87,Fleet Commercial Van,42493.47,CCC - Elevated Risk,Current / Performing,0,0.0
LN-10061,CUST-0350,PRD-SME,BR-105,20260129,2026-01-29,2033-01-28,315300.0,0.14,84,5908.73,Technology & IT Modernization,470891.47,DDD - High Default Probability,Charged Off / Written Off,1,186636.01
LN-10062,CUST-0447,PRD-EDU,BR-107,20230619,2023-06-19,2033-06-18,22800.0,0.074,120,269.45,Medical Residency Program,0.0,BBB - Moderate Risk,Current / Performing,0,0.0
LN-10063,CUST-0544,PRD-AUTO,BR-103,20250205,2025-02-05,2028-02-05,20000.0,0.103,36,648.16,New EV Purchase,28714.17,CCC - Elevated Risk,Current / Performing,0,0.0
LN-10064,CUST-0739,PRD-PERS,BR-110,20230101,2023-01-01,2024-12-31,11000.0,0.12,24,517.81,Emergency Medical Exp,0.0,AAA - Low Risk,Fully Paid,0,0.0
LN-10065,CUST-0255,PRD-PERS,BR-103,20230525,2023-05-25,2027-05-25,33800.0,0.13,48,906.77,Emergency Medical Exp,0.0,BBB - Moderate Risk,Current / Performing,0,0.0
LN-10066,CUST-0677,PRD-SME,BR-105,20240903,2024-09-03,2026-09-03,266500.0,0.12,24,12545.08,New Branch Expansion,324904.67,CCC - Elevated Risk,Fully Paid,0,0.0
LN-10067,CUST-0299,PRD-AUTO,BR-105,20251206,2025-12-06,2028-12-05,19400.0,0.083,36,610.61,Fleet Commercial Van,27576.95,BBB - Moderate Risk,Current / Performing,0,0.0
LN-10068,CUST-0683,PRD-PERS,BR-102,20241231,2024-12-31,2026-12-31,3400.0,0.12,24,160.05,Wedding & Family,0.0,AAA - Low Risk,Fully Paid,0,0.0
LN-10069,CUST-0617,PRD-MORT,BR-111,20260424,2026-04-24,2046-04-24,574200.0,0.1075,240,5829.44,Primary Residence Purchase,910123.26,DDD - High Default Probability,Under Restructuring,1,0.0
LN-10070,CUST-0644,PRD-EQUIP,BR-103,20250603,2025-06-03,2027-06-03,58500.0,0.084,24,2656.48,Industrial CNC Machine,67910.6,AAA - Low Risk,Current / Performing,0,0.0
LN-10071,CUST-0651,PRD-PERS,BR-102,20231125,2023-11-25,2027-11-25,20900.0,0.15,48,581.66,Emergency Medical Exp,0.0,CCC - Elevated Risk,Current / Performing,0,0.0
LN-10072,CUST-0416,PRD-PERS,BR-110,20251015,2025-10-15,2028-10-14,27200.0,0.15,36,942.9,Home Renovation,0.0,CCC - Elevated Risk,Current / Performing,0,0.0
LN-10073,CUST-0552,PRD-AUTO,BR-107,20250326,2025-03-26,2028-03-25,24900.0,0.073,36,772.26,New EV Purchase,36609.21,AAA - Low Risk,Current / Performing,0,0.0
LN-10074,CUST-0332,PRD-AUTO,BR-105,20250625,2025-06-25,2028-06-24,27300.0,0.083,36,859.27,New EV Purchase,39595.5,BBB - Moderate Risk,Current / Performing,0,0.0
LN-10075,CUST-0582,PRD-AUTO,BR-101,20250424,2025-04-24,2028-04-23,57400.0,0.073,36,1780.23,Fleet Commercial Van,76332.1,BBB - Moderate Risk,Delinquent (31-60 DPD),0,0.0
LN-10076,CUST-0881,PRD-EQUIP,BR-101,20240520,2024-05-20,2029-05-20,114700.0,0.094,60,2403.31,Industrial CNC Machine,182539.88,BBB - Moderate Risk,Current / Performing,0,0.0
LN-10077,CUST-0634,PRD-SME,BR-111,20251015,2025-10-15,2032-10-14,75900.0,0.09,84,1221.16,Inventory Stocking Q4,88040.34,AAA - Low Risk,Current / Performing,0,0.0
LN-10078,CUST-0966,PRD-AUTO,BR-108,20250322,2025-03-22,2029-03-22,48100.0,0.083,48,1181.05,Certified Pre-Owned Luxury Car,66968.57,CCC - Elevated Risk,Current / Performing,0,0.0
LN-10079,CUST-0073,PRD-EDU,BR-107,20230511,2023-05-11,2033-05-10,39000.0,0.074,120,460.9,Master of Science in Data Analytics,0.0,BBB - Moderate Risk,Current / Performing,0,0.0
LN-10080,CUST-0486,PRD-AUTO,BR-104,20241204,2024-12-04,2027-12-04,19800.0,0.073,36,614.09,Certified Pre-Owned Luxury Car,24350.73,AAA - Low Risk,Current / Performing,0,0.0
LN-10081,CUST-0383,PRD-MORT,BR-109,20231212,2023-12-12,2043-12-12,826300.0,0.0575,240,5801.32,Investment Property Buy,954922.12,AAA - Low Risk,Current / Performing,0,0.0
LN-10082,CUST-0384,PRD-EDU,BR-110,20231229,2023-12-29,2033-12-28,59400.0,0.114,120,831.74,Master of Science in Data Analytics,0.0,DDD - High Default Probability,Current / Performing,0,0.0
LN-10083,CUST-0510,PRD-AUTO,BR-108,20260520,2026-05-20,2029-05-19,64900.0,0.083,36,2042.72,Certified Pre-Owned Luxury Car,102023.98,BBB - Moderate Risk,Current / Performing,0,0.0
LN-10084,CUST-0944,PRD-SME,BR-103,20260425,2026-04-25,2028-04-24,389100.0,0.1,24,17954.99,Working Capital Expansion,563642.74,BBB - Moderate Risk,Current / Performing,0,0.0
LN-10085,CUST-0025,PRD-SME,BR-111,20230802,2023-08-02,2030-08-01,274500.0,0.1,84,4557.03,New Branch Expansion,353461.0,BBB - Moderate Risk,Current / Performing,0,0.0
LN-10086,CUST-0049,PRD-PERS,BR-110,20250227,2025-02-27,2029-02-27,14300.0,0.12,48,376.57,Debt Consolidation,0.0,CCC - Elevated Risk,Current / Performing,0,0.0
LN-10087,CUST-0212,PRD-EDU,BR-112,20230201,2023-02-01,2027-02-01,74500.0,0.094,48,1868.12,Master of Science in Data Analytics,0.0,CCC - Elevated Risk,Current / Performing,0,0.0
LN-10088,CUST-0685,PRD-PERS,BR-107,20250515,2025-05-15,2029-05-15,9600.0,0.12,48,252.8,Emergency Medical Exp,0.0,AAA - Low Risk,Current / Performing,0,0.0
LN-10089,CUST-0073,PRD-EQUIP,BR-107,20230823,2023-08-23,2025-08-22,49600.0,0.094,24,2275.08,Warehouse Forklift Fleet,58524.29,BBB - Moderate Risk,Fully Paid,0,0.0
LN-10090,CUST-0207,PRD-MORT,BR-102,20260210,2026-02-10,2046-02-10,330500.0,0.0675,240,2513.0,Investment Property Buy,528139.43,BBB - Moderate Risk,Current / Performing,0,0.0
LN-10091,CUST-0786,PRD-AUTO,BR-105,20240306,2024-03-06,2030-03-06,17200.0,0.123,72,338.95,New EV Purchase,27122.08,DDD - High Default Probability,Delinquent (31-60 DPD),0,0.0
LN-10092,CUST-0893,PRD-SME,BR-101,20230523,2023-05-23,2027-05-23,290700.0,0.1,48,7372.9,Technology & IT Modernization,407149.74,BBB - Moderate Risk,Delinquent (61-90 DPD),1,0.0
LN-10093,CUST-0060,PRD-SME,BR-101,20260307,2026-03-07,2028-03-06,392800.0,0.09,24,17944.97,Working Capital Expansion,551348.79,AAA - Low Risk,Current / Performing,0,0.0
LN-10094,CUST-0942,PRD-AUTO,BR-109,20250719,2025-07-19,2031-07-19,59000.0,0.073,72,1014.41,New EV Purchase,71684.02,BBB - Moderate Risk,Current / Performing,0,0.0
LN-10095,CUST-0642,PRD-PERS,BR-111,20240302,2024-03-02,2028-03-02,16500.0,0.15,48,459.21,Wedding & Family,0.0,CCC - Elevated Risk,Current / Performing,0,0.0
LN-10096,CUST-0922,PRD-SME,BR-112,20260127,2026-01-27,2033-01-26,199900.0,0.14,84,3746.13,Technology & IT Modernization,249091.62,DDD - High Default Probability,In Default (90+ DPD),1,0.0
LN-10097,CUST-0053,PRD-AUTO,BR-102,20240320,2024-03-20,2030-03-20,42600.0,0.073,72,732.44,New EV Purchase,61635.52,CCC - Elevated Risk,Current / Performing,0,0.0
LN-10098,CUST-0252,PRD-EQUIP,BR-102,20230925,2023-09-25,2028-09-24,74000.0,0.084,60,1514.66,Medical Imaging Scanner,102768.58,CCC - Elevated Risk,Current / Performing,0,0.0
LN-10099,CUST-0068,PRD-PERS,BR-108,20241008,2024-10-08,2028-10-08,18200.0,0.12,48,479.28,Home Renovation,0.0,CCC - Elevated Risk,Current / Performing,0,0.0
LN-10100,CUST-0117,PRD-EQUIP,BR-101,20231028,2023-10-28,2028-10-27,40000.0,0.084,60,818.73,Industrial CNC Machine,48440.78,AAA - Low Risk,Current / Performing,0,0.0
LN-10101,CUST-0088,PRD-PERS,BR-105,20230522,2023-05-22,2026-05-21,7300.0,0.12,36,242.46,Emergency Medical Exp,0.0,AAA - Low Risk,Fully Paid,0,0.0
LN-10102,CUST-0913,PRD-EDU,BR-106,20250505,2025-05-05,2029-05-05,35600.0,0.064,48,842.61,MBA Program Tuition,0.0,CCC - Elevated Risk,Current / Performing,0,0.0
LN-10103,CUST-0676,PRD-MORT,BR-110,20241112,2024-11-12,2054-11-12,220400.0,0.0675,360,1429.51,Investment Property Buy,254519.03,BBB - Moderate Risk,Current / Performing,0,0.0
LN-10104,CUST-0355,PRD-EQUIP,BR-103,20240619,2024-06-19,2029-06-19,54900.0,0.094,60,1150.32,Warehouse Forklift Fleet,69723.14,CCC - Elevated Risk,Delinquent (31-60 DPD),0,0.0
LN-10105,CUST-0798,PRD-MORT,BR-104,20230604,2023-06-04,2043-06-04,670000.0,0.0675,240,5094.44,Investment Property Buy,1013806.35,BBB - Moderate Risk,Current / Performing,0,0.0
LN-10106,CUST-0736,PRD-MORT,BR-103,20230108,2023-01-08,2043-01-08,714500.0,0.0675,240,5432.8,Primary Residence Purchase,889265.68,BBB - Moderate Risk,Current / Performing,0,0.0
LN-10107,CUST-0082,PRD-AUTO,BR-108,20240209,2024-02-09,2029-02-08,22200.0,0.083,60,453.33,Fleet Commercial Van,31278.59,BBB - Moderate Risk,Current / Performing,0,0.0
LN-10108,CUST-0354,PRD-EQUIP,BR-112,20240508,2024-05-08,2029-05-08,26100.0,0.084,60,534.22,Medical Imaging Scanner,32970.84,CCC - Elevated Risk,Current / Performing,0,0.0
LN-10109,CUST-0939,PRD-PERS,BR-104,20260525,2026-05-25,2028-05-24,21200.0,0.13,24,1007.89,Emergency Medical Exp,0.0,BBB - Moderate Risk,Current / Performing,0,0.0
LN-10110,CUST-0333,PRD-SME,BR-110,20250807,2025-08-07,2032-08-06,230900.0,0.09,84,3714.97,Inventory Stocking Q4,342202.26,BBB - Moderate Risk,Delinquent (31-60 DPD),0,0.0
LN-10111,CUST-0017,PRD-SME,BR-104,20250825,2025-08-25,2028-08-24,158400.0,0.14,36,5413.74,Inventory Stocking Q4,183705.4,DDD - High Default Probability,Current / Performing,0,0.0
LN-10112,CUST-0623,PRD-PERS,BR-103,20231017,2023-10-17,2027-10-17,19600.0,0.13,48,525.82,Wedding & Family,0.0,CCC - Elevated Risk,Current / Performing,0,0.0
LN-10113,CUST-0379,PRD-EDU,BR-102,20250827,2025-08-27,2029-08-27,11200.0,0.074,48,270.28,MBA Program Tuition,0.0,BBB - Moderate Risk,Current / Performing,0,0.0
LN-10114,CUST-0330,PRD-EQUIP,BR-103,20260318,2026-03-18,2030-03-18,134800.0,0.094,48,3380.17,Medical Imaging Scanner,169397.5,BBB - Moderate Risk,Current / Performing,0,0.0
LN-10115,CUST-0461,PRD-SME,BR-107,20240131,2024-01-31,2029-01-30,334800.0,0.12,60,7447.44,Technology & IT Modernization,512745.45,DDD - High Default Probability,In Default (90+ DPD),1,0.0
LN-10116,CUST-0550,PRD-AUTO,BR-110,20240121,2024-01-21,2027-01-20,29800.0,0.083,36,937.95,New EV Purchase,44132.99,BBB - Moderate Risk,Current / Performing,0,0.0
LN-10117,CUST-0932,PRD-AUTO,BR-104,20250703,2025-07-03,2031-07-03,42800.0,0.083,72,756.71,Fleet Commercial Van,57774.12,BBB - Moderate Risk,Delinquent (31-60 DPD),0,0.0
LN-10118,CUST-0385,PRD-EDU,BR-110,20230222,2023-02-22,2033-02-21,55200.0,0.094,120,711.26,MBA Program Tuition,0.0,CCC - Elevated Risk,Current / Performing,0,0.0
LN-10119,CUST-0168,PRD-EQUIP,BR-101,20240426,2024-04-26,2026-04-26,142000.0,0.084,24,6448.21,Warehouse Forklift Fleet,184908.3,BBB - Moderate Risk,Fully Paid,0,0.0
LN-10120,CUST-0268,PRD-AUTO,BR-110,20240505,2024-05-05,2027-05-05,47200.0,0.103,36,1529.67,Fleet Commercial Van,54794.54,CCC - Elevated Risk,Current / Performing,0,0.0
LN-10121,CUST-0686,PRD-EQUIP,BR-110,20250429,2025-04-29,2030-04-29,35500.0,0.094,60,743.83,Industrial CNC Machine,50244.96,BBB - Moderate Risk,Current / Performing,0,0.0
LN-10122,CUST-0524,PRD-SME,BR-108,20231124,2023-11-24,2027-11-24,351700.0,0.14,48,9610.72,Technology & IT Modernization,457392.39,DDD - High Default Probability,Current / Performing,0,0.0
LN-10123,CUST-0205,PRD-EDU,BR-102,20240903,2024-09-03,2028-09-03,72100.0,0.074,48,1739.94,MBA Program Tuition,0.0,BBB - Moderate Risk,Current / Performing,0,0.0
LN-10124,CUST-0469,PRD-SME,BR-109,20260517,2026-05-17,2029-05-16,418300.0,0.09,36,13301.83,New Branch Expansion,586612.81,AAA - Low Risk,Delinquent (61-90 DPD),1,0.0
LN-10125,CUST-0747,PRD-EDU,BR-108,20231123,2023-11-23,2027-11-23,13700.0,0.114,48,356.75,Master of Science in Data Analytics,0.0,DDD - High Default Probability,Delinquent (61-90 DPD),1,0.0
LN-10126,CUST-0652,PRD-EQUIP,BR-111,20230304,2023-03-04,2028-03-03,52100.0,0.094,60,1091.65,Industrial CNC Machine,61933.5,BBB - Moderate Risk,Current / Performing,0,0.0
LN-10127,CUST-0423,PRD-AUTO,BR-111,20230128,2023-01-28,2026-01-27,47800.0,0.083,36,1504.5,Certified Pre-Owned Luxury Car,70239.99,BBB - Moderate Risk,Fully Paid,0,0.0
LN-10128,CUST-0501,PRD-AUTO,BR-108,20230407,2023-04-07,2028-04-06,33200.0,0.083,60,677.95,Fleet Commercial Van,43667.42,BBB - Moderate Risk,Current / Performing,0,0.0
LN-10129,CUST-0770,PRD-SME,BR-112,20260115,2026-01-15,2033-01-14,194100.0,0.1,84,3222.29,New Branch Expansion,230765.59,BBB - Moderate Risk,Current / Performing,0,0.0
LN-10130,CUST-0763,PRD-AUTO,BR-103,20260320,2026-03-20,2029-03-19,63900.0,0.103,36,2070.89,New EV Purchase,97198.83,CCC - Elevated Risk,Current / Performing,0,0.0
LN-10131,CUST-0334,PRD-EQUIP,BR-104,20250203,2025-02-03,2030-02-03,170200.0,0.094,60,3566.2,Medical Imaging Scanner,246041.35,CCC - Elevated Risk,Current / Performing,0,0.0
LN-10132,CUST-0508,PRD-AUTO,BR-109,20230528,2023-05-28,2028-05-27,27100.0,0.083,60,553.39,Certified Pre-Owned Luxury Car,34858.35,BBB - Moderate Risk,Current / Performing,0,0.0
LN-10133,CUST-0715,PRD-EDU,BR-110,20240906,2024-09-06,2031-09-06,37100.0,0.064,84,549.12,Master of Science in Data Analytics,0.0,AAA - Low Risk,Current / Performing,0,0.0
LN-10134,CUST-0433,PRD-EQUIP,BR-108,20260417,2026-04-17,2031-04-17,172100.0,0.114,60,3776.29,Medical Imaging Scanner,235886.94,CCC - Elevated Risk,In Default (90+ DPD),1,0.0
LN-10135,CUST-0647,PRD-MORT,BR-103,20250720,2025-07-20,2045-07-20,686900.0,0.1075,240,6973.61,Primary Residence Purchase,976513.48,DDD - High Default Probability,Current / Performing,0,0.0
LN-10136,CUST-0282,PRD-EQUIP,BR-102,20260303,2026-03-03,2031-03-03,149200.0,0.084,60,3053.88,Medical Imaging Scanner,215469.57,AAA - Low Risk,Current / Performing,0,0.0
LN-10137,CUST-0006,PRD-SME,BR-101,20231228,2023-12-28,2030-12-27,67500.0,0.1,84,1120.58,Inventory Stocking Q4,84411.46,CCC - Elevated Risk,Current / Performing,0,0.0
LN-10138,CUST-0022,PRD-EQUIP,BR-110,20251211,2025-12-11,2030-12-11,123400.0,0.114,60,2707.7,Industrial CNC Machine,165156.22,CCC - Elevated Risk,Charged Off / Written Off,1,80305.84
LN-10139,CUST-0166,PRD-MORT,BR-102,20260314,2026-03-14,2046-03-14,632000.0,0.0875,240,5585.05,Refinance Existing Mortgage,914464.74,DDD - High Default Probability,Current / Performing,0,0.0
LN-10140,CUST-0013,PRD-MORT,BR-104,20251210,2025-12-10,2045-12-10,580600.0,0.0575,240,4076.3,Primary Residence Purchase,746944.72,AAA - Low Risk,Current / Performing,0,0.0
LN-10141,CUST-0879,PRD-EDU,BR-105,20231025,2023-10-25,2027-10-25,43400.0,0.114,48,1130.14,Master of Science in Data Analytics,0.0,DDD - High Default Probability,Current / Performing,0,0.0
LN-10142,CUST-0401,PRD-SME,BR-111,20260526,2026-05-26,2030-05-26,349400.0,0.12,48,9201.04,Inventory Stocking Q4,477180.68,CCC - Elevated Risk,Current / Performing,0,0.0
LN-10143,CUST-0914,PRD-AUTO,BR-108,20230323,2023-03-23,2029-03-22,28900.0,0.103,72,539.78,Certified Pre-Owned Luxury Car,39275.91,CCC - Elevated Risk,Delinquent (31-60 DPD),0,0.0
LN-10144,CUST-0677,PRD-EDU,BR-105,20231009,2023-10-09,2033-10-08,33600.0,0.094,120,432.94,Medical Residency Program,0.0,CCC - Elevated Risk,Current / Performing,0,0.0
LN-10145,CUST-0314,PRD-AUTO,BR-102,20241117,2024-11-17,2030-11-17,48800.0,0.083,72,862.79,Certified Pre-Owned Luxury Car,61915.47,BBB - Moderate Risk,Current / Performing,0,0.0
LN-10146,CUST-0742,PRD-EQUIP,BR-103,20240819,2024-08-19,2028-08-19,56900.0,0.094,48,1426.79,Medical Imaging Scanner,86697.12,BBB - Moderate Risk,Current / Performing,0,0.0
LN-10147,CUST-0194,PRD-PERS,BR-109,20251010,2025-10-10,2029-10-10,32900.0,0.15,48,915.63,Emergency Medical Exp,0.0,CCC - Elevated Risk,Current / Performing,0,0.0
LN-10148,CUST-0072,PRD-PERS,BR-101,20230809,2023-08-09,2027-08-09,20100.0,0.12,48,529.31,Home Renovation,0.0,BBB - Moderate Risk,Delinquent (31-60 DPD),0,0.0
LN-10149,CUST-0274,PRD-EDU,BR-112,20241225,2024-12-25,2028-12-25,20600.0,0.094,48,516.55,Medical Residency Program,0.0,CCC - Elevated Risk,Current / Performing,0,0.0
LN-10150,CUST-0248,PRD-SME,BR-102,20260602,2026-06-02,2029-06-01,406800.0,0.09,36,12936.13,Inventory Stocking Q4,518979.9,CCC - Elevated Risk,Under Restructuring,1,0.0
LN-10151,CUST-0757,PRD-SME,BR-104,20250217,2025-02-17,2027-02-17,266500.0,0.09,24,12174.98,Technology & IT Modernization,331075.07,CCC - Elevated Risk,Current / Performing,0,0.0
LN-10152,CUST-0414,PRD-AUTO,BR-109,20240322,2024-03-22,2030-03-22,32700.0,0.083,72,578.14,Certified Pre-Owned Luxury Car,41265.59,BBB - Moderate Risk,Current / Performing,0,0.0
LN-10153,CUST-0457,PRD-SME,BR-106,20230703,2023-07-03,2030-07-02,152000.0,0.09,84,2445.54,Inventory Stocking Q4,193207.92,AAA - Low Risk,Current / Performing,0,0.0
LN-10154,CUST-0631,PRD-EQUIP,BR-112,20260206,2026-02-06,2028-02-06,63800.0,0.114,24,2985.44,Medical Imaging Scanner,100128.01,CCC - Elevated Risk,Current / Performing,0,0.0
LN-10155,CUST-0965,PRD-EQUIP,BR-109,20231227,2023-12-27,2028-12-26,109900.0,0.084,60,2249.47,Warehouse Forklift Fleet,170643.37,AAA - Low Risk,Current / Performing,0,0.0
LN-10156,CUST-0252,PRD-MORT,BR-102,20241028,2024-10-28,2044-10-28,698100.0,0.0575,240,4901.24,Investment Property Buy,1058310.94,CCC - Elevated Risk,Delinquent (31-60 DPD),0,0.0
LN-10157,CUST-0166,PRD-EQUIP,BR-102,20260526,2026-05-26,2028-05-25,35400.0,0.114,24,1656.5,Warehouse Forklift Fleet,42874.95,DDD - High Default Probability,Current / Performing,0,0.0
LN-10158,CUST-0768,PRD-SME,BR-103,20240529,2024-05-29,2031-05-29,424700.0,0.12,84,7497.12,Inventory Stocking Q4,584565.0,CCC - Elevated Risk,Current / Performing,0,0.0
LN-10159,CUST-0769,PRD-AUTO,BR-102,20250710,2025-07-10,2028-07-09,47500.0,0.083,36,1495.06,Certified Pre-Owned Luxury Car,63097.21,BBB - Moderate Risk,Delinquent (31-60 DPD),0,0.0
LN-10160,CUST-0384,PRD-MORT,BR-110,20241218,2024-12-18,2044-12-18,791100.0,0.1075,240,8031.48,Investment Property Buy,1220232.83,DDD - High Default Probability,Charged Off / Written Off,1,442737.91
LN-10161,CUST-0199,PRD-PERS,BR-112,20251103,2025-11-03,2028-11-02,3400.0,0.17,36,121.22,Debt Consolidation,0.0,DDD - High Default Probability,Under Restructuring,1,0.0
LN-10162,CUST-0600,PRD-MORT,BR-110,20250616,2025-06-16,2045-06-16,481700.0,0.0575,240,3381.94,Investment Property Buy,561792.34,AAA - Low Risk,Current / Performing,0,0.0
LN-10163,CUST-0404,PRD-AUTO,BR-107,20230327,2023-03-27,2026-03-26,30100.0,0.073,36,933.53,New EV Purchase,37249.41,AAA - Low Risk,Fully Paid,0,0.0
LN-10164,CUST-0170,PRD-EQUIP,BR-102,20251007,2025-10-07,2027-10-07,37400.0,0.084,24,1698.33,Warehouse Forklift Fleet,56670.74,BBB - Moderate Risk,Current / Performing,0,0.0
LN-10165,CUST-0286,PRD-EDU,BR-101,20240517,2024-05-17,2028-05-17,67000.0,0.074,48,1616.86,MBA Program Tuition,0.0,BBB - Moderate Risk,Current / Performing,0,0.0
LN-10166,CUST-0476,PRD-AUTO,BR-102,20230721,2023-07-21,2029-07-20,40300.0,0.083,72,712.51,Certified Pre-Owned Luxury Car,59810.66,BBB - Moderate Risk,Current / Performing,0,0.0
LN-10167,CUST-0380,PRD-MORT,BR-107,20240922,2024-09-22,2044-09-22,516200.0,0.0575,240,3624.16,Refinance Existing Mortgage,809156.91,CCC - Elevated Risk,Current / Performing,0,0.0
LN-10168,CUST-0439,PRD-SME,BR-109,20230709,2023-07-09,2026-07-08,446700.0,0.09,36,14204.94,Working Capital Expansion,608424.9,AAA - Low Risk,Fully Paid,0,0.0
LN-10169,CUST-0041,PRD-EDU,BR-105,20230101,2023-01-01,2027-01-01,65300.0,0.074,48,1575.84,MBA Program Tuition,0.0,BBB - Moderate Risk,Fully Paid,0,0.0
LN-10170,CUST-0509,PRD-EDU,BR-101,20240403,2024-04-03,2029-04-03,12200.0,0.094,60,255.63,MBA Program Tuition,0.0,DDD - High Default Probability,Current / Performing,0,0.0
LN-10171,CUST-0159,PRD-MORT,BR-110,20230612,2023-06-12,2043-06-12,582000.0,0.0675,240,4425.32,Primary Residence Purchase,707977.38,CCC - Elevated Risk,Current / Performing,0,0.0
LN-10172,CUST-0727,PRD-AUTO,BR-110,20250827,2025-08-27,2028-08-26,33200.0,0.083,36,1044.97,Certified Pre-Owned Luxury Car,41040.84,CCC - Elevated Risk,In Default (90+ DPD),1,0.0
LN-10173,CUST-0990,PRD-SME,BR-104,20241024,2024-10-24,2031-10-24,103200.0,0.12,84,1821.76,Technology & IT Modernization,153290.86,CCC - Elevated Risk,Current / Performing,0,0.0
LN-10174,CUST-0619,PRD-SME,BR-107,20240723,2024-07-23,2028-07-23,338300.0,0.14,48,9244.55,New Branch Expansion,394898.3,DDD - High Default Probability,Charged Off / Written Off,1,243614.68
LN-10175,CUST-0879,PRD-EQUIP,BR-105,20251031,2025-10-31,2030-10-31,107300.0,0.134,60,2463.43,Medical Imaging Scanner,171372.48,DDD - High Default Probability,Current / Performing,0,0.0
LN-10176,CUST-0811,PRD-MORT,BR-101,20250829,2025-08-29,2045-08-29,803900.0,0.0575,240,5644.05,Investment Property Buy,1131371.83,BBB - Moderate Risk,Current / Performing,0,0.0
LN-10177,CUST-0407,PRD-MORT,BR-105,20250530,2025-05-30,2045-05-30,823100.0,0.1075,240,8356.35,Refinance Existing Mortgage,1144821.75,DDD - High Default Probability,Delinquent (31-60 DPD),0,0.0
LN-10178,CUST-0241,PRD-SME,BR-111,20260222,2026-02-22,2033-02-21,120900.0,0.1,84,2007.08,Inventory Stocking Q4,139808.17,CCC - Elevated Risk,Current / Performing,0,0.0
LN-10179,CUST-0784,PRD-PERS,BR-110,20240925,2024-09-25,2028-09-25,25100.0,0.12,48,660.98,Debt Consolidation,0.0,BBB - Moderate Risk,Current / Performing,0,0.0
LN-10180,CUST-0548,PRD-SME,BR-101,20251112,2025-11-12,2027-11-12,242500.0,0.09,24,11078.55,Technology & IT Modernization,364592.36,BBB - Moderate Risk,Current / Performing,0,0.0
LN-10181,CUST-0835,PRD-EQUIP,BR-101,20251231,2025-12-31,2029-12-31,99200.0,0.084,48,2440.43,Medical Imaging Scanner,129765.72,BBB - Moderate Risk,Current / Performing,0,0.0
LN-10182,CUST-0673,PRD-SME,BR-110,20260215,2026-02-15,2033-02-14,204900.0,0.1,84,3401.58,Technology & IT Modernization,253994.22,CCC - Elevated Risk,Charged Off / Written Off,1,99301.96
LN-10183,CUST-0883,PRD-SME,BR-108,20230624,2023-06-24,2026-06-23,387200.0,0.09,36,12312.86,Working Capital Expansion,548584.37,AAA - Low Risk,Fully Paid,0,0.0
LN-10184,CUST-0962,PRD-PERS,BR-107,20231008,2023-10-08,2027-10-08,29100.0,0.12,48,766.31,Home Renovation,0.0,CCC - Elevated Risk,Current / Performing,0,0.0
LN-10185,CUST-0103,PRD-PERS,BR-107,20230821,2023-08-21,2025-08-20,34200.0,0.13,24,1625.93,Emergency Medical Exp,0.0,BBB - Moderate Risk,Fully Paid,0,0.0
LN-10186,CUST-0892,PRD-EQUIP,BR-109,20260123,2026-01-23,2031-01-23,165500.0,0.134,60,3799.61,Medical Imaging Scanner,212484.74,DDD - High Default Probability,Current / Performing,0,0.0
LN-10187,CUST-0416,PRD-EDU,BR-110,20230807,2023-08-07,2028-08-06,21100.0,0.094,60,442.11,Medical Residency Program,0.0,CCC - Elevated Risk,Current / Performing,0,0.0
LN-10188,CUST-0245,PRD-SME,BR-103,20230111,2023-01-11,2030-01-10,400000.0,0.12,84,7061.09,Inventory Stocking Q4,548677.51,DDD - High Default Probability,Charged Off / Written Off,1,197981.35
LN-10189,CUST-0632,PRD-MORT,BR-110,20250510,2025-05-10,2045-05-10,621400.0,0.0575,240,4362.75,Refinance Existing Mortgage,715016.2,AAA - Low Risk,Current / Performing,0,0.0
LN-10190,CUST-0405,PRD-AUTO,BR-110,20240322,2024-03-22,2029-03-22,63000.0,0.073,60,1256.41,Fleet Commercial Van,72529.88,AAA - Low Risk,Current / Performing,0,0.0
LN-10191,CUST-0680,PRD-AUTO,BR-112,20231026,2023-10-26,2027-10-26,34500.0,0.123,48,913.61,New EV Purchase,53180.99,DDD - High Default Probability,Current / Performing,0,0.0
LN-10192,CUST-0295,PRD-AUTO,BR-111,20240803,2024-08-03,2029-08-03,23900.0,0.073,60,476.64,New EV Purchase,32574.63,AAA - Low Risk,Current / Performing,0,0.0
LN-10193,CUST-0498,PRD-SME,BR-111,20240324,2024-03-24,2031-03-24,253900.0,0.09,84,4085.02,Inventory Stocking Q4,304532.99,CCC - Elevated Risk,Current / Performing,0,0.0
LN-10194,CUST-0685,PRD-EDU,BR-107,20260322,2026-03-22,2036-03-21,74500.0,0.064,120,842.15,Medical Residency Program,0.0,AAA - Low Risk,Current / Performing,0,0.0
LN-10195,CUST-0279,PRD-EDU,BR-106,20240213,2024-02-13,2034-02-12,56900.0,0.114,120,796.74,Medical Residency Program,0.0,DDD - High Default Probability,Current / Performing,0,0.0
LN-10196,CUST-0106,PRD-EDU,BR-111,20231008,2023-10-08,2027-10-08,38800.0,0.094,48,972.93,Master of Science in Data Analytics,0.0,CCC - Elevated Risk,Current / Performing,0,0.0
LN-10197,CUST-0288,PRD-EQUIP,BR-111,20260420,2026-04-20,2031-04-20,163400.0,0.094,60,3423.72,Industrial CNC Machine,212970.07,CCC - Elevated Risk,Current / Performing,0,0.0
LN-10198,CUST-0837,PRD-AUTO,BR-102,20250423,2025-04-23,2031-04-23,20000.0,0.083,72,353.6,Fleet Commercial Van,28245.91,BBB - Moderate Risk,Current / Performing,0,0.0
LN-10199,CUST-0756,PRD-MORT,BR-104,20240103,2024-01-03,2044-01-03,737700.0,0.0875,240,6519.13,Primary Residence Purchase,892382.91,DDD - High Default Probability,Current / Performing,0,0.0
LN-10200,CUST-0486,PRD-SME,BR-104,20230116,2023-01-16,2026-01-15,199800.0,0.09,36,6353.59,Inventory Stocking Q4,291307.97,AAA - Low Risk,Fully Paid,0,0.0
LN-10201,CUST-0955,PRD-EDU,BR-109,20260414,2026-04-14,2033-04-13,72000.0,0.074,84,1100.81,Master of Science in Data Analytics,0.0,BBB - Moderate Risk,Current / Performing,0,0.0
LN-10202,CUST-0385,PRD-EDU,BR-110,20250810,2025-08-10,2029-08-10,71200.0,0.094,48,1785.37,Master of Science in Data Analytics,0.0,CCC - Elevated Risk,Current / Performing,0,0.0
LN-10203,CUST-0819,PRD-AUTO,BR-101,20240507,2024-05-07,2027-05-07,40400.0,0.073,36,1252.98,Fleet Commercial Van,56343.93,BBB - Moderate Risk,Current / Performing,0,0.0
LN-10204,CUST-0092,PRD-EDU,BR-106,20231030,2023-10-30,2033-10-29,15000.0,0.114,120,210.04,Medical Residency Program,0.0,DDD - High Default Probability,Current / Performing,0,0.0
LN-10205,CUST-0169,PRD-EQUIP,BR-102,20260414,2026-04-14,2028-04-13,37800.0,0.114,24,1768.8,Industrial CNC Machine,51648.07,CCC - Elevated Risk,Current / Performing,0,0.0
LN-10206,CUST-0771,PRD-PERS,BR-107,20240618,2024-06-18,2027-06-18,5700.0,0.12,36,189.32,Home Renovation,0.0,AAA - Low Risk,Current / Performing,0,0.0
LN-10207,CUST-0046,PRD-EDU,BR-108,20230411,2023-04-11,2027-04-11,56300.0,0.114,48,1466.06,Master of Science in Data Analytics,0.0,DDD - High Default Probability,Current / Performing,0,0.0
LN-10208,CUST-0842,PRD-AUTO,BR-106,20260327,2026-03-27,2032-03-26,51500.0,0.073,72,885.46,Fleet Commercial Van,75778.63,CCC - Elevated Risk,Current / Performing,0,0.0
LN-10209,CUST-0063,PRD-PERS,BR-104,20230407,2023-04-07,2025-04-06,30700.0,0.12,24,1445.16,Emergency Medical Exp,0.0,AAA - Low Risk,Fully Paid,0,0.0
LN-10210,CUST-0388,PRD-EQUIP,BR-111,20240120,2024-01-20,2029-01-19,125400.0,0.094,60,2627.51,Warehouse Forklift Fleet,159321.92,BBB - Moderate Risk,Current / Performing,0,0.0
LN-10211,CUST-0378,PRD-EQUIP,BR-111,20251218,2025-12-18,2030-12-18,58200.0,0.084,60,1191.26,Warehouse Forklift Fleet,92092.66,BBB - Moderate Risk,Current / Performing,0,0.0
LN-10212,CUST-0378,PRD-PERS,BR-111,20260118,2026-01-18,2029-01-17,12400.0,0.12,36,411.86,Debt Consolidation,0.0,BBB - Moderate Risk,Current / Performing,0,0.0
LN-10213,CUST-0532,PRD-AUTO,BR-102,20240718,2024-07-18,2030-07-18,51300.0,0.123,72,1010.95,New EV Purchase,69745.29,DDD - High Default Probability,Current / Performing,0,0.0
LN-10214,CUST-0905,PRD-EQUIP,BR-106,20230908,2023-09-08,2028-09-07,137900.0,0.094,60,2889.42,Industrial CNC Machine,208598.1,CCC - Elevated Risk,Under Restructuring,1,0.0
LN-10215,CUST-0331,PRD-AUTO,BR-105,20230322,2023-03-22,2029-03-21,57700.0,0.073,72,992.06,Fleet Commercial Van,68350.17,AAA - Low Risk,Current / Performing,0,0.0
LN-10216,CUST-0028,PRD-MORT,BR-110,20260415,2026-04-15,2046-04-15,417500.0,0.0875,240,3689.49,Refinance Existing Mortgage,501169.75,CCC - Elevated Risk,Current / Performing,0,0.0
LN-10217,CUST-0636,PRD-EQUIP,BR-108,20240313,2024-03-13,2029-03-13,82000.0,0.114,60,1799.28,Warehouse Forklift Fleet,99241.88,CCC - Elevated Risk,Charged Off / Written Off,1,55076.21
LN-10218,CUST-0352,PRD-MORT,BR-111,20260416,2026-04-16,2046-04-16,691700.0,0.0675,240,5259.44,Refinance Existing Mortgage,856060.14,CCC - Elevated Risk,Current / Performing,0,0.0
LN-10219,CUST-0549,PRD-SME,BR-110,20230329,2023-03-29,2030-03-28,302200.0,0.1,84,5016.88,Technology & IT Modernization,379847.84,BBB - Moderate Risk,Current / Performing,0,0.0
LN-10220,CUST-0408,PRD-EDU,BR-108,20230701,2023-07-01,2027-07-01,37000.0,0.114,48,963.49,Medical Residency Program,0.0,DDD - High Default Probability,Current / Performing,0,0.0
LN-10221,CUST-0782,PRD-EDU,BR-107,20231020,2023-10-20,2027-10-20,78900.0,0.074,48,1904.04,MBA Program Tuition,0.0,BBB - Moderate Risk,Delinquent (61-90 DPD),1,0.0
LN-10222,CUST-0048,PRD-AUTO,BR-101,20240423,2024-04-23,2030-04-23,45700.0,0.073,72,785.74,New EV Purchase,53653.18,AAA - Low Risk,Current / Performing,0,0.0
LN-10223,CUST-0597,PRD-AUTO,BR-111,20250405,2025-04-05,2031-04-05,53300.0,0.083,72,942.35,Fleet Commercial Van,80676.56,BBB - Moderate Risk,Current / Performing,0,0.0
LN-10224,CUST-0653,PRD-EDU,BR-112,20240523,2024-05-23,2028-05-23,33100.0,0.074,48,798.78,Master of Science in Data Analytics,0.0,BBB - Moderate Risk,Current / Performing,0,0.0
LN-10225,CUST-0441,PRD-SME,BR-110,20260228,2026-02-28,2033-02-27,434300.0,0.09,84,6987.49,Working Capital Expansion,579147.13,CCC - Elevated Risk,Delinquent (61-90 DPD),1,0.0
LN-10226,CUST-0687,PRD-EQUIP,BR-103,20260518,2026-05-18,2031-05-18,125800.0,0.094,60,2635.89,Medical Imaging Scanner,152511.79,BBB - Moderate Risk,Current / Performing,0,0.0
LN-10227,CUST-0031,PRD-EDU,BR-108,20231029,2023-10-29,2033-10-28,51300.0,0.074,120,606.27,MBA Program Tuition,0.0,CCC - Elevated Risk,Current / Performing,0,0.0
LN-10228,CUST-0904,PRD-AUTO,BR-106,20240125,2024-01-25,2030-01-24,30700.0,0.073,72,527.84,Certified Pre-Owned Luxury Car,48850.25,AAA - Low Risk,Current / Performing,0,0.0
LN-10229,CUST-0230,PRD-MORT,BR-112,20230114,2023-01-14,2053-01-13,482300.0,0.0675,360,3128.19,Refinance Existing Mortgage,751569.32,BBB - Moderate Risk,Delinquent (61-90 DPD),1,0.0
LN-10230,CUST-0627,PRD-EQUIP,BR-101,20240725,2024-07-25,2026-07-25,70400.0,0.084,24,3196.86,Medical Imaging Scanner,83277.8,AAA - Low Risk,Fully Paid,0,0.0
LN-10231,CUST-0018,PRD-SME,BR-102,20250621,2025-06-21,2032-06-20,289500.0,0.12,84,5110.47,New Branch Expansion,354070.23,DDD - High Default Probability,Current / Performing,0,0.0
LN-10232,CUST-0946,PRD-MORT,BR-111,20231126,2023-11-26,2043-11-26,699900.0,0.0575,240,4913.88,Refinance Existing Mortgage,812045.52,AAA - Low Risk,Current / Performing,0,0.0
LN-10233,CUST-0558,PRD-MORT,BR-111,20250808,2025-08-08,2045-08-08,333200.0,0.0575,240,2339.34,Primary Residence Purchase,484844.22,BBB - Moderate Risk,Current / Performing,0,0.0
LN-10234,CUST-0913,PRD-EQUIP,BR-106,20260121,2026-01-21,2031-01-21,72600.0,0.084,60,1486.0,Medical Imaging Scanner,85096.85,CCC - Elevated Risk,Current / Performing,0,0.0
LN-10235,CUST-0482,PRD-EDU,BR-107,20230810,2023-08-10,2027-08-10,73400.0,0.074,48,1771.31,Medical Residency Program,0.0,CCC - Elevated Risk,Current / Performing,0,0.0
LN-10236,CUST-0430,PRD-AUTO,BR-107,20260318,2026-03-18,2032-03-17,32000.0,0.073,72,550.19,Certified Pre-Owned Luxury Car,48095.28,BBB - Moderate Risk,Current / Performing,0,0.0
LN-10237,CUST-0461,PRD-EQUIP,BR-107,20230216,2023-02-16,2028-02-16,146800.0,0.114,60,3221.15,Medical Imaging Scanner,204796.17,DDD - High Default Probability,Current / Performing,0,0.0
LN-10238,CUST-0554,PRD-AUTO,BR-105,20230622,2023-06-22,2026-06-21,24000.0,0.103,36,777.8,Fleet Commercial Van,31372.48,CCC - Elevated Risk,Fully Paid,0,0.0
LN-10239,CUST-0789,PRD-AUTO,BR-101,20230529,2023-05-29,2026-05-28,31400.0,0.073,36,973.85,Certified Pre-Owned Luxury Car,49800.79,CCC - Elevated Risk,Fully Paid,0,0.0
LN-10240,CUST-0339,PRD-MORT,BR-111,20260524,2026-05-24,2046-05-24,630500.0,0.0675,240,4794.1,Investment Property Buy,847970.73,CCC - Elevated Risk,Current / Performing,0,0.0
LN-10241,CUST-0463,PRD-EQUIP,BR-106,20260122,2026-01-22,2031-01-22,96000.0,0.134,60,2204.0,Industrial CNC Machine,140436.11,DDD - High Default Probability,Current / Performing,0,0.0
LN-10242,CUST-0066,PRD-EQUIP,BR-107,20250802,2025-08-02,2030-08-02,119600.0,0.084,60,2448.02,Warehouse Forklift Fleet,158232.41,AAA - Low Risk,Current / Performing,0,0.0
LN-10243,CUST-0409,PRD-EQUIP,BR-104,20240117,2024-01-17,2028-01-17,82100.0,0.134,48,2218.87,Medical Imaging Scanner,104365.29,DDD - High Default Probability,Charged Off / Written Off,1,60754.43
LN-10244,CUST-0351,PRD-PERS,BR-110,20240703,2024-07-03,2028-07-03,8800.0,0.15,48,244.91,Wedding & Family,0.0,CCC - Elevated Risk,Current / Performing,0,0.0
LN-10245,CUST-0964,PRD-AUTO,BR-101,20260123,2026-01-23,2029-01-22,32000.0,0.073,36,992.46,New EV Purchase,40554.49,BBB - Moderate Risk,Delinquent (31-60 DPD),0,0.0
LN-10246,CUST-0543,PRD-EDU,BR-105,20250127,2025-01-27,2029-01-27,25600.0,0.074,48,617.79,Medical Residency Program,0.0,BBB - Moderate Risk,Current / Performing,0,0.0
LN-10247,CUST-0199,PRD-PERS,BR-112,20230903,2023-09-03,2027-09-03,29400.0,0.17,48,848.34,Debt Consolidation,0.0,DDD - High Default Probability,Current / Performing,0,0.0
LN-10248,CUST-0465,PRD-MORT,BR-112,20241031,2024-10-31,2044-10-31,331500.0,0.0575,240,2327.41,Primary Residence Purchase,489963.5,BBB - Moderate Risk,Delinquent (31-60 DPD),0,0.0
LN-10249,CUST-0659,PRD-MORT,BR-103,20240803,2024-08-03,2044-08-03,222900.0,0.1075,240,2262.95,Refinance Existing Mortgage,274121.56,DDD - High Default Probability,Current / Performing,0,0.0
LN-10250,CUST-0357,PRD-SME,BR-107,20231130,2023-11-30,2026-11-29,424100.0,0.09,36,13486.27,New Branch Expansion,567122.38,BBB - Moderate Risk,Fully Paid,0,0.0
LN-10251,CUST-0287,PRD-EDU,BR-109,20241126,2024-11-26,2034-11-26,77500.0,0.074,120,915.9,MBA Program Tuition,0.0,CCC - Elevated Risk,Current / Performing,0,0.0
LN-10252,CUST-0821,PRD-PERS,BR-107,20250201,2025-02-01,2029-02-01,21800.0,0.15,48,606.71,Home Renovation,0.0,DDD - High Default Probability,In Default (90+ DPD),1,0.0
LN-10253,CUST-0035,PRD-EDU,BR-107,20240222,2024-02-22,2034-02-21,48900.0,0.074,120,577.9,Master of Science in Data Analytics,0.0,BBB - Moderate Risk,Current / Performing,0,0.0
LN-10254,CUST-0452,PRD-EQUIP,BR-101,20240822,2024-08-22,2029-08-22,48200.0,0.084,60,986.58,Industrial CNC Machine,58243.99,AAA - Low Risk,Delinquent (61-90 DPD),1,0.0
LN-10255,CUST-0622,PRD-AUTO,BR-112,20230115,2023-01-15,2028-01-15,46200.0,0.123,60,1034.71,New EV Purchase,60971.08,DDD - High Default Probability,In Default (90+ DPD),1,0.0
LN-10256,CUST-0414,PRD-EDU,BR-109,20230628,2023-06-28,2033-06-27,22400.0,0.074,120,264.72,Master of Science in Data Analytics,0.0,BBB - Moderate Risk,Current / Performing,0,0.0
LN-10257,CUST-0760,PRD-SME,BR-103,20250222,2025-02-22,2032-02-22,146400.0,0.09,84,2355.44,Working Capital Expansion,194217.61,CCC - Elevated Risk,Current / Performing,0,0.0
LN-10258,CUST-0949,PRD-MORT,BR-104,20241029,2024-10-29,2044-10-29,312200.0,0.0575,240,2191.9,Investment Property Buy,493225.04,CCC - Elevated Risk,Current / Performing,0,0.0
LN-10259,CUST-0720,PRD-AUTO,BR-102,20260328,2026-03-28,2032-03-27,25200.0,0.103,72,470.67,Fleet Commercial Van,39636.15,CCC - Elevated Risk,Current / Performing,0,0.0
LN-10260,CUST-0511,PRD-EDU,BR-106,20230827,2023-08-27,2027-08-27,72500.0,0.114,48,1887.91,Medical Residency Program,0.0,DDD - High Default Probability,Current / Performing,0,0.0
LN-10261,CUST-0917,PRD-PERS,BR-102,20231011,2023-10-11,2027-10-11,33300.0,0.15,48,926.76,Home Renovation,0.0,DDD - High Default Probability,In Default (90+ DPD),1,0.0
LN-10262,CUST-0056,PRD-EDU,BR-106,20240121,2024-01-21,2028-01-21,12600.0,0.114,48,328.11,Master of Science in Data Analytics,0.0,DDD - High Default Probability,Under Restructuring,1,0.0
LN-10263,CUST-0190,PRD-AUTO,BR-106,20251231,2025-12-31,2031-12-31,61200.0,0.073,72,1052.24,New EV Purchase,75942.95,AAA - Low Risk,Current / Performing,0,0.0
LN-10264,CUST-0889,PRD-MORT,BR-104,20230216,2023-02-16,2043-02-16,617900.0,0.0575,240,4338.17,Primary Residence Purchase,927251.16,AAA - Low Risk,Current / Performing,0,0.0
LN-10265,CUST-0704,PRD-EDU,BR-107,20251020,2025-10-20,2029-10-20,52600.0,0.064,48,1244.98,Master of Science in Data Analytics,0.0,AAA - Low Risk,Current / Performing,0,0.0
LN-10266,CUST-0092,PRD-MORT,BR-106,20230819,2023-08-19,2043-08-19,461800.0,0.1075,240,4688.33,Primary Residence Purchase,720859.81,DDD - High Default Probability,Under Restructuring,1,0.0
LN-10267,CUST-0442,PRD-SME,BR-108,20241121,2024-11-21,2028-11-21,264500.0,0.09,48,6582.09,Inventory Stocking Q4,358372.23,CCC - Elevated Risk,Current / Performing,0,0.0
LN-10268,CUST-0681,PRD-PERS,BR-111,20231003,2023-10-03,2026-10-02,22100.0,0.13,36,744.64,Wedding & Family,0.0,BBB - Moderate Risk,Fully Paid,0,0.0
LN-10269,CUST-0683,PRD-EDU,BR-102,20260506,2026-05-06,2033-05-05,19000.0,0.064,84,281.22,Medical Residency Program,0.0,AAA - Low Risk,Current / Performing,0,0.0
LN-10270,CUST-0867,PRD-MORT,BR-103,20240615,2024-06-15,2044-06-15,777300.0,0.0675,240,5910.31,Primary Residence Purchase,902865.43,BBB - Moderate Risk,Delinquent (31-60 DPD),0,0.0
LN-10271,CUST-0423,PRD-AUTO,BR-111,20230924,2023-09-24,2026-09-23,58000.0,0.083,36,1825.55,Fleet Commercial Van,83667.46,BBB - Moderate Risk,Fully Paid,0,0.0
LN-10272,CUST-0927,PRD-SME,BR-102,20251013,2025-10-13,2032-10-12,197400.0,0.09,84,3175.98,Technology & IT Modernization,282342.78,AAA - Low Risk,Current / Performing,0,0.0
LN-10273,CUST-0061,PRD-MORT,BR-102,20251119,2025-11-19,2045-11-19,225200.0,0.0675,240,1712.34,Primary Residence Purchase,340669.84,CCC - Elevated Risk,Current / Performing,0,0.0
LN-10274,CUST-0032,PRD-EQUIP,BR-107,20230810,2023-08-10,2028-08-09,134200.0,0.094,60,2811.9,Warehouse Forklift Fleet,159429.03,BBB - Moderate Risk,Current / Performing,0,0.0
LN-10275,CUST-0117,PRD-EQUIP,BR-101,20240207,2024-02-07,2026-02-06,27700.0,0.084,24,1257.86,Warehouse Forklift Fleet,34120.21,AAA - Low Risk,Fully Paid,0,0.0
LN-10276,CUST-0413,PRD-AUTO,BR-108,20250619,2025-06-19,2030-06-19,56900.0,0.073,60,1134.76,Certified Pre-Owned Luxury Car,76619.49,CCC - Elevated Risk,Current / Performing,0,0.0
LN-10277,CUST-0815,PRD-MORT,BR-107,20230414,2023-04-14,2043-04-14,582500.0,0.0675,240,4429.12,Investment Property Buy,792381.38,BBB - Moderate Risk,Current / Performing,0,0.0
LN-10278,CUST-0684,PRD-EQUIP,BR-105,20230515,2023-05-15,2028-05-14,146600.0,0.094,60,3071.71,Industrial CNC Machine,185446.77,CCC - Elevated Risk,Current / Performing,0,0.0
LN-10279,CUST-0124,PRD-SME,BR-108,20250221,2025-02-21,2032-02-21,350000.0,0.1,84,5810.41,Working Capital Expansion,467214.74,BBB - Moderate Risk,Current / Performing,0,0.0
LN-10280,CUST-0297,PRD-EDU,BR-109,20260310,2026-03-10,2030-03-10,79700.0,0.094,48,1998.51,MBA Program Tuition,0.0,CCC - Elevated Risk,Current / Performing,0,0.0
LN-10281,CUST-0421,PRD-MORT,BR-108,20231121,2023-11-21,2043-11-21,610000.0,0.0575,240,4282.71,Investment Property Buy,873822.88,CCC - Elevated Risk,Under Restructuring,1,0.0
LN-10282,CUST-0986,PRD-MORT,BR-112,20260105,2026-01-05,2056-01-05,606900.0,0.0675,360,3936.34,Refinance Existing Mortgage,951322.74,BBB - Moderate Risk,Current / Performing,0,0.0
LN-10283,CUST-0451,PRD-EDU,BR-104,20250204,2025-02-04,2035-02-04,75300.0,0.094,120,970.25,Medical Residency Program,0.0,CCC - Elevated Risk,Current / Performing,0,0.0
LN-10284,CUST-0087,PRD-AUTO,BR-105,20251112,2025-11-12,2031-11-12,48700.0,0.083,72,861.02,Fleet Commercial Van,61931.17,CCC - Elevated Risk,Current / Performing,0,0.0
LN-10285,CUST-0927,PRD-MORT,BR-102,20260404,2026-04-04,2046-04-04,273100.0,0.0575,240,1917.39,Refinance Existing Mortgage,319474.98,AAA - Low Risk,Current / Performing,0,0.0
LN-10286,CUST-0657,PRD-SME,BR-108,20240108,2024-01-08,2029-01-07,306000.0,0.1,60,6501.6,New Branch Expansion,448566.92,CCC - Elevated Risk,Current / Performing,0,0.0
LN-10287,CUST-0956,PRD-PERS,BR-106,20260402,2026-04-02,2030-04-02,29400.0,0.17,48,848.34,Wedding & Family,0.0,DDD - High Default Probability,Under Restructuring,1,0.0
LN-10288,CUST-0155,PRD-EDU,BR-112,20250630,2025-06-30,2029-06-30,39700.0,0.074,48,958.05,Medical Residency Program,0.0,CCC - Elevated Risk,Current / Performing,0,0.0
LN-10289,CUST-0418,PRD-MORT,BR-111,20240421,2024-04-21,2044-04-21,508800.0,0.0575,240,3572.2,Refinance Existing Mortgage,789911.55,CCC - Elevated Risk,Delinquent (61-90 DPD),1,0.0
LN-10290,CUST-0128,PRD-EDU,BR-103,20230719,2023-07-19,2033-07-18,32300.0,0.064,120,365.12,Master of Science in Data Analytics,0.0,CCC - Elevated Risk,Current / Performing,0,0.0
LN-10291,CUST-0587,PRD-EDU,BR-112,20230327,2023-03-27,2033-03-26,47900.0,0.074,120,566.08,Medical Residency Program,0.0,BBB - Moderate Risk,Charged Off / Written Off,1,29112.48
LN-10292,CUST-0335,PRD-EDU,BR-108,20240114,2024-01-14,2034-01-13,53900.0,0.064,120,609.28,MBA Program Tuition,0.0,BBB - Moderate Risk,Current / Performing,0,0.0
LN-10293,CUST-0603,PRD-PERS,BR-110,20241004,2024-10-04,2025-10-04,6500.0,0.15,12,586.68,Home Renovation,0.0,CCC - Elevated Risk,Fully Paid,0,0.0
LN-10294,CUST-0064,PRD-AUTO,BR-108,20260505,2026-05-05,2032-05-04,52600.0,0.083,72,929.97,Fleet Commercial Van,79603.62,CCC - Elevated Risk,Current / Performing,0,0.0
LN-10295,CUST-0587,PRD-PERS,BR-112,20231006,2023-10-06,2027-10-06,20000.0,0.13,48,536.55,Emergency Medical Exp,0.0,BBB - Moderate Risk,Current / Performing,0,0.0
LN-10296,CUST-0810,PRD-PERS,BR-109,20241006,2024-10-06,2028-10-06,30700.0,0.17,48,885.85,Wedding & Family,0.0,DDD - High Default Probability,Current / Performing,0,0.0
LN-10297,CUST-0415,PRD-SME,BR-108,20230925,2023-09-25,2026-09-24,358200.0,0.1,36,11558.11,Technology & IT Modernization,524859.46,CCC - Elevated Risk,Charged Off / Written Off,1,245252.66
LN-10298,CUST-0302,PRD-AUTO,BR-110,20250714,2025-07-14,2031-07-14,63200.0,0.073,72,1086.62,Certified Pre-Owned Luxury Car,92415.93,CCC - Elevated Risk,Current / Performing,0,0.0
LN-10299,CUST-0530,PRD-EQUIP,BR-108,20250306,2025-03-06,2027-03-06,25900.0,0.084,24,1176.12,Medical Imaging Scanner,29959.99,AAA - Low Risk,Current / Performing,0,0.0
LN-10300,CUST-0457,PRD-AUTO,BR-106,20250416,2025-04-16,2030-04-16,57600.0,0.073,60,1148.72,Fleet Commercial Van,87286.75,AAA - Low Risk,Current / Performing,0,0.0
LN-10301,CUST-0568,PRD-PERS,BR-106,20231212,2023-12-12,2027-12-12,34500.0,0.12,48,908.52,Home Renovation,0.0,CCC - Elevated Risk,Current / Performing,0,0.0
LN-10302,CUST-0479,PRD-PERS,BR-112,20231026,2023-10-26,2027-10-26,30100.0,0.17,48,868.54,Debt Consolidation,0.0,DDD - High Default Probability,In Default (90+ DPD),1,0.0
LN-10303,CUST-0699,PRD-EDU,BR-107,20230623,2023-06-23,2033-06-22,40700.0,0.094,120,524.42,MBA Program Tuition,0.0,CCC - Elevated Risk,Current / Performing,0,0.0
LN-10304,CUST-0671,PRD-EDU,BR-104,20230505,2023-05-05,2027-05-05,52500.0,0.074,48,1266.94,MBA Program Tuition,0.0,BBB - Moderate Risk,Current / Performing,0,0.0
LN-10305,CUST-0236,PRD-PERS,BR-111,20230125,2023-01-25,2024-01-25,30500.0,0.15,12,2752.88,Debt Consolidation,0.0,CCC - Elevated Risk,Fully Paid,0,0.0
LN-10306,CUST-0438,PRD-MORT,BR-109,20251224,2025-12-24,2045-12-24,732600.0,0.0675,240,5570.43,Refinance Existing Mortgage,1069446.05,BBB - Moderate Risk,Current / Performing,0,0.0
LN-10307,CUST-0525,PRD-EQUIP,BR-108,20240607,2024-06-07,2029-06-07,139000.0,0.094,60,2912.47,Medical Imaging Scanner,195372.05,BBB - Moderate Risk,Current / Performing,0,0.0
LN-10308,CUST-0141,PRD-PERS,BR-109,20250210,2025-02-10,2029-02-10,4200.0,0.15,48,116.89,Debt Consolidation,0.0,DDD - High Default Probability,Delinquent (61-90 DPD),1,0.0
LN-10309,CUST-0155,PRD-MORT,BR-112,20260130,2026-01-30,2046-01-30,219600.0,0.0675,240,1669.76,Primary Residence Purchase,345796.58,CCC - Elevated Risk,Delinquent (61-90 DPD),1,0.0
LN-10310,CUST-0535,PRD-SME,BR-107,20250802,2025-08-02,2032-08-01,201800.0,0.09,84,3246.78,Working Capital Expansion,314710.8,BBB - Moderate Risk,Current / Performing,0,0.0
LN-10311,CUST-0241,PRD-EDU,BR-111,20240815,2024-08-15,2031-08-15,55500.0,0.074,84,848.54,Medical Residency Program,0.0,CCC - Elevated Risk,Current / Performing,0,0.0
LN-10312,CUST-0036,PRD-MORT,BR-105,20240211,2024-02-11,2044-02-11,497100.0,0.0675,240,3779.77,Refinance Existing Mortgage,776569.46,BBB - Moderate Risk,Charged Off / Written Off,1,409886.93
LN-10313,CUST-0095,PRD-MORT,BR-104,20230127,2023-01-27,2043-01-27,795500.0,0.0575,240,5585.07,Refinance Existing Mortgage,1225369.65,BBB - Moderate Risk,Current / Performing,0,0.0
LN-10314,CUST-0630,PRD-MORT,BR-103,20250122,2025-01-22,2055-01-22,694100.0,0.0675,360,4501.92,Refinance Existing Mortgage,929303.2,BBB - Moderate Risk,Current / Performing,0,0.0
LN-10315,CUST-0484,PRD-EDU,BR-108,20250920,2025-09-20,2029-09-20,35500.0,0.064,48,840.24,MBA Program Tuition,0.0,BBB - Moderate Risk,Current / Performing,0,0.0
LN-10316,CUST-0987,PRD-EQUIP,BR-104,20251205,2025-12-05,2030-12-05,153800.0,0.094,60,3222.58,Industrial CNC Machine,203179.52,BBB - Moderate Risk,Current / Performing,0,0.0
LN-10317,CUST-0093,PRD-EQUIP,BR-110,20231010,2023-10-10,2028-10-09,71000.0,0.094,60,1487.66,Medical Imaging Scanner,87556.86,BBB - Moderate Risk,Current / Performing,0,0.0
LN-10318,CUST-0077,PRD-SME,BR-109,20230420,2023-04-20,2028-04-19,338400.0,0.12,60,7527.52,Technology & IT Modernization,429727.55,CCC - Elevated Risk,Current / Performing,0,0.0
LN-10319,CUST-0728,PRD-EDU,BR-112,20230206,2023-02-06,2027-02-06,14400.0,0.064,48,340.83,MBA Program Tuition,0.0,AAA - Low Risk,Current / Performing,0,0.0
LN-10320,CUST-0807,PRD-PERS,BR-112,20230111,2023-01-11,2024-01-11,5800.0,0.12,12,515.32,Home Renovation,0.0,CCC - Elevated Risk,Fully Paid,0,0.0
LN-10321,CUST-0657,PRD-EQUIP,BR-108,20230501,2023-05-01,2025-04-30,43000.0,0.094,24,1972.34,Warehouse Forklift Fleet,68310.92,CCC - Elevated Risk,Fully Paid,0,0.0
LN-10322,CUST-0055,PRD-EDU,BR-109,20231006,2023-10-06,2027-10-06,13100.0,0.114,48,341.13,MBA Program Tuition,0.0,DDD - High Default Probability,Charged Off / Written Off,1,8739.56
LN-10323,CUST-0805,PRD-PERS,BR-101,20260224,2026-02-24,2030-02-24,25400.0,0.13,48,681.42,Home Renovation,0.0,BBB - Moderate Risk,Current / Performing,0,0.0
LN-10324,CUST-0983,PRD-EDU,BR-101,20251120,2025-11-20,2029-11-20,78400.0,0.064,48,1855.64,Master of Science in Data Analytics,0.0,BBB - Moderate Risk,Current / Performing,0,0.0
LN-10325,CUST-0304,PRD-AUTO,BR-102,20250107,2025-01-07,2031-01-07,27800.0,0.083,72,491.51,New EV Purchase,36190.81,CCC - Elevated Risk,Current / Performing,0,0.0
LN-10326,CUST-0561,PRD-PERS,BR-112,20231229,2023-12-29,2027-12-29,28600.0,0.13,48,767.27,Wedding & Family,0.0,CCC - Elevated Risk,Current / Performing,0,0.0
LN-10327,CUST-0361,PRD-MORT,BR-107,20250115,2025-01-15,2045-01-15,303600.0,0.0675,240,2308.47,Investment Property Buy,374110.35,BBB - Moderate Risk,Current / Performing,0,0.0
LN-10328,CUST-0474,PRD-EDU,BR-105,20250305,2025-03-05,2029-03-05,52100.0,0.064,48,1233.15,Medical Residency Program,0.0,CCC - Elevated Risk,Charged Off / Written Off,1,39723.57
LN-10329,CUST-0380,PRD-AUTO,BR-107,20241007,2024-10-07,2029-10-07,49900.0,0.073,60,995.16,New EV Purchase,72712.51,CCC - Elevated Risk,Delinquent (31-60 DPD),0,0.0
LN-10330,CUST-0114,PRD-PERS,BR-108,20240315,2024-03-15,2027-03-15,32000.0,0.12,36,1062.86,Emergency Medical Exp,0.0,AAA - Low Risk,Current / Performing,0,0.0
LN-10331,CUST-0051,PRD-PERS,BR-106,20260423,2026-04-23,2030-04-23,23600.0,0.12,48,621.48,Home Renovation,0.0,AAA - Low Risk,Current / Performing,0,0.0
LN-10332,CUST-0900,PRD-AUTO,BR-102,20250527,2025-05-27,2028-05-26,40300.0,0.073,36,1249.88,Fleet Commercial Van,63977.73,AAA - Low Risk,Current / Performing,0,0.0
LN-10333,CUST-0581,PRD-PERS,BR-104,20231028,2023-10-28,2024-10-27,14600.0,0.13,12,1304.03,Debt Consolidation,0.0,BBB - Moderate Risk,Fully Paid,0,0.0
LN-10334,CUST-0046,PRD-EQUIP,BR-108,20240509,2024-05-09,2029-05-09,102600.0,0.134,60,2355.53,Medical Imaging Scanner,149395.67,DDD - High Default Probability,Delinquent (31-60 DPD),0,0.0
LN-10335,CUST-0009,PRD-AUTO,BR-109,20231126,2023-11-26,2029-11-25,56400.0,0.073,72,969.71,New EV Purchase,77378.18,AAA - Low Risk,Current / Performing,0,0.0
LN-10336,CUST-0877,PRD-MORT,BR-106,20230523,2023-05-23,2043-05-23,679200.0,0.0675,240,5164.39,Primary Residence Purchase,955697.54,BBB - Moderate Risk,Delinquent (31-60 DPD),0,0.0
LN-10337,CUST-0455,PRD-AUTO,BR-101,20231006,2023-10-06,2026-10-05,29100.0,0.073,36,902.52,Fleet Commercial Van,37845.43,AAA - Low Risk,Fully Paid,0,0.0
LN-10338,CUST-0172,PRD-SME,BR-105,20230406,2023-04-06,2027-04-06,431300.0,0.12,48,11357.78,Inventory Stocking Q4,577332.19,DDD - High Default Probability,Current / Performing,0,0.0
LN-10339,CUST-0353,PRD-AUTO,BR-110,20240407,2024-04-07,2030-04-07,15300.0,0.083,72,270.51,New EV Purchase,20565.53,BBB - Moderate Risk,Current / Performing,0,0.0
LN-10340,CUST-0792,PRD-MORT,BR-106,20251027,2025-10-27,2045-10-27,337400.0,0.0675,240,2565.47,Refinance Existing Mortgage,438465.5,CCC - Elevated Risk,Current / Performing,0,0.0
LN-10341,CUST-0784,PRD-EQUIP,BR-110,20260521,2026-05-21,2030-05-21,35400.0,0.084,48,870.88,Warehouse Forklift Fleet,50405.9,BBB - Moderate Risk,Delinquent (31-60 DPD),0,0.0
LN-10342,CUST-0167,PRD-MORT,BR-108,20230421,2023-04-21,2043-04-21,558300.0,0.1075,240,5668.02,Investment Property Buy,716045.15,DDD - High Default Probability,In Default (90+ DPD),1,0.0
LN-10343,CUST-0538,PRD-EQUIP,BR-106,20230813,2023-08-13,2025-08-12,90300.0,0.084,24,4100.52,Warehouse Forklift Fleet,127302.54,BBB - Moderate Risk,Fully Paid,0,0.0
LN-10344,CUST-0510,PRD-PERS,BR-108,20230918,2023-09-18,2025-09-17,10800.0,0.13,24,513.45,Home Renovation,0.0,BBB - Moderate Risk,Fully Paid,0,0.0
LN-10345,CUST-0451,PRD-SME,BR-104,20250730,2025-07-30,2032-07-29,209200.0,0.12,84,3692.95,Working Capital Expansion,298109.45,CCC - Elevated Risk,Current / Performing,0,0.0
LN-10346,CUST-0979,PRD-EDU,BR-110,20240322,2024-03-22,2028-03-22,76100.0,0.064,48,1801.2,Master of Science in Data Analytics,0.0,AAA - Low Risk,Current / Performing,0,0.0
LN-10347,CUST-0907,PRD-PERS,BR-106,20250505,2025-05-05,2029-05-05,17700.0,0.15,48,492.6,Debt Consolidation,0.0,CCC - Elevated Risk,Current / Performing,0,0.0
LN-10348,CUST-0202,PRD-EQUIP,BR-112,20240919,2024-09-19,2028-09-19,136200.0,0.114,48,3546.68,Medical Imaging Scanner,182177.65,CCC - Elevated Risk,Under Restructuring,1,0.0
LN-10349,CUST-0942,PRD-EQUIP,BR-109,20241204,2024-12-04,2029-12-04,132800.0,0.084,60,2718.2,Warehouse Forklift Fleet,192968.73,BBB - Moderate Risk,Current / Performing,0,0.0
LN-10350,CUST-0841,PRD-EQUIP,BR-111,20230623,2023-06-23,2028-06-22,65900.0,0.084,60,1348.87,Industrial CNC Machine,92383.07,BBB - Moderate Risk,Delinquent (31-60 DPD),0,0.0
LN-10351,CUST-0247,PRD-MORT,BR-109,20230611,2023-06-11,2043-06-11,751400.0,0.0875,240,6640.2,Investment Property Buy,1033008.72,DDD - High Default Probability,Under Restructuring,1,0.0
LN-10352,CUST-0740,PRD-EQUIP,BR-106,20241118,2024-11-18,2028-11-18,80900.0,0.114,48,2106.65,Industrial CNC Machine,108928.92,CCC - Elevated Risk,Delinquent (61-90 DPD),1,0.0
LN-10353,CUST-0931,PRD-MORT,BR-109,20260318,2026-03-18,2046-03-18,801400.0,0.0675,240,6093.56,Investment Property Buy,1252331.16,BBB - Moderate Risk,Current / Performing,0,0.0
LN-10354,CUST-0283,PRD-AUTO,BR-108,20240505,2024-05-05,2030-05-05,53800.0,0.083,72,951.19,Fleet Commercial Van,85772.51,BBB - Moderate Risk,Current / Performing,0,0.0
LN-10355,CUST-0736,PRD-MORT,BR-103,20250716,2025-07-16,2045-07-16,343000.0,0.0675,240,2608.05,Refinance Existing Mortgage,429333.94,BBB - Moderate Risk,Current / Performing,0,0.0
LN-10356,CUST-0955,PRD-EDU,BR-109,20240729,2024-07-29,2031-07-29,20900.0,0.074,84,319.54,MBA Program Tuition,0.0,BBB - Moderate Risk,Current / Performing,0,0.0
LN-10357,CUST-0891,PRD-EQUIP,BR-110,20230221,2023-02-21,2028-02-21,88700.0,0.114,60,1946.29,Warehouse Forklift Fleet,136943.08,CCC - Elevated Risk,Current / Performing,0,0.0
LN-10358,CUST-0718,PRD-PERS,BR-112,20231109,2023-11-09,2027-11-09,32800.0,0.13,48,879.94,Debt Consolidation,0.0,BBB - Moderate Risk,Charged Off / Written Off,1,17924.14
LN-10359,CUST-0868,PRD-AUTO,BR-111,20230903,2023-09-03,2029-09-02,16300.0,0.073,72,280.25,Certified Pre-Owned Luxury Car,20407.91,AAA - Low Risk,Current / Performing,0,0.0
LN-10360,CUST-0531,PRD-SME,BR-110,20231227,2023-12-27,2025-12-26,290400.0,0.09,24,13266.85,Inventory Stocking Q4,409181.17,AAA - Low Risk,Fully Paid,0,0.0
LN-10361,CUST-0835,PRD-SME,BR-101,20240409,2024-04-09,2028-04-09,407400.0,0.09,48,10138.17,Inventory Stocking Q4,468771.09,BBB - Moderate Risk,Current / Performing,0,0.0
LN-10362,CUST-1000,PRD-SME,BR-103,20230404,2023-04-04,2030-04-03,125000.0,0.1,84,2075.15,New Branch Expansion,188070.06,BBB - Moderate Risk,Current / Performing,0,0.0
LN-10363,CUST-0648,PRD-AUTO,BR-109,20230703,2023-07-03,2029-07-02,48300.0,0.083,72,853.95,Fleet Commercial Van,64994.11,BBB - Moderate Risk,Current / Performing,0,0.0
LN-10364,CUST-0521,PRD-MORT,BR-105,20230806,2023-08-06,2043-08-06,364900.0,0.0575,240,2561.9,Primary Residence Purchase,476467.35,AAA - Low Risk,Current / Performing,0,0.0
LN-10365,CUST-0672,PRD-MORT,BR-112,20250308,2025-03-08,2045-03-08,741500.0,0.0675,240,5638.1,Investment Property Buy,1116446.97,CCC - Elevated Risk,Current / Performing,0,0.0
LN-10366,CUST-0791,PRD-MORT,BR-110,20260224,2026-02-24,2046-02-24,296500.0,0.0675,240,2254.48,Investment Property Buy,350546.52,CCC - Elevated Risk,Current / Performing,0,0.0
LN-10367,CUST-0258,PRD-EDU,BR-109,20230529,2023-05-29,2027-05-29,75600.0,0.094,48,1895.7,Medical Residency Program,0.0,DDD - High Default Probability,In Default (90+ DPD),1,0.0
LN-10368,CUST-0956,PRD-EQUIP,BR-106,20230707,2023-07-07,2028-07-06,116800.0,0.134,60,2681.54,Industrial CNC Machine,165379.52,DDD - High Default Probability,Current / Performing,0,0.0
LN-10369,CUST-0092,PRD-AUTO,BR-106,20240921,2024-09-21,2027-09-21,62000.0,0.123,36,2068.18,Fleet Commercial Van,78097.86,DDD - High Default Probability,Delinquent (31-60 DPD),0,0.0
LN-10370,CUST-0789,PRD-AUTO,BR-101,20230928,2023-09-28,2029-09-27,47600.0,0.073,72,818.41,Fleet Commercial Van,71118.6,CCC - Elevated Risk,Current / Performing,0,0.0
LN-10371,CUST-0119,PRD-EDU,BR-106,20230707,2023-07-07,2033-07-06,33000.0,0.074,120,390.0,Master of Science in Data Analytics,0.0,BBB - Moderate Risk,Current / Performing,0,0.0
LN-10372,CUST-0290,PRD-EDU,BR-106,20250723,2025-07-23,2030-07-23,43600.0,0.064,60,851.04,Medical Residency Program,0.0,CCC - Elevated Risk,In Default (90+ DPD),1,0.0
LN-10373,CUST-0509,PRD-SME,BR-101,20240901,2024-09-01,2031-09-01,287200.0,0.12,84,5069.86,Technology & IT Modernization,444633.3,DDD - High Default Probability,In Default (90+ DPD),1,0.0
LN-10374,CUST-0226,PRD-SME,BR-104,20240212,2024-02-12,2026-02-11,285500.0,0.1,24,13174.38,New Branch Expansion,453594.74,BBB - Moderate Risk,Fully Paid,0,0.0
LN-10375,CUST-0737,PRD-MORT,BR-108,20240103,2024-01-03,2044-01-03,427300.0,0.0675,240,3249.04,Primary Residence Purchase,593116.88,BBB - Moderate Risk,Current / Performing,0,0.0
LN-10376,CUST-0446,PRD-AUTO,BR-103,20240903,2024-09-03,2030-09-03,52700.0,0.073,72,906.09,Certified Pre-Owned Luxury Car,78280.48,BBB - Moderate Risk,Current / Performing,0,0.0
LN-10377,CUST-0232,PRD-EDU,BR-102,20240706,2024-07-06,2034-07-06,28500.0,0.074,120,336.81,Medical Residency Program,0.0,BBB - Moderate Risk,Current / Performing,0,0.0
LN-10378,CUST-0904,PRD-EDU,BR-106,20260408,2026-04-08,2031-04-08,17000.0,0.064,60,331.83,Master of Science in Data Analytics,0.0,AAA - Low Risk,Current / Performing,0,0.0
LN-10379,CUST-0804,PRD-SME,BR-110,20250128,2025-01-28,2032-01-28,239000.0,0.09,84,3845.29,Inventory Stocking Q4,367250.88,BBB - Moderate Risk,Current / Performing,0,0.0
LN-10380,CUST-0140,PRD-MORT,BR-108,20240222,2024-02-22,2044-02-22,416700.0,0.0675,240,3168.44,Refinance Existing Mortgage,641277.81,CCC - Elevated Risk,Current / Performing,0,0.0
LN-10381,CUST-0370,PRD-EDU,BR-108,20240903,2024-09-03,2028-09-03,28200.0,0.074,48,680.53,MBA Program Tuition,0.0,CCC - Elevated Risk,Current / Performing,0,0.0
LN-10382,CUST-0318,PRD-SME,BR-101,20240822,2024-08-22,2027-08-22,156000.0,0.09,36,4960.76,Inventory Stocking Q4,225452.83,AAA - Low Risk,Current / Performing,0,0.0
LN-10383,CUST-0725,PRD-AUTO,BR-104,20260311,2026-03-11,2031-03-11,34100.0,0.103,60,729.57,Fleet Commercial Van,53934.9,CCC - Elevated Risk,Current / Performing,0,0.0
LN-10384,CUST-0376,PRD-MORT,BR-102,20231201,2023-12-01,2043-12-01,729800.0,0.0675,240,5549.14,Investment Property Buy,1149394.15,BBB - Moderate Risk,Current / Performing,0,0.0
LN-10385,CUST-0588,PRD-MORT,BR-104,20240317,2024-03-17,2044-03-17,770600.0,0.0675,240,5859.37,Primary Residence Purchase,893807.35,BBB - Moderate Risk,Current / Performing,0,0.0
LN-10386,CUST-0834,PRD-PERS,BR-110,20240525,2024-05-25,2025-05-25,8600.0,0.12,12,764.1,Emergency Medical Exp,0.0,BBB - Moderate Risk,Fully Paid,0,0.0
LN-10387,CUST-0131,PRD-EDU,BR-106,20240829,2024-08-29,2034-08-29,14800.0,0.094,120,190.7,Medical Residency Program,0.0,CCC - Elevated Risk,Current / Performing,0,0.0
LN-10388,CUST-0266,PRD-EQUIP,BR-106,20260124,2026-01-24,2031-01-24,138100.0,0.084,60,2826.68,Industrial CNC Machine,210500.81,AAA - Low Risk,Current / Performing,0,0.0
LN-10389,CUST-0452,PRD-AUTO,BR-101,20250818,2025-08-18,2028-08-17,32000.0,0.073,36,992.46,New EV Purchase,39390.25,AAA - Low Risk,Current / Performing,0,0.0
LN-10390,CUST-0788,PRD-MORT,BR-112,20240117,2024-01-17,2044-01-17,284500.0,0.0575,240,1997.43,Primary Residence Purchase,452553.26,BBB - Moderate Risk,Current / Performing,0,0.0
LN-10391,CUST-0845,PRD-SME,BR-103,20240819,2024-08-19,2026-08-19,369200.0,0.1,24,17036.71,Inventory Stocking Q4,523975.62,BBB - Moderate Risk,Fully Paid,0,0.0
LN-10392,CUST-0767,PRD-PERS,BR-106,20240526,2024-05-26,2028-05-26,20800.0,0.13,48,558.01,Home Renovation,0.0,BBB - Moderate Risk,Current / Performing,0,0.0
LN-10393,CUST-0709,PRD-EDU,BR-105,20240205,2024-02-05,2028-02-05,78300.0,0.094,48,1963.4,MBA Program Tuition,0.0,DDD - High Default Probability,Current / Performing,0,0.0
LN-10394,CUST-0785,PRD-EDU,BR-105,20241216,2024-12-16,2028-12-16,52800.0,0.074,48,1274.18,MBA Program Tuition,0.0,CCC - Elevated Risk,Current / Performing,0,0.0
LN-10395,CUST-0327,PRD-AUTO,BR-112,20231124,2023-11-24,2029-11-23,43400.0,0.083,72,767.32,New EV Purchase,58080.59,CCC - Elevated Risk,Current / Performing,0,0.0
LN-10396,CUST-0224,PRD-MORT,BR-111,20231107,2023-11-07,2043-11-07,405300.0,0.0675,240,3081.76,Investment Property Buy,593970.85,BBB - Moderate Risk,Current / Performing,0,0.0
LN-10397,CUST-0527,PRD-MORT,BR-107,20260202,2026-02-02,2046-02-02,263100.0,0.0675,240,2000.52,Primary Residence Purchase,388265.38,BBB - Moderate Risk,Current / Performing,0,0.0
LN-10398,CUST-0079,PRD-PERS,BR-105,20240829,2024-08-29,2028-08-29,24200.0,0.12,48,637.28,Debt Consolidation,0.0,BBB - Moderate Risk,Current / Performing,0,0.0
LN-10399,CUST-0769,PRD-AUTO,BR-102,20230102,2023-01-02,2026-01-01,54700.0,0.083,36,1721.68,New EV Purchase,76935.97,BBB - Moderate Risk,Fully Paid,0,0.0
LN-10400,CUST-0122,PRD-EDU,BR-110,20250610,2025-06-10,2029-06-10,25200.0,0.074,48,608.13,Medical Residency Program,0.0,BBB - Moderate Risk,Current / Performing,0,0.0
LN-10401,CUST-0498,PRD-EDU,BR-111,20260309,2026-03-09,2030-03-09,16300.0,0.064,48,385.8,Medical Residency Program,0.0,CCC - Elevated Risk,Current / Performing,0,0.0
LN-10402,CUST-0433,PRD-SME,BR-108,20230212,2023-02-12,2026-02-11,332500.0,0.12,36,11043.76,Working Capital Expansion,383180.38,CCC - Elevated Risk,Fully Paid,0,0.0
LN-10403,CUST-0727,PRD-MORT,BR-110,20241228,2024-12-28,2054-12-28,647900.0,0.0675,360,4202.27,Refinance Existing Mortgage,990705.88,CCC - Elevated Risk,Current / Performing,0,0.0
LN-10404,CUST-0212,PRD-EDU,BR-112,20260602,2026-06-02,2036-06-01,57100.0,0.094,120,735.74,Master of Science in Data Analytics,0.0,CCC - Elevated Risk,Current / Performing,0,0.0
LN-10405,CUST-0466,PRD-MORT,BR-102,20240522,2024-05-22,2044-05-22,558900.0,0.0575,240,3923.94,Primary Residence Purchase,642941.35,AAA - Low Risk,Current / Performing,0,0.0
LN-10406,CUST-0065,PRD-EDU,BR-103,20250903,2025-09-03,2032-09-02,59600.0,0.074,84,911.22,Medical Residency Program,0.0,BBB - Moderate Risk,Current / Performing,0,0.0
LN-10407,CUST-0833,PRD-PERS,BR-111,20240521,2024-05-21,2026-05-21,22900.0,0.13,24,1088.71,Wedding & Family,0.0,CCC - Elevated Risk,Fully Paid,0,0.0
LN-10408,CUST-0692,PRD-MORT,BR-110,20231105,2023-11-05,2043-11-05,445000.0,0.1075,240,4517.77,Investment Property Buy,702656.54,DDD - High Default Probability,Current / Performing,0,0.0
LN-10409,CUST-0688,PRD-SME,BR-106,20230119,2023-01-19,2030-01-18,345300.0,0.09,84,5555.56,Inventory Stocking Q4,487114.44,AAA - Low Risk,Current / Performing,0,0.0
LN-10410,CUST-0315,PRD-EQUIP,BR-105,20251016,2025-10-16,2030-10-16,111700.0,0.084,60,2286.32,Medical Imaging Scanner,159509.07,AAA - Low Risk,Current / Performing,0,0.0
LN-10411,CUST-0550,PRD-EDU,BR-110,20230807,2023-08-07,2033-08-06,30500.0,0.074,120,360.45,Medical Residency Program,0.0,BBB - Moderate Risk,Current / Performing,0,0.0
LN-10412,CUST-0041,PRD-SME,BR-105,20250330,2025-03-30,2030-03-30,271200.0,0.1,60,5762.2,Working Capital Expansion,314086.26,BBB - Moderate Risk,Current / Performing,0,0.0
LN-10413,CUST-0565,PRD-AUTO,BR-104,20260503,2026-05-03,2032-05-02,28100.0,0.073,72,483.14,Fleet Commercial Van,44894.8,CCC - Elevated Risk,Current / Performing,0,0.0
LN-10414,CUST-0413,PRD-MORT,BR-108,20260427,2026-04-27,2046-04-27,619300.0,0.0575,240,4348.0,Primary Residence Purchase,966121.76,CCC - Elevated Risk,Current / Performing,0,0.0
LN-10415,CUST-0935,PRD-MORT,BR-106,20230831,2023-08-31,2053-08-30,506900.0,0.0675,360,3287.74,Refinance Existing Mortgage,783253.82,CCC - Elevated Risk,Current / Performing,0,0.0
LN-10416,CUST-0682,PRD-PERS,BR-102,20250514,2025-05-14,2029-05-14,31900.0,0.12,48,840.05,Wedding & Family,0.0,AAA - Low Risk,Current / Performing,0,0.0
LN-10417,CUST-0962,PRD-AUTO,BR-107,20230913,2023-09-13,2026-09-12,31600.0,0.073,36,980.06,New EV Purchase,49591.19,CCC - Elevated Risk,Fully Paid,0,0.0
LN-10418,CUST-0869,PRD-AUTO,BR-106,20251230,2025-12-30,2029-12-30,30600.0,0.103,48,780.51,Certified Pre-Owned Luxury Car,46625.11,CCC - Elevated Risk,Current / Performing,0,0.0
LN-10419,CUST-0798,PRD-SME,BR-104,20240430,2024-04-30,2027-04-30,303300.0,0.1,36,9786.64,New Branch Expansion,416307.78,BBB - Moderate Risk,Current / Performing,0,0.0
LN-10420,CUST-0880,PRD-PERS,BR-102,20230727,2023-07-27,2027-07-27,6700.0,0.15,48,186.47,Emergency Medical Exp,0.0,CCC - Elevated Risk,Current / Performing,0,0.0
LN-10421,CUST-0220,PRD-PERS,BR-104,20231017,2023-10-17,2027-10-17,17000.0,0.15,48,473.12,Emergency Medical Exp,0.0,CCC - Elevated Risk,Charged Off / Written Off,1,7710.98
LN-10422,CUST-0237,PRD-SME,BR-103,20251111,2025-11-11,2032-11-10,62100.0,0.1,84,1030.93,Inventory Stocking Q4,74902.86,BBB - Moderate Risk,Current / Performing,0,0.0
LN-10423,CUST-0070,PRD-PERS,BR-109,20231223,2023-12-23,2027-12-23,20400.0,0.15,48,567.75,Home Renovation,0.0,CCC - Elevated Risk,Under Restructuring,1,0.0
LN-10424,CUST-0525,PRD-MORT,BR-108,20230727,2023-07-27,2053-07-26,566900.0,0.0675,360,3676.9,Primary Residence Purchase,742813.72,BBB - Moderate Risk,Current / Performing,0,0.0
LN-10425,CUST-0602,PRD-EDU,BR-108,20260324,2026-03-24,2031-03-24,72200.0,0.064,60,1409.3,Medical Residency Program,0.0,CCC - Elevated Risk,Current / Performing,0,0.0
LN-10426,CUST-0853,PRD-EQUIP,BR-107,20241128,2024-11-28,2027-11-28,39800.0,0.084,36,1254.54,Industrial CNC Machine,55446.82,AAA - Low Risk,Current / Performing,0,0.0
LN-10427,CUST-0175,PRD-EDU,BR-109,20250129,2025-01-29,2035-01-29,33000.0,0.064,120,373.03,Medical Residency Program,0.0,BBB - Moderate Risk,Current / Performing,0,0.0
LN-10428,CUST-0076,PRD-AUTO,BR-112,20240904,2024-09-04,2030-09-04,42000.0,0.083,72,742.56,Fleet Commercial Van,59799.44,BBB - Moderate Risk,Delinquent (31-60 DPD),0,0.0
LN-10429,CUST-0536,PRD-SME,BR-106,20251207,2025-12-07,2027-12-07,83200.0,0.09,24,3800.97,Inventory Stocking Q4,119574.03,AAA - Low Risk,Current / Performing,0,0.0
LN-10430,CUST-0024,PRD-EQUIP,BR-104,20260319,2026-03-19,2029-03-18,154200.0,0.114,36,5077.57,Warehouse Forklift Fleet,209805.24,CCC - Elevated Risk,Charged Off / Written Off,1,71936.33
LN-10431,CUST-0673,PRD-PERS,BR-110,20251030,2025-10-30,2029-10-30,27000.0,0.13,48,724.34,Wedding & Family,0.0,CCC - Elevated Risk,Current / Performing,0,0.0
LN-10432,CUST-0588,PRD-SME,BR-104,20240921,2024-09-21,2027-09-21,308500.0,0.1,36,9954.43,Technology & IT Modernization,403302.91,BBB - Moderate Risk,Current / Performing,0,0.0
LN-10433,CUST-0411,PRD-MORT,BR-102,20241203,2024-12-03,2054-12-03,522500.0,0.0575,360,3049.17,Refinance Existing Mortgage,778988.3,BBB - Moderate Risk,Current / Performing,0,0.0
LN-10434,CUST-0862,PRD-SME,BR-105,20230705,2023-07-05,2030-07-04,303100.0,0.1,84,5031.82,Technology & IT Modernization,409992.23,CCC - Elevated Risk,Current / Performing,0,0.0
LN-10435,CUST-0138,PRD-EDU,BR-106,20240506,2024-05-06,2034-05-06,44000.0,0.064,120,497.38,MBA Program Tuition,0.0,AAA - Low Risk,Current / Performing,0,0.0
LN-10436,CUST-0079,PRD-MORT,BR-105,20230803,2023-08-03,2043-08-03,823300.0,0.0575,240,5780.25,Refinance Existing Mortgage,1181907.0,BBB - Moderate Risk,Current / Performing,0,0.0
LN-10437,CUST-0147,PRD-SME,BR-109,20250509,2025-05-09,2029-05-09,218900.0,0.1,48,5551.87,Working Capital Expansion,277671.08,CCC - Elevated Risk,Current / Performing,0,0.0
LN-10438,CUST-0676,PRD-EDU,BR-110,20230108,2023-01-08,2027-01-08,22100.0,0.074,48,533.32,Medical Residency Program,0.0,BBB - Moderate Risk,Fully Paid,0,0.0
LN-10439,CUST-0140,PRD-SME,BR-108,20230910,2023-09-10,2030-09-09,156400.0,0.1,84,2596.43,Inventory Stocking Q4,181357.19,CCC - Elevated Risk,Current / Performing,0,0.0
LN-10440,CUST-0067,PRD-EDU,BR-104,20251007,2025-10-07,2029-10-07,48400.0,0.114,48,1260.35,MBA Program Tuition,0.0,DDD - High Default Probability,Current / Performing,0,0.0
LN-10441,CUST-0358,PRD-AUTO,BR-110,20251115,2025-11-15,2031-11-15,63500.0,0.083,72,1122.69,New EV Purchase,88596.98,BBB - Moderate Risk,Current / Performing,0,0.0
LN-10442,CUST-0275,PRD-PERS,BR-107,20230516,2023-05-16,2024-05-15,4800.0,0.13,12,428.72,Wedding & Family,0.0,BBB - Moderate Risk,Fully Paid,0,0.0
LN-10443,CUST-0946,PRD-AUTO,BR-111,20231023,2023-10-23,2028-10-22,42200.0,0.073,60,841.6,Certified Pre-Owned Luxury Car,49064.78,AAA - Low Risk,Current / Performing,0,0.0
LN-10444,CUST-0912,PRD-EQUIP,BR-107,20240314,2024-03-14,2027-03-14,90000.0,0.084,36,2836.91,Industrial CNC Machine,125109.56,AAA - Low Risk,Current / Performing,0,0.0
LN-10445,CUST-0033,PRD-EDU,BR-106,20241117,2024-11-17,2028-11-17,37400.0,0.064,48,885.22,MBA Program Tuition,0.0,BBB - Moderate Risk,Current / Performing,0,0.0
LN-10446,CUST-0027,PRD-SME,BR-105,20240318,2024-03-18,2031-03-18,85800.0,0.09,84,1380.44,Working Capital Expansion,123934.4,BBB - Moderate Risk,Current / Performing,0,0.0
LN-10447,CUST-0727,PRD-PERS,BR-110,20250414,2025-04-14,2027-04-14,35000.0,0.13,24,1663.96,Debt Consolidation,0.0,CCC - Elevated Risk,Current / Performing,0,0.0
LN-10448,CUST-0370,PRD-AUTO,BR-108,20230710,2023-07-10,2029-07-09,15800.0,0.083,72,279.35,Certified Pre-Owned Luxury Car,19457.51,CCC - Elevated Risk,Current / Performing,0,0.0
LN-10449,CUST-0691,PRD-AUTO,BR-106,20250511,2025-05-11,2031-05-11,30800.0,0.073,72,529.56,New EV Purchase,48212.08,AAA - Low Risk,Current / Performing,0,0.0
LN-10450,CUST-0109,PRD-EDU,BR-111,20230815,2023-08-15,2030-08-14,76900.0,0.094,84,1252.92,Medical Residency Program,0.0,CCC - Elevated Risk,Current / Performing,0,0.0
LN-10451,CUST-0691,PRD-SME,BR-106,20230917,2023-09-17,2027-09-17,235400.0,0.09,48,5857.94,Working Capital Expansion,366879.04,AAA - Low Risk,Current / Performing,0,0.0
LN-10452,CUST-0308,PRD-MORT,BR-106,20230414,2023-04-14,2043-04-14,571300.0,0.0675,240,4343.96,Investment Property Buy,853431.41,BBB - Moderate Risk,Current / Performing,0,0.0
LN-10453,CUST-0121,PRD-AUTO,BR-108,20260321,2026-03-21,2032-03-20,35500.0,0.123,72,699.58,Certified Pre-Owned Luxury Car,47721.3,DDD - High Default Probability,In Default (90+ DPD),1,0.0
LN-10454,CUST-0002,PRD-AUTO,BR-101,20240322,2024-03-22,2027-03-22,18000.0,0.103,36,583.35,New EV Purchase,25143.2,CCC - Elevated Risk,Current / Performing,0,0.0
LN-10455,CUST-0003,PRD-MORT,BR-105,20260402,2026-04-02,2046-04-02,449900.0,0.0875,240,3975.81,Investment Property Buy,644481.31,CCC - Elevated Risk,Current / Performing,0,0.0
LN-10456,CUST-0557,PRD-MORT,BR-101,20260126,2026-01-26,2046-01-26,512000.0,0.0675,240,3893.06,Refinance Existing Mortgage,678312.21,BBB - Moderate Risk,Current / Performing,0,0.0
LN-10457,CUST-0326,PRD-MORT,BR-104,20260522,2026-05-22,2056-05-21,619700.0,0.0675,360,4019.36,Investment Property Buy,784919.49,BBB - Moderate Risk,Current / Performing,0,0.0
LN-10458,CUST-0458,PRD-PERS,BR-103,20250207,2025-02-07,2029-02-07,12100.0,0.13,48,324.61,Emergency Medical Exp,0.0,BBB - Moderate Risk,Current / Performing,0,0.0
LN-10459,CUST-0669,PRD-AUTO,BR-109,20251117,2025-11-17,2031-11-17,44800.0,0.073,72,770.27,Certified Pre-Owned Luxury Car,71037.82,CCC - Elevated Risk,Delinquent (31-60 DPD),0,0.0
LN-10460,CUST-0974,PRD-AUTO,BR-109,20241206,2024-12-06,2030-12-06,15900.0,0.073,72,273.38,Certified Pre-Owned Luxury Car,18908.84,BBB - Moderate Risk,Delinquent (61-90 DPD),1,0.0
LN-10461,CUST-0888,PRD-SME,BR-104,20230823,2023-08-23,2025-08-22,74300.0,0.1,24,3428.57,Inventory Stocking Q4,92769.38,BBB - Moderate Risk,Fully Paid,0,0.0
LN-10462,CUST-0948,PRD-EQUIP,BR-112,20250524,2025-05-24,2027-05-24,79400.0,0.084,24,3605.55,Industrial CNC Machine,92359.21,CCC - Elevated Risk,Delinquent (31-60 DPD),0,0.0
LN-10463,CUST-0897,PRD-PERS,BR-110,20231230,2023-12-30,2026-12-29,34300.0,0.12,36,1139.25,Wedding & Family,0.0,AAA - Low Risk,Fully Paid,0,0.0
LN-10464,CUST-0866,PRD-AUTO,BR-101,20240615,2024-06-15,2028-06-15,32500.0,0.073,48,782.78,Certified Pre-Owned Luxury Car,38589.96,AAA - Low Risk,Current / Performing,0,0.0
LN-10465,CUST-0360,PRD-EQUIP,BR-108,20250330,2025-03-30,2028-03-29,157700.0,0.134,36,5343.97,Warehouse Forklift Fleet,251153.7,DDD - High Default Probability,Current / Performing,0,0.0
LN-10466,CUST-0371,PRD-MORT,BR-110,20230316,2023-03-16,2043-03-16,833700.0,0.0875,240,7367.5,Primary Residence Purchase,1261241.68,CCC - Elevated Risk,Current / Performing,0,0.0
LN-10467,CUST-0345,PRD-EQUIP,BR-101,20250605,2025-06-05,2030-06-05,118700.0,0.094,60,2487.12,Warehouse Forklift Fleet,145245.13,CCC - Elevated Risk,Current / Performing,0,0.0
LN-10468,CUST-0151,PRD-SME,BR-112,20240525,2024-05-25,2026-05-25,392900.0,0.1,24,18130.34,New Branch Expansion,493119.27,BBB - Moderate Risk,Fully Paid,0,0.0
LN-10469,CUST-0887,PRD-MORT,BR-111,20241212,2024-12-12,2044-12-12,730800.0,0.0675,240,5556.74,Primary Residence Purchase,900188.61,BBB - Moderate Risk,Current / Performing,0,0.0
LN-10470,CUST-0969,PRD-AUTO,BR-112,20251014,2025-10-14,2028-10-13,20000.0,0.083,36,629.5,Fleet Commercial Van,28776.74,BBB - Moderate Risk,Current / Performing,0,0.0
LN-10471,CUST-0014,PRD-AUTO,BR-101,20240901,2024-09-01,2030-09-01,55700.0,0.083,72,984.78,New EV Purchase,66735.4,BBB - Moderate Risk,Current / Performing,0,0.0
LN-10472,CUST-0632,PRD-MORT,BR-110,20251105,2025-11-05,2045-11-05,264000.0,0.0575,240,1853.5,Investment Property Buy,337445.57,AAA - Low Risk,Current / Performing,0,0.0
LN-10473,CUST-0542,PRD-EQUIP,BR-104,20250627,2025-06-27,2030-06-27,140400.0,0.094,60,2941.8,Warehouse Forklift Fleet,170153.68,BBB - Moderate Risk,Current / Performing,0,0.0
LN-10474,CUST-0901,PRD-EDU,BR-106,20250225,2025-02-25,2030-02-25,43700.0,0.064,60,853.0,Master of Science in Data Analytics,0.0,AAA - Low Risk,Current / Performing,0,0.0
LN-10475,CUST-0477,PRD-EDU,BR-110,20230306,2023-03-06,2027-03-06,21900.0,0.074,48,528.5,MBA Program Tuition,0.0,BBB - Moderate Risk,Current / Performing,0,0.0
LN-10476,CUST-0266,PRD-SME,BR-106,20250824,2025-08-24,2027-08-24,205600.0,0.09,24,9392.78,New Branch Expansion,299560.87,AAA - Low Risk,Current / Performing,0,0.0
LN-10477,CUST-0844,PRD-AUTO,BR-105,20250306,2025-03-06,2028-03-05,15200.0,0.123,36,507.04,New EV Purchase,18968.29,DDD - High Default Probability,Delinquent (61-90 DPD),1,0.0
LN-10478,CUST-0300,PRD-EDU,BR-109,20230516,2023-05-16,2027-05-16,11700.0,0.064,48,276.93,MBA Program Tuition,0.0,BBB - Moderate Risk,Current / Performing,0,0.0
LN-10479,CUST-0398,PRD-EQUIP,BR-108,20240818,2024-08-18,2029-08-18,135500.0,0.114,60,2973.2,Industrial CNC Machine,169915.62,CCC - Elevated Risk,Current / Performing,0,0.0
LN-10480,CUST-0828,PRD-EDU,BR-109,20250519,2025-05-19,2029-05-19,32400.0,0.074,48,781.89,Master of Science in Data Analytics,0.0,BBB - Moderate Risk,Current / Performing,0,0.0
LN-10481,CUST-0350,PRD-PERS,BR-105,20240615,2024-06-15,2027-06-15,15000.0,0.17,36,534.79,Debt Consolidation,0.0,DDD - High Default Probability,Current / Performing,0,0.0
LN-10482,CUST-0367,PRD-MORT,BR-103,20250623,2025-06-23,2045-06-23,217800.0,0.0575,240,1529.14,Primary Residence Purchase,256462.93,BBB - Moderate Risk,Current / Performing,0,0.0
LN-10483,CUST-0795,PRD-AUTO,BR-107,20250624,2025-06-24,2030-06-24,56100.0,0.083,60,1145.58,Certified Pre-Owned Luxury Car,77219.67,BBB - Moderate Risk,Current / Performing,0,0.0
LN-10484,CUST-0047,PRD-SME,BR-105,20250503,2025-05-03,2032-05-02,150300.0,0.1,84,2495.16,Working Capital Expansion,202964.19,BBB - Moderate Risk,Current / Performing,0,0.0
LN-10485,CUST-0915,PRD-EDU,BR-102,20250602,2025-06-02,2035-06-02,68500.0,0.074,120,809.54,Medical Residency Program,0.0,BBB - Moderate Risk,Delinquent (31-60 DPD),0,0.0
LN-10486,CUST-0808,PRD-MORT,BR-101,20251210,2025-12-10,2045-12-10,508300.0,0.0575,240,3568.69,Investment Property Buy,680183.69,BBB - Moderate Risk,Delinquent (31-60 DPD),0,0.0
LN-10487,CUST-0728,PRD-PERS,BR-112,20241206,2024-12-06,2028-12-06,8100.0,0.12,48,213.3,Debt Consolidation,0.0,AAA - Low Risk,Current / Performing,0,0.0
LN-10488,CUST-0659,PRD-AUTO,BR-103,20250914,2025-09-14,2028-09-13,20300.0,0.123,36,677.16,New EV Purchase,30981.1,DDD - High Default Probability,Current / Performing,0,0.0
LN-10489,CUST-0567,PRD-AUTO,BR-101,20230308,2023-03-08,2029-03-07,23800.0,0.083,72,420.79,New EV Purchase,36318.69,BBB - Moderate Risk,Current / Performing,0,0.0
LN-10490,CUST-0508,PRD-MORT,BR-109,20230505,2023-05-05,2043-05-05,555100.0,0.0675,240,4220.78,Primary Residence Purchase,750916.87,BBB - Moderate Risk,Current / Performing,0,0.0
LN-10491,CUST-0188,PRD-PERS,BR-104,20240726,2024-07-26,2028-07-26,21500.0,0.13,48,576.79,Debt Consolidation,0.0,BBB - Moderate Risk,Current / Performing,0,0.0
LN-10492,CUST-0631,PRD-EQUIP,BR-112,20260131,2026-01-31,2031-01-31,41900.0,0.114,60,919.39,Medical Imaging Scanner,52313.94,CCC - Elevated Risk,Current / Performing,0,0.0
LN-10493,CUST-0440,PRD-MORT,BR-111,20230914,2023-09-14,2043-09-14,667000.0,0.0675,240,5071.63,Refinance Existing Mortgage,885649.13,BBB - Moderate Risk,Current / Performing,0,0.0
LN-10494,CUST-0836,PRD-MORT,BR-111,20250507,2025-05-07,2045-05-07,845900.0,0.0675,240,6431.92,Refinance Existing Mortgage,1295004.71,BBB - Moderate Risk,In Default (90+ DPD),1,0.0
LN-10495,CUST-0796,PRD-PERS,BR-111,20240502,2024-05-02,2025-05-02,11900.0,0.12,12,1057.3,Debt Consolidation,0.0,AAA - Low Risk,Fully Paid,0,0.0
LN-10496,CUST-0874,PRD-MORT,BR-112,20230821,2023-08-21,2043-08-21,843100.0,0.0575,240,5919.27,Refinance Existing Mortgage,1094219.32,AAA - Low Risk,Delinquent (31-60 DPD),0,0.0
LN-10497,CUST-0404,PRD-AUTO,BR-107,20260427,2026-04-27,2032-04-26,21600.0,0.073,72,371.38,Fleet Commercial Van,25099.06,AAA - Low Risk,Current / Performing,0,0.0
LN-10498,CUST-0627,PRD-EDU,BR-101,20231002,2023-10-02,2027-10-02,18300.0,0.064,48,433.14,Master of Science in Data Analytics,0.0,AAA - Low Risk,Current / Performing,0,0.0
LN-10499,CUST-0638,PRD-MORT,BR-101,20260415,2026-04-15,2046-04-15,317500.0,0.0675,240,2414.16,Refinance Existing Mortgage,375985.43,CCC - Elevated Risk,Current / Performing,0,0.0
LN-10500,CUST-0719,PRD-MORT,BR-108,20250521,2025-05-21,2045-05-21,491600.0,0.1075,240,4990.87,Primary Residence Purchase,571191.2,DDD - High Default Probability,Current / Performing,0,0.0
LN-10501,CUST-0278,PRD-AUTO,BR-104,20231013,2023-10-13,2026-10-12,44100.0,0.083,36,1388.05,New EV Purchase,56658.83,BBB - Moderate Risk,Fully Paid,0,0.0
LN-10502,CUST-0514,PRD-EDU,BR-108,20240428,2024-04-28,2029-04-28,54000.0,0.094,60,1131.46,Medical Residency Program,0.0,CCC - Elevated Risk,Delinquent (31-60 DPD),0,0.0
LN-10503,CUST-0776,PRD-AUTO,BR-103,20260421,2026-04-21,2032-04-20,36500.0,0.103,72,681.73,New EV Purchase,47854.63,CCC - Elevated Risk,Current / Performing,0,0.0
LN-10504,CUST-0176,PRD-PERS,BR-109,20250614,2025-06-14,2029-06-14,7300.0,0.13,48,195.84,Home Renovation,0.0,CCC - Elevated Risk,Under Restructuring,1,0.0
LN-10505,CUST-0569,PRD-AUTO,BR-108,20231220,2023-12-20,2026-12-19,58500.0,0.073,36,1814.35,New EV Purchase,87149.9,AAA - Low Risk,Fully Paid,0,0.0
LN-10506,CUST-0093,PRD-AUTO,BR-110,20231129,2023-11-29,2027-11-29,61100.0,0.083,48,1500.25,New EV Purchase,78169.08,BBB - Moderate Risk,Current / Performing,0,0.0
LN-10507,CUST-0986,PRD-EDU,BR-112,20250109,2025-01-09,2035-01-09,23600.0,0.074,120,278.91,Master of Science in Data Analytics,0.0,BBB - Moderate Risk,Current / Performing,0,0.0
LN-10508,CUST-0096,PRD-MORT,BR-102,20260427,2026-04-27,2046-04-27,448500.0,0.0675,240,3410.23,Primary Residence Purchase,656008.63,CCC - Elevated Risk,Current / Performing,0,0.0
LN-10509,CUST-0289,PRD-AUTO,BR-105,20251212,2025-12-12,2031-12-12,15500.0,0.073,72,266.5,Fleet Commercial Van,20095.81,CCC - Elevated Risk,Current / Performing,0,0.0
LN-10510,CUST-0290,PRD-EQUIP,BR-106,20230710,2023-07-10,2028-07-09,71400.0,0.084,60,1461.44,Industrial CNC Machine,105096.32,CCC - Elevated Risk,Current / Performing,0,0.0
LN-10511,CUST-0710,PRD-AUTO,BR-107,20240529,2024-05-29,2029-05-29,24000.0,0.073,60,478.63,New EV Purchase,36442.93,AAA - Low Risk,Current / Performing,0,0.0
LN-10512,CUST-0294,PRD-EDU,BR-112,20240324,2024-03-24,2034-03-24,31500.0,0.074,120,372.27,MBA Program Tuition,0.0,CCC - Elevated Risk,Charged Off / Written Off,1,14984.49
LN-10513,CUST-0780,PRD-MORT,BR-103,20231205,2023-12-05,2043-12-05,768200.0,0.0675,240,5841.12,Investment Property Buy,1011239.59,CCC - Elevated Risk,Current / Performing,0,0.0
LN-10514,CUST-0346,PRD-EQUIP,BR-107,20241002,2024-10-02,2029-10-02,140000.0,0.094,60,2933.42,Warehouse Forklift Fleet,171986.01,BBB - Moderate Risk,Current / Performing,0,0.0
LN-10515,CUST-0755,PRD-MORT,BR-108,20240824,2024-08-24,2044-08-24,496100.0,0.0575,240,3483.04,Investment Property Buy,628988.23,CCC - Elevated Risk,Current / Performing,0,0.0
LN-10516,CUST-0414,PRD-EDU,BR-109,20230518,2023-05-18,2030-05-17,56100.0,0.074,84,857.71,Medical Residency Program,0.0,BBB - Moderate Risk,Current / Performing,0,0.0
LN-10517,CUST-0666,PRD-EDU,BR-101,20250227,2025-02-27,2029-02-27,30300.0,0.114,48,789.02,Master of Science in Data Analytics,0.0,DDD - High Default Probability,Current / Performing,0,0.0
LN-10518,CUST-0838,PRD-SME,BR-110,20250822,2025-08-22,2027-08-22,269200.0,0.12,24,12672.18,Inventory Stocking Q4,331753.03,DDD - High Default Probability,Charged Off / Written Off,1,215234.46
LN-10519,CUST-0663,PRD-EDU,BR-105,20250601,2025-06-01,2032-05-31,25300.0,0.094,84,412.21,MBA Program Tuition,0.0,DDD - High Default Probability,Current / Performing,0,0.0
LN-10520,CUST-0865,PRD-PERS,BR-103,20241022,2024-10-22,2025-10-22,30000.0,0.12,12,2665.46,Emergency Medical Exp,0.0,AAA - Low Risk,Fully Paid,0,0.0
LN-10521,CUST-0211,PRD-AUTO,BR-105,20230506,2023-05-06,2026-05-05,35100.0,0.073,36,1088.61,New EV Purchase,49492.62,CCC - Elevated Risk,Fully Paid,0,0.0
LN-10522,CUST-0123,PRD-EDU,BR-112,20231112,2023-11-12,2033-11-11,59200.0,0.064,120,669.2,Master of Science in Data Analytics,0.0,AAA - Low Risk,Current / Performing,0,0.0
LN-10523,CUST-0704,PRD-EQUIP,BR-107,20240425,2024-04-25,2026-04-25,129600.0,0.084,24,5885.13,Industrial CNC Machine,204889.64,AAA - Low Risk,Fully Paid,0,0.0
LN-10524,CUST-0195,PRD-MORT,BR-108,20250123,2025-01-23,2045-01-23,847600.0,0.0675,240,6444.85,Investment Property Buy,1036684.93,BBB - Moderate Risk,Current / Performing,0,0.0
LN-10525,CUST-0483,PRD-EDU,BR-112,20230112,2023-01-12,2033-01-11,54400.0,0.074,120,642.9,Medical Residency Program,0.0,BBB - Moderate Risk,Current / Performing,0,0.0
LN-10526,CUST-0923,PRD-EQUIP,BR-103,20251112,2025-11-12,2027-11-12,75900.0,0.114,24,3551.65,Industrial CNC Machine,119373.02,CCC - Elevated Risk,Current / Performing,0,0.0
LN-10527,CUST-0164,PRD-SME,BR-107,20231104,2023-11-04,2030-11-03,116200.0,0.1,84,1929.06,New Branch Expansion,162403.5,BBB - Moderate Risk,Current / Performing,0,0.0
LN-10528,CUST-0283,PRD-MORT,BR-108,20230604,2023-06-04,2043-06-04,550900.0,0.0675,240,4188.85,Refinance Existing Mortgage,865836.67,BBB - Moderate Risk,Current / Performing,0,0.0
LN-10529,CUST-0776,PRD-AUTO,BR-103,20250512,2025-05-12,2029-05-12,48600.0,0.103,48,1239.64,Certified Pre-Owned Luxury Car,62026.96,CCC - Elevated Risk,Current / Performing,0,0.0
LN-10530,CUST-0674,PRD-AUTO,BR-105,20240902,2024-09-02,2027-09-02,47900.0,0.083,36,1507.65,Certified Pre-Owned Luxury Car,59718.24,BBB - Moderate Risk,Current / Performing,0,0.0
LN-10531,CUST-0780,PRD-SME,BR-103,20230102,2023-01-02,2026-01-01,417300.0,0.1,36,13465.1,Technology & IT Modernization,525392.12,CCC - Elevated Risk,Fully Paid,0,0.0
LN-10532,CUST-0286,PRD-EQUIP,BR-101,20230203,2023-02-03,2027-02-03,160400.0,0.094,48,4022.1,Medical Imaging Scanner,204091.32,BBB - Moderate Risk,Current / Performing,0,0.0
LN-10533,CUST-0391,PRD-SME,BR-112,20250807,2025-08-07,2032-08-06,213100.0,0.09,84,3428.58,Working Capital Expansion,257468.8,CCC - Elevated Risk,Current / Performing,0,0.0
LN-10534,CUST-0012,PRD-SME,BR-102,20250503,2025-05-03,2032-05-02,79100.0,0.09,84,1272.65,New Branch Expansion,124731.4,AAA - Low Risk,Current / Performing,0,0.0
LN-10535,CUST-0567,PRD-EQUIP,BR-101,20250904,2025-09-04,2030-09-04,111200.0,0.094,60,2329.98,Warehouse Forklift Fleet,163414.18,BBB - Moderate Risk,Current / Performing,0,0.0
LN-10536,CUST-0764,PRD-AUTO,BR-109,20260512,2026-05-12,2029-05-11,22700.0,0.083,36,714.48,New EV Purchase,30216.04,BBB - Moderate Risk,In Default (90+ DPD),1,0.0
LN-10537,CUST-0742,PRD-EQUIP,BR-103,20230518,2023-05-18,2028-05-17,139900.0,0.094,60,2931.33,Medical Imaging Scanner,175165.01,BBB - Moderate Risk,Current / Performing,0,0.0
LN-10538,CUST-0446,PRD-EQUIP,BR-103,20241101,2024-11-01,2029-11-01,71100.0,0.084,60,1455.3,Medical Imaging Scanner,106910.01,BBB - Moderate Risk,Current / Performing,0,0.0
LN-10539,CUST-0820,PRD-MORT,BR-108,20240618,2024-06-18,2054-06-18,788700.0,0.0875,360,6204.71,Refinance Existing Mortgage,951405.7,CCC - Elevated Risk,Delinquent (31-60 DPD),0,0.0
LN-10540,CUST-0460,PRD-EDU,BR-104,20250416,2025-04-16,2035-04-16,17000.0,0.114,120,238.04,Medical Residency Program,0.0,DDD - High Default Probability,Current / Performing,0,0.0
LN-10541,CUST-0326,PRD-AUTO,BR-104,20230529,2023-05-29,2027-05-29,39100.0,0.083,48,960.06,Fleet Commercial Van,50520.6,BBB - Moderate Risk,Current / Performing,0,0.0
LN-10542,CUST-0854,PRD-EDU,BR-104,20260410,2026-04-10,2030-04-10,51400.0,0.074,48,1240.4,Medical Residency Program,0.0,BBB - Moderate Risk,Current / Performing,0,0.0
LN-10543,CUST-0982,PRD-EDU,BR-105,20250501,2025-05-01,2029-05-01,64200.0,0.064,48,1519.54,MBA Program Tuition,0.0,AAA - Low Risk,Delinquent (31-60 DPD),0,0.0
LN-10544,CUST-0092,PRD-SME,BR-106,20240504,2024-05-04,2027-05-04,395600.0,0.14,36,13520.67,Technology & IT Modernization,468906.92,DDD - High Default Probability,Current / Performing,0,0.0
LN-10545,CUST-0278,PRD-EQUIP,BR-104,20250314,2025-03-14,2030-03-14,63600.0,0.094,60,1332.61,Medical Imaging Scanner,76487.77,BBB - Moderate Risk,Current / Performing,0,0.0
LN-10546,CUST-0255,PRD-EDU,BR-103,20260123,2026-01-23,2030-01-23,22500.0,0.074,48,542.98,Medical Residency Program,0.0,BBB - Moderate Risk,In Default (90+ DPD),1,0.0
LN-10547,CUST-0568,PRD-SME,BR-106,20240724,2024-07-24,2026-07-24,314000.0,0.09,24,14345.01,Working Capital Expansion,382514.26,CCC - Elevated Risk,Fully Paid,0,0.0
LN-10548,CUST-0195,PRD-EDU,BR-108,20250817,2025-08-17,2030-08-17,28500.0,0.074,60,569.73,Master of Science in Data Analytics,0.0,BBB - Moderate Risk,Current / Performing,0,0.0
LN-10549,CUST-0554,PRD-EQUIP,BR-105,20240731,2024-07-31,2028-07-31,37200.0,0.114,48,968.7,Industrial CNC Machine,54175.75,CCC - Elevated Risk,Current / Performing,0,0.0
LN-10550,CUST-0466,PRD-EQUIP,BR-102,20231122,2023-11-22,2026-11-21,27800.0,0.084,36,876.29,Industrial CNC Machine,39483.75,AAA - Low Risk,Fully Paid,0,0.0
LN-10551,CUST-0202,PRD-MORT,BR-112,20250627,2025-06-27,2045-06-27,388000.0,0.0875,240,3428.8,Investment Property Buy,459020.66,CCC - Elevated Risk,Current / Performing,0,0.0
LN-10552,CUST-1000,PRD-MORT,BR-103,20231010,2023-10-10,2043-10-10,247900.0,0.0675,240,1884.94,Investment Property Buy,318686.13,BBB - Moderate Risk,Current / Performing,0,0.0
LN-10553,CUST-0046,PRD-AUTO,BR-108,20251223,2025-12-23,2028-12-22,47300.0,0.123,36,1577.82,Certified Pre-Owned Luxury Car,60056.42,DDD - High Default Probability,Under Restructuring,1,0.0
LN-10554,CUST-0706,PRD-AUTO,BR-109,20250731,2025-07-31,2031-07-31,43400.0,0.073,72,746.19,Fleet Commercial Van,61578.31,AAA - Low Risk,Current / Performing,0,0.0
LN-10555,CUST-0831,PRD-PERS,BR-103,20260424,2026-04-24,2029-04-23,4400.0,0.17,36,156.87,Emergency Medical Exp,0.0,DDD - High Default Probability,Delinquent (61-90 DPD),1,0.0
LN-10556,CUST-0860,PRD-PERS,BR-110,20241107,2024-11-07,2028-11-07,34400.0,0.17,48,992.61,Home Renovation,0.0,DDD - High Default Probability,Current / Performing,0,0.0
LN-10557,CUST-0434,PRD-MORT,BR-107,20250705,2025-07-05,2045-07-05,392600.0,0.0675,240,2985.19,Investment Property Buy,478743.71,BBB - Moderate Risk,Delinquent (31-60 DPD),0,0.0
LN-10558,CUST-0093,PRD-SME,BR-110,20251014,2025-10-14,2027-10-14,176400.0,0.1,24,8139.97,Working Capital Expansion,230393.83,BBB - Moderate Risk,Current / Performing,0,0.0
LN-10559,CUST-0832,PRD-PERS,BR-112,20250815,2025-08-15,2026-08-15,13200.0,0.17,12,1203.9,Wedding & Family,0.0,DDD - High Default Probability,Under Restructuring,1,0.0
LN-10560,CUST-0568,PRD-AUTO,BR-106,20240203,2024-02-03,2030-02-02,50700.0,0.073,72,871.71,Certified Pre-Owned Luxury Car,64324.58,CCC - Elevated Risk,Current / Performing,0,0.0
LN-10561,CUST-0826,PRD-EQUIP,BR-102,20230725,2023-07-25,2026-07-24,50400.0,0.084,36,1588.67,Medical Imaging Scanner,66122.09,CCC - Elevated Risk,Fully Paid,0,0.0
LN-10562,CUST-0575,PRD-AUTO,BR-107,20241021,2024-10-21,2028-10-21,53200.0,0.123,48,1408.81,Certified Pre-Owned Luxury Car,83558.43,DDD - High Default Probability,Current / Performing,0,0.0
LN-10563,CUST-0245,PRD-EQUIP,BR-103,20240109,2024-01-09,2026-01-08,114200.0,0.114,24,5343.85,Warehouse Forklift Fleet,166724.34,DDD - High Default Probability,Charged Off / Written Off,1,77379.78
LN-10564,CUST-0495,PRD-PERS,BR-108,20241019,2024-10-19,2026-10-19,13500.0,0.12,24,635.49,Emergency Medical Exp,0.0,AAA - Low Risk,Fully Paid,0,0.0
LN-10565,CUST-0808,PRD-PERS,BR-101,20240518,2024-05-18,2028-05-18,24500.0,0.12,48,645.18,Home Renovation,0.0,BBB - Moderate Risk,Current / Performing,0,0.0
LN-10566,CUST-0748,PRD-SME,BR-111,20230227,2023-02-27,2030-02-26,51400.0,0.1,84,853.3,Technology & IT Modernization,60321.09,BBB - Moderate Risk,Current / Performing,0,0.0
LN-10567,CUST-0277,PRD-MORT,BR-102,20250608,2025-06-08,2045-06-08,708000.0,0.0875,240,6256.67,Refinance Existing Mortgage,975519.78,CCC - Elevated Risk,Current / Performing,0,0.0
LN-10568,CUST-0830,PRD-SME,BR-112,20240621,2024-06-21,2031-06-21,341600.0,0.12,84,6030.17,Technology & IT Modernization,481025.57,CCC - Elevated Risk,Current / Performing,0,0.0
LN-10569,CUST-0264,PRD-EDU,BR-111,20251102,2025-11-02,2035-11-02,12400.0,0.074,120,146.54,Medical Residency Program,0.0,BBB - Moderate Risk,Current / Performing,0,0.0
LN-10570,CUST-0391,PRD-MORT,BR-112,20230925,2023-09-25,2043-09-25,302000.0,0.0575,240,2120.29,Investment Property Buy,426899.87,CCC - Elevated Risk,Current / Performing,0,0.0
LN-10571,CUST-0942,PRD-AUTO,BR-109,20231009,2023-10-09,2027-10-09,55800.0,0.073,48,1343.98,Fleet Commercial Van,81827.33,BBB - Moderate Risk,Current / Performing,0,0.0
LN-10572,CUST-0210,PRD-SME,BR-112,20251212,2025-12-12,2032-12-11,309600.0,0.1,84,5139.73,Working Capital Expansion,401991.61,BBB - Moderate Risk,Current / Performing,0,0.0
LN-10573,CUST-0996,PRD-PERS,BR-104,20250312,2025-03-12,2026-03-12,27100.0,0.13,12,2420.5,Emergency Medical Exp,0.0,CCC - Elevated Risk,Fully Paid,0,0.0
LN-10574,CUST-0123,PRD-MORT,BR-112,20260117,2026-01-17,2046-01-17,573100.0,0.0575,240,4023.64,Primary Residence Purchase,766653.85,AAA - Low Risk,Current / Performing,0,0.0
LN-10575,CUST-0910,PRD-SME,BR-104,20241222,2024-12-22,2026-12-22,446500.0,0.12,24,21018.31,Inventory Stocking Q4,564663.8,CCC - Elevated Risk,Fully Paid,0,0.0
LN-10576,CUST-0333,PRD-MORT,BR-110,20231112,2023-11-12,2043-11-12,779700.0,0.0575,240,5474.15,Refinance Existing Mortgage,987884.15,BBB - Moderate Risk,Current / Performing,0,0.0
LN-10577,CUST-0889,PRD-MORT,BR-104,20230511,2023-05-11,2043-05-11,212900.0,0.0575,240,1494.74,Primary Residence Purchase,283943.49,AAA - Low Risk,Current / Performing,0,0.0
LN-10578,CUST-0624,PRD-PERS,BR-107,20230522,2023-05-22,2027-05-22,11600.0,0.13,48,311.2,Debt Consolidation,0.0,CCC - Elevated Risk,Current / Performing,0,0.0
LN-10579,CUST-0399,PRD-EDU,BR-105,20240707,2024-07-07,2034-07-07,10900.0,0.074,120,128.82,MBA Program Tuition,0.0,BBB - Moderate Risk,Current / Performing,0,0.0
LN-10580,CUST-0345,PRD-EDU,BR-101,20260128,2026-01-28,2030-01-28,19800.0,0.074,48,477.82,MBA Program Tuition,0.0,CCC - Elevated Risk,Under Restructuring,1,0.0
LN-10581,CUST-0862,PRD-MORT,BR-105,20250817,2025-08-17,2045-08-17,748800.0,0.0675,240,5693.61,Primary Residence Purchase,874891.23,CCC - Elevated Risk,Under Restructuring,1,0.0
LN-10582,CUST-0739,PRD-AUTO,BR-110,20240217,2024-02-17,2027-02-16,40000.0,0.073,36,1240.58,Fleet Commercial Van,48324.46,AAA - Low Risk,Current / Performing,0,0.0
LN-10583,CUST-0562,PRD-SME,BR-110,20240727,2024-07-27,2027-07-27,233700.0,0.1,36,7540.84,New Branch Expansion,299519.5,CCC - Elevated Risk,Current / Performing,0,0.0
LN-10584,CUST-0093,PRD-SME,BR-110,20260112,2026-01-12,2033-01-11,109800.0,0.1,84,1822.81,Inventory Stocking Q4,170064.75,BBB - Moderate Risk,Current / Performing,0,0.0
LN-10585,CUST-0969,PRD-EDU,BR-112,20230225,2023-02-25,2027-02-25,71900.0,0.074,48,1735.11,Master of Science in Data Analytics,0.0,BBB - Moderate Risk,Current / Performing,0,0.0
LN-10586,CUST-0458,PRD-EDU,BR-103,20241023,2024-10-23,2029-10-23,14900.0,0.074,60,297.86,MBA Program Tuition,0.0,BBB - Moderate Risk,Current / Performing,0,0.0
LN-10587,CUST-0506,PRD-EDU,BR-108,20230429,2023-04-29,2033-04-28,50700.0,0.074,120,599.18,MBA Program Tuition,0.0,BBB - Moderate Risk,Current / Performing,0,0.0
LN-10588,CUST-0082,PRD-AUTO,BR-108,20240502,2024-05-02,2030-05-02,49100.0,0.083,72,868.09,New EV Purchase,58995.24,BBB - Moderate Risk,Current / Performing,0,0.0
LN-10589,CUST-0101,PRD-EDU,BR-109,20231002,2023-10-02,2027-10-02,55400.0,0.064,48,1311.25,MBA Program Tuition,0.0,BBB - Moderate Risk,Charged Off / Written Off,1,31833.44
LN-10590,CUST-0148,PRD-SME,BR-110,20260207,2026-02-07,2030-02-07,139600.0,0.12,48,3676.2,New Branch Expansion,202086.19,CCC - Elevated Risk,Current / Performing,0,0.0
LN-10591,CUST-0820,PRD-SME,BR-108,20250624,2025-06-24,2029-06-24,345900.0,0.12,48,9108.87,Inventory Stocking Q4,528514.08,CCC - Elevated Risk,Current / Performing,0,0.0
LN-10592,CUST-0757,PRD-AUTO,BR-104,20251123,2025-11-23,2030-11-23,50500.0,0.073,60,1007.12,Certified Pre-Owned Luxury Car,64060.94,CCC - Elevated Risk,Delinquent (61-90 DPD),1,0.0
LN-10593,CUST-0411,PRD-EDU,BR-102,20250628,2025-06-28,2029-06-28,32700.0,0.064,48,773.97,MBA Program Tuition,0.0,BBB - Moderate Risk,Current / Performing,0,0.0
LN-10594,CUST-0274,PRD-PERS,BR-112,20250523,2025-05-23,2029-05-23,12300.0,0.15,48,342.32,Wedding & Family,0.0,CCC - Elevated Risk,Current / Performing,0,0.0
LN-10595,CUST-0511,PRD-EDU,BR-106,20240302,2024-03-02,2028-03-02,34900.0,0.114,48,908.8,MBA Program Tuition,0.0,DDD - High Default Probability,Current / Performing,0,0.0
LN-10596,CUST-0378,PRD-EQUIP,BR-111,20240915,2024-09-15,2027-09-15,179400.0,0.084,36,5654.91,Industrial CNC Machine,224606.58,BBB - Moderate Risk,Current / Performing,0,0.0
LN-10597,CUST-0727,PRD-PERS,BR-110,20250307,2025-03-07,2028-03-06,26300.0,0.13,36,886.15,Emergency Medical Exp,0.0,CCC - Elevated Risk,Current / Performing,0,0.0
LN-10598,CUST-0079,PRD-EDU,BR-105,20230712,2023-07-12,2033-07-11,49500.0,0.064,120,559.55,Master of Science in Data Analytics,0.0,BBB - Moderate Risk,Delinquent (31-60 DPD),0,0.0
LN-10599,CUST-0461,PRD-PERS,BR-107,20230222,2023-02-22,2026-02-21,21900.0,0.15,36,759.17,Home Renovation,0.0,DDD - High Default Probability,Fully Paid,0,0.0
LN-10600,CUST-0839,PRD-AUTO,BR-106,20230827,2023-08-27,2029-08-26,59500.0,0.123,72,1172.54,Certified Pre-Owned Luxury Car,78522.16,DDD - High Default Probability,Current / Performing,0,0.0
LN-10601,CUST-0132,PRD-AUTO,BR-105,20240326,2024-03-26,2029-03-26,45700.0,0.083,60,933.21,Fleet Commercial Van,53369.74,BBB - Moderate Risk,Current / Performing,0,0.0
LN-10602,CUST-0414,PRD-MORT,BR-109,20240715,2024-07-15,2044-07-15,217500.0,0.0675,240,1653.79,Primary Residence Purchase,270804.89,BBB - Moderate Risk,Current / Performing,0,0.0
LN-10603,CUST-0069,PRD-EDU,BR-107,20260412,2026-04-12,2033-04-11,61500.0,0.064,84,910.27,Medical Residency Program,0.0,AAA - Low Risk,Current / Performing,0,0.0
LN-10604,CUST-0812,PRD-EDU,BR-104,20241024,2024-10-24,2028-10-24,78100.0,0.064,48,1848.54,Medical Residency Program,0.0,CCC - Elevated Risk,Current / Performing,0,0.0
LN-10605,CUST-0587,PRD-MORT,BR-112,20240907,2024-09-07,2044-09-07,690800.0,0.0675,240,5252.59,Primary Residence Purchase,814969.3,BBB - Moderate Risk,Current / Performing,0,0.0
LN-10606,CUST-0844,PRD-PERS,BR-105,20240313,2024-03-13,2026-03-13,7300.0,0.17,24,360.93,Debt Consolidation,0.0,DDD - High Default Probability,Fully Paid,0,0.0
LN-10607,CUST-0492,PRD-AUTO,BR-108,20230625,2023-06-25,2028-06-24,25300.0,0.083,60,516.63,New EV Purchase,32790.26,BBB - Moderate Risk,Current / Performing,0,0.0
LN-10608,CUST-0434,PRD-PERS,BR-107,20230921,2023-09-21,2027-09-21,27400.0,0.13,48,735.07,Debt Consolidation,0.0,BBB - Moderate Risk,Current / Performing,0,0.0
LN-10609,CUST-0190,PRD-AUTO,BR-106,20230422,2023-04-22,2026-04-21,62900.0,0.073,36,1950.81,Certified Pre-Owned Luxury Car,97081.46,AAA - Low Risk,Fully Paid,0,0.0
LN-10610,CUST-0106,PRD-PERS,BR-111,20230604,2023-06-04,2027-06-04,13200.0,0.15,48,367.37,Home Renovation,0.0,CCC - Elevated Risk,Charged Off / Written Off,1,7801.02
LN-10611,CUST-0602,PRD-AUTO,BR-108,20240113,2024-01-13,2027-01-12,17400.0,0.073,36,539.65,Certified Pre-Owned Luxury Car,21104.93,CCC - Elevated Risk,Under Restructuring,1,0.0
LN-10612,CUST-0979,PRD-MORT,BR-110,20240315,2024-03-15,2044-03-15,358100.0,0.0575,240,2514.16,Investment Property Buy,452772.09,AAA - Low Risk,Current / Performing,0,0.0
LN-10613,CUST-0275,PRD-AUTO,BR-107,20230422,2023-04-22,2029-04-21,27400.0,0.083,72,484.43,Certified Pre-Owned Luxury Car,39359.99,BBB - Moderate Risk,Delinquent (31-60 DPD),0,0.0
LN-10614,CUST-0983,PRD-SME,BR-101,20250129,2025-01-29,2032-01-29,275100.0,0.09,84,4426.11,Working Capital Expansion,349481.53,BBB - Moderate Risk,Current / Performing,0,0.0
LN-10615,CUST-0715,PRD-PERS,BR-110,20231123,2023-11-23,2027-11-23,31100.0,0.12,48,818.98,Emergency Medical Exp,0.0,AAA - Low Risk,Current / Performing,0,0.0
LN-10616,CUST-0158,PRD-PERS,BR-107,20240219,2024-02-19,2028-02-19,18800.0,0.13,48,504.36,Home Renovation,0.0,CCC - Elevated Risk,Current / Performing,0,0.0
LN-10617,CUST-0768,PRD-SME,BR-103,20240519,2024-05-19,2026-05-19,215200.0,0.12,24,10130.21,Working Capital Expansion,285566.82,CCC - Elevated Risk,Fully Paid,0,0.0
LN-10618,CUST-0404,PRD-EDU,BR-107,20240207,2024-02-07,2034-02-06,16200.0,0.064,120,183.12,Master of Science in Data Analytics,0.0,AAA - Low Risk,Current / Performing,0,0.0
LN-10619,CUST-0570,PRD-AUTO,BR-111,20250302,2025-03-02,2030-03-02,43700.0,0.083,60,892.37,New EV Purchase,52847.14,BBB - Moderate Risk,Current / Performing,0,0.0
LN-10620,CUST-0304,PRD-PERS,BR-102,20250410,2025-04-10,2029-04-10,32300.0,0.13,48,866.53,Home Renovation,0.0,CCC - Elevated Risk,Current / Performing,0,0.0
LN-10621,CUST-0424,PRD-EQUIP,BR-103,20250223,2025-02-23,2030-02-23,112900.0,0.084,60,2310.88,Industrial CNC Machine,161355.53,CCC - Elevated Risk,Current / Performing,0,0.0
LN-10622,CUST-0253,PRD-EDU,BR-108,20260517,2026-05-17,2031-05-17,61200.0,0.064,60,1194.58,Master of Science in Data Analytics,0.0,AAA - Low Risk,Current / Performing,0,0.0
LN-10623,CUST-0047,PRD-EDU,BR-105,20260122,2026-01-22,2031-01-22,16200.0,0.074,60,323.85,Master of Science in Data Analytics,0.0,BBB - Moderate Risk,Current / Performing,0,0.0
LN-10624,CUST-0049,PRD-PERS,BR-110,20231127,2023-11-27,2024-11-26,7800.0,0.12,12,693.02,Wedding & Family,0.0,CCC - Elevated Risk,Fully Paid,0,0.0
LN-10625,CUST-0761,PRD-PERS,BR-110,20240911,2024-09-11,2028-09-11,11400.0,0.13,48,305.83,Home Renovation,0.0,BBB - Moderate Risk,Current / Performing,0,0.0
LN-10626,CUST-0102,PRD-EQUIP,BR-110,20230626,2023-06-26,2028-06-25,43000.0,0.084,60,880.14,Industrial CNC Machine,64595.07,BBB - Moderate Risk,Current / Performing,0,0.0
LN-10627,CUST-0861,PRD-EDU,BR-109,20250729,2025-07-29,2030-07-29,32200.0,0.064,60,628.52,MBA Program Tuition,0.0,AAA - Low Risk,Current / Performing,0,0.0
LN-10628,CUST-0512,PRD-PERS,BR-104,20230816,2023-08-16,2027-08-16,6900.0,0.13,48,185.11,Emergency Medical Exp,0.0,BBB - Moderate Risk,Current / Performing,0,0.0
LN-10629,CUST-0260,PRD-PERS,BR-101,20241121,2024-11-21,2027-11-21,34900.0,0.13,36,1175.92,Home Renovation,0.0,CCC - Elevated Risk,Current / Performing,0,0.0
LN-10630,CUST-0932,PRD-PERS,BR-104,20250522,2025-05-22,2029-05-22,22300.0,0.13,48,598.25,Home Renovation,0.0,BBB - Moderate Risk,Current / Performing,0,0.0
LN-10631,CUST-0189,PRD-SME,BR-106,20230626,2023-06-26,2030-06-25,112400.0,0.09,84,1808.41,New Branch Expansion,136000.75,AAA - Low Risk,Current / Performing,0,0.0
LN-10632,CUST-0979,PRD-SME,BR-110,20240104,2024-01-04,2029-01-03,66200.0,0.09,60,1374.2,New Branch Expansion,99307.49,AAA - Low Risk,Current / Performing,0,0.0
LN-10633,CUST-0514,PRD-EQUIP,BR-108,20230816,2023-08-16,2025-08-15,79400.0,0.114,24,3715.42,Medical Imaging Scanner,97074.6,CCC - Elevated Risk,Fully Paid,0,0.0
LN-10634,CUST-0280,PRD-MORT,BR-102,20230321,2023-03-21,2053-03-20,374200.0,0.0675,360,2427.05,Investment Property Buy,565468.66,BBB - Moderate Risk,Delinquent (31-60 DPD),0,0.0
LN-10635,CUST-0607,PRD-AUTO,BR-110,20230116,2023-01-16,2029-01-15,29500.0,0.083,72,521.56,Fleet Commercial Van,43220.27,BBB - Moderate Risk,Delinquent (31-60 DPD),0,0.0
LN-10636,CUST-0966,PRD-PERS,BR-108,20240511,2024-05-11,2028-05-11,5500.0,0.13,48,147.55,Emergency Medical Exp,0.0,CCC - Elevated Risk,Current / Performing,0,0.0
LN-10637,CUST-0523,PRD-EQUIP,BR-109,20260211,2026-02-11,2030-02-11,28500.0,0.084,48,701.13,Industrial CNC Machine,42470.81,CCC - Elevated Risk,Delinquent (31-60 DPD),0,0.0
LN-10638,CUST-0954,PRD-AUTO,BR-112,20250404,2025-04-04,2028-04-03,30900.0,0.073,36,958.35,Certified Pre-Owned Luxury Car,43218.2,BBB - Moderate Risk,Delinquent (31-60 DPD),0,0.0
LN-10639,CUST-0707,PRD-PERS,BR-107,20250105,2025-01-05,2028-01-05,19600.0,0.13,36,660.4,Wedding & Family,0.0,BBB - Moderate Risk,In Default (90+ DPD),1,0.0
LN-10640,CUST-0326,PRD-AUTO,BR-104,20250628,2025-06-28,2031-06-28,19700.0,0.083,72,348.3,New EV Purchase,26362.83,BBB - Moderate Risk,Current / Performing,0,0.0
LN-10641,CUST-0471,PRD-SME,BR-105,20240105,2024-01-05,2031-01-04,371100.0,0.09,84,5970.66,Working Capital Expansion,515523.47,AAA - Low Risk,Current / Performing,0,0.0
LN-10642,CUST-0111,PRD-PERS,BR-104,20251230,2025-12-30,2029-12-30,13100.0,0.12,48,344.97,Emergency Medical Exp,0.0,AAA - Low Risk,Current / Performing,0,0.0
LN-10643,CUST-0347,PRD-EQUIP,BR-112,20260513,2026-05-13,2031-05-13,80600.0,0.134,60,1850.44,Industrial CNC Machine,123458.69,DDD - High Default Probability,Current / Performing,0,0.0
LN-10644,CUST-0454,PRD-AUTO,BR-108,20230723,2023-07-23,2029-07-22,29800.0,0.103,72,556.59,New EV Purchase,42319.2,CCC - Elevated Risk,Current / Performing,0,0.0
LN-10645,CUST-0227,PRD-AUTO,BR-102,20241227,2024-12-27,2027-12-27,63600.0,0.073,36,1972.52,New EV Purchase,97152.22,BBB - Moderate Risk,Current / Performing,0,0.0
LN-10646,CUST-0619,PRD-SME,BR-107,20230623,2023-06-23,2025-06-22,50800.0,0.14,24,2439.05,Working Capital Expansion,62621.83,DDD - High Default Probability,Fully Paid,0,0.0
LN-10647,CUST-0745,PRD-SME,BR-112,20260401,2026-04-01,2029-03-31,140800.0,0.14,36,4812.21,Technology & IT Modernization,212222.89,DDD - High Default Probability,Current / Performing,0,0.0
LN-10648,CUST-0251,PRD-SME,BR-101,20230127,2023-01-27,2025-01-26,296000.0,0.1,24,13658.9,Technology & IT Modernization,366482.12,CCC - Elevated Risk,Fully Paid,0,0.0
LN-10649,CUST-0028,PRD-EDU,BR-110,20231124,2023-11-24,2033-11-23,16100.0,0.094,120,207.45,Medical Residency Program,0.0,CCC - Elevated Risk,Current / Performing,0,0.0
LN-10650,CUST-0846,PRD-SME,BR-110,20250525,2025-05-25,2029-05-25,184100.0,0.09,48,4581.34,Inventory Stocking Q4,224238.56,AAA - Low Risk,Current / Performing,0,0.0
LN-10651,CUST-0621,PRD-PERS,BR-102,20240130,2024-01-30,2025-01-29,4300.0,0.15,12,388.11,Home Renovation,0.0,CCC - Elevated Risk,Fully Paid,0,0.0
LN-10652,CUST-0515,PRD-SME,BR-109,20250217,2025-02-17,2029-02-17,100700.0,0.09,48,2505.92,New Branch Expansion,150016.27,BBB - Moderate Risk,Current / Performing,0,0.0
LN-10653,CUST-0892,PRD-MORT,BR-109,20250305,2025-03-05,2045-03-05,306400.0,0.1075,240,3110.66,Refinance Existing Mortgage,406535.72,DDD - High Default Probability,Charged Off / Written Off,1,241936.32
LN-10654,CUST-0375,PRD-EQUIP,BR-110,20250314,2025-03-14,2030-03-14,169200.0,0.114,60,3712.66,Warehouse Forklift Fleet,241299.13,CCC - Elevated Risk,Current / Performing,0,0.0
LN-10655,CUST-0424,PRD-EDU,BR-103,20230923,2023-09-23,2033-09-22,32900.0,0.064,120,371.9,Medical Residency Program,0.0,CCC - Elevated Risk,Current / Performing,0,0.0
LN-10656,CUST-0599,PRD-AUTO,BR-108,20240611,2024-06-11,2029-06-11,58300.0,0.073,60,1162.68,New EV Purchase,70481.53,AAA - Low Risk,Current / Performing,0,0.0
LN-10657,CUST-0294,PRD-PERS,BR-112,20251006,2025-10-06,2029-10-06,30500.0,0.13,48,818.24,Home Renovation,0.0,CCC - Elevated Risk,Current / Performing,0,0.0
LN-10658,CUST-0749,PRD-AUTO,BR-110,20230425,2023-04-25,2028-04-24,30800.0,0.073,60,614.25,Fleet Commercial Van,48206.25,BBB - Moderate Risk,Current / Performing,0,0.0
LN-10659,CUST-0156,PRD-MORT,BR-109,20230411,2023-04-11,2053-04-10,389900.0,0.0675,360,2528.88,Refinance Existing Mortgage,470580.09,BBB - Moderate Risk,Current / Performing,0,0.0
LN-10660,CUST-0758,PRD-EQUIP,BR-102,20230625,2023-06-25,2027-06-25,84100.0,0.084,48,2068.95,Warehouse Forklift Fleet,120940.15,CCC - Elevated Risk,Delinquent (31-60 DPD),0,0.0
LN-10661,CUST-0782,PRD-MORT,BR-107,20260228,2026-02-28,2046-02-28,443200.0,0.0675,240,3369.93,Investment Property Buy,702961.97,BBB - Moderate Risk,Current / Performing,0,0.0
LN-10662,CUST-0591,PRD-EQUIP,BR-105,20230315,2023-03-15,2028-03-14,64600.0,0.114,60,1417.48,Industrial CNC Machine,76070.57,CCC - Elevated Risk,In Default (90+ DPD),1,0.0
LN-10663,CUST-0223,PRD-SME,BR-103,20240927,2024-09-27,2031-09-27,177900.0,0.1,84,2953.35,Working Capital Expansion,220362.64,BBB - Moderate Risk,Current / Performing,0,0.0
LN-10664,CUST-0810,PRD-EQUIP,BR-109,20230730,2023-07-30,2028-07-29,164100.0,0.134,60,3767.47,Medical Imaging Scanner,239957.14,DDD - High Default Probability,Current / Performing,0,0.0
LN-10665,CUST-0365,PRD-EDU,BR-103,20251203,2025-12-03,2029-12-03,56500.0,0.074,48,1363.47,Master of Science in Data Analytics,0.0,CCC - Elevated Risk,Current / Performing,0,0.0
LN-10666,CUST-0253,PRD-PERS,BR-108,20240505,2024-05-05,2028-05-05,21500.0,0.12,48,566.18,Home Renovation,0.0,AAA - Low Risk,Current / Performing,0,0.0
LN-10667,CUST-0214,PRD-MORT,BR-112,20240219,2024-02-19,2044-02-19,298600.0,0.0675,240,2270.45,Investment Property Buy,389206.46,BBB - Moderate Risk,Current / Performing,0,0.0
LN-10668,CUST-0380,PRD-PERS,BR-107,20250523,2025-05-23,2027-05-23,34000.0,0.12,24,1600.5,Debt Consolidation,0.0,CCC - Elevated Risk,Current / Performing,0,0.0
LN-10669,CUST-0973,PRD-SME,BR-105,20250831,2025-08-31,2032-08-30,232400.0,0.09,84,3739.1,Working Capital Expansion,279900.65,AAA - Low Risk,Current / Performing,0,0.0
LN-10670,CUST-0879,PRD-PERS,BR-105,20231016,2023-10-16,2027-10-16,12400.0,0.17,48,357.8,Emergency Medical Exp,0.0,DDD - High Default Probability,Delinquent (31-60 DPD),0,0.0
LN-10671,CUST-0594,PRD-EDU,BR-112,20250830,2025-08-30,2029-08-30,36300.0,0.064,48,859.18,Medical Residency Program,0.0,CCC - Elevated Risk,Current / Performing,0,0.0
LN-10672,CUST-0156,PRD-AUTO,BR-109,20240730,2024-07-30,2027-07-30,64300.0,0.083,36,2023.84,Certified Pre-Owned Luxury Car,93683.03,BBB - Moderate Risk,Current / Performing,0,0.0
LN-10673,CUST-0250,PRD-SME,BR-101,20230413,2023-04-13,2025-04-12,183800.0,0.12,24,8652.1,Working Capital Expansion,218203.17,CCC - Elevated Risk,Fully Paid,0,0.0
LN-10674,CUST-0268,PRD-SME,BR-110,20241119,2024-11-19,2031-11-19,395400.0,0.12,84,6979.89,Inventory Stocking Q4,493971.51,CCC - Elevated Risk,Current / Performing,0,0.0
LN-10675,CUST-0649,PRD-SME,BR-102,20240803,2024-08-03,2028-08-03,374900.0,0.12,48,9872.55,Working Capital Expansion,579021.19,DDD - High Default Probability,Charged Off / Written Off,1,266817.44
LN-10676,CUST-0342,PRD-PERS,BR-102,20260427,2026-04-27,2029-04-26,34600.0,0.13,36,1165.81,Wedding & Family,0.0,BBB - Moderate Risk,Current / Performing,0,0.0
LN-10677,CUST-0025,PRD-EDU,BR-111,20241123,2024-11-23,2029-11-23,24600.0,0.074,60,491.77,Master of Science in Data Analytics,0.0,BBB - Moderate Risk,Current / Performing,0,0.0
LN-10678,CUST-0832,PRD-MORT,BR-112,20230703,2023-07-03,2043-07-03,237000.0,0.1075,240,2406.09,Primary Residence Purchase,335402.35,DDD - High Default Probability,Current / Performing,0,0.0
LN-10679,CUST-0557,PRD-EDU,BR-101,20240104,2024-01-04,2028-01-04,53500.0,0.074,48,1291.08,Master of Science in Data Analytics,0.0,BBB - Moderate Risk,Current / Performing,0,0.0
LN-10680,CUST-0440,PRD-EDU,BR-111,20230517,2023-05-17,2030-05-16,69700.0,0.074,84,1065.64,Medical Residency Program,0.0,BBB - Moderate Risk,Current / Performing,0,0.0
LN-10681,CUST-0218,PRD-EQUIP,BR-112,20240515,2024-05-15,2026-05-15,158600.0,0.094,24,7274.74,Warehouse Forklift Fleet,217874.78,BBB - Moderate Risk,Fully Paid,0,0.0
LN-10682,CUST-0776,PRD-EQUIP,BR-103,20230801,2023-08-01,2028-07-31,150900.0,0.114,60,3311.11,Warehouse Forklift Fleet,206057.16,CCC - Elevated Risk,Current / Performing,0,0.0
LN-10683,CUST-0407,PRD-EQUIP,BR-105,20231127,2023-11-27,2028-11-26,168300.0,0.134,60,3863.89,Industrial CNC Machine,238389.55,DDD - High Default Probability,Charged Off / Written Off,1,100263.31
LN-10684,CUST-0405,PRD-PERS,BR-110,20231213,2023-12-13,2026-12-12,20600.0,0.12,36,684.21,Debt Consolidation,0.0,AAA - Low Risk,Fully Paid,0,0.0
LN-10685,CUST-0563,PRD-AUTO,BR-103,20260214,2026-02-14,2032-02-14,63000.0,0.103,72,1176.68,Fleet Commercial Van,73148.45,CCC - Elevated Risk,In Default (90+ DPD),1,0.0
LN-10686,CUST-0193,PRD-EDU,BR-106,20230524,2023-05-24,2027-05-24,51300.0,0.074,48,1237.99,MBA Program Tuition,0.0,BBB - Moderate Risk,Current / Performing,0,0.0
LN-10687,CUST-0277,PRD-EDU,BR-102,20240106,2024-01-06,2034-01-05,76400.0,0.094,120,984.42,Medical Residency Program,0.0,CCC - Elevated Risk,Current / Performing,0,0.0
LN-10688,CUST-0401,PRD-EQUIP,BR-111,20230315,2023-03-15,2028-03-14,67700.0,0.114,60,1485.5,Medical Imaging Scanner,100832.78,CCC - Elevated Risk,Under Restructuring,1,0.0
LN-10689,CUST-0976,PRD-SME,BR-104,20240205,2024-02-05,2026-02-04,426200.0,0.09,24,19470.84,Technology & IT Modernization,640780.35,AAA - Low Risk,Fully Paid,0,0.0
LN-10690,CUST-0707,PRD-MORT,BR-107,20240721,2024-07-21,2044-07-21,454200.0,0.0675,240,3453.57,Investment Property Buy,718755.14,BBB - Moderate Risk,Current / Performing,0,0.0
LN-10691,CUST-0390,PRD-EQUIP,BR-103,20250528,2025-05-28,2030-05-28,176200.0,0.084,60,3606.53,Medical Imaging Scanner,267863.57,CCC - Elevated Risk,Current / Performing,0,0.0
LN-10692,CUST-0427,PRD-SME,BR-105,20240318,2024-03-18,2031-03-18,441500.0,0.09,84,7103.33,Technology & IT Modernization,610556.24,AAA - Low Risk,Current / Performing,0,0.0
LN-10693,CUST-0673,PRD-EQUIP,BR-110,20240530,2024-05-30,2029-05-30,62800.0,0.094,60,1315.85,Medical Imaging Scanner,84389.42,CCC - Elevated Risk,Current / Performing,0,0.0
LN-10694,CUST-0053,PRD-SME,BR-102,20240208,2024-02-08,2029-02-07,118900.0,0.09,60,2468.17,Inventory Stocking Q4,167080.07,CCC - Elevated Risk,Current / Performing,0,0.0
LN-10695,CUST-0344,PRD-EDU,BR-111,20241220,2024-12-20,2028-12-20,34800.0,0.074,48,839.8,Medical Residency Program,0.0,CCC - Elevated Risk,Current / Performing,0,0.0
LN-10696,CUST-0689,PRD-EQUIP,BR-111,20240421,2024-04-21,2028-04-21,141300.0,0.134,48,3818.84,Medical Imaging Scanner,217080.97,DDD - High Default Probability,Current / Performing,0,0.0
LN-10697,CUST-0565,PRD-SME,BR-104,20250217,2025-02-17,2028-02-17,372400.0,0.09,36,11842.22,Technology & IT Modernization,446862.97,CCC - Elevated Risk,Charged Off / Written Off,1,232064.63
LN-10698,CUST-0844,PRD-EQUIP,BR-105,20230615,2023-06-15,2027-06-15,75200.0,0.134,48,2032.39,Industrial CNC Machine,102609.38,DDD - High Default Probability,Current / Performing,0,0.0
LN-10699,CUST-0257,PRD-SME,BR-106,20230715,2023-07-15,2026-07-14,388300.0,0.1,36,12529.35,Technology & IT Modernization,591654.61,BBB - Moderate Risk,Fully Paid,0,0.0
LN-10700,CUST-0402,PRD-AUTO,BR-105,20230129,2023-01-29,2026-01-28,36200.0,0.073,36,1122.72,New EV Purchase,42995.69,AAA - Low Risk,Fully Paid,0,0.0
LN-10701,CUST-0553,PRD-AUTO,BR-110,20230914,2023-09-14,2029-09-13,37000.0,0.103,72,691.07,Fleet Commercial Van,55933.75,CCC - Elevated Risk,Delinquent (31-60 DPD),0,0.0
LN-10702,CUST-0379,PRD-EDU,BR-102,20240511,2024-05-11,2034-05-11,30800.0,0.074,120,364.0,Master of Science in Data Analytics,0.0,BBB - Moderate Risk,Current / Performing,0,0.0
LN-10703,CUST-0025,PRD-EQUIP,BR-111,20240807,2024-08-07,2029-08-07,55100.0,0.094,60,1154.51,Industrial CNC Machine,76291.56,BBB - Moderate Risk,Current / Performing,0,0.0
LN-10704,CUST-0329,PRD-MORT,BR-108,20250415,2025-04-15,2045-04-15,644200.0,0.0875,240,5692.86,Primary Residence Purchase,1015855.52,CCC - Elevated Risk,Current / Performing,0,0.0
LN-10705,CUST-0235,PRD-EDU,BR-108,20231115,2023-11-15,2027-11-15,16900.0,0.114,48,440.08,Medical Residency Program,0.0,DDD - High Default Probability,Under Restructuring,1,0.0
LN-10706,CUST-0300,PRD-PERS,BR-109,20260503,2026-05-03,2028-05-02,14900.0,0.12,24,701.39,Home Renovation,0.0,BBB - Moderate Risk,Current / Performing,0,0.0
LN-10707,CUST-0963,PRD-PERS,BR-104,20241210,2024-12-10,2025-12-10,8400.0,0.17,12,766.12,Emergency Medical Exp,0.0,DDD - High Default Probability,Fully Paid,0,0.0
LN-10708,CUST-0071,PRD-EDU,BR-103,20231027,2023-10-27,2027-10-27,65200.0,0.064,48,1543.21,Medical Residency Program,0.0,AAA - Low Risk,Current / Performing,0,0.0
LN-10709,CUST-0003,PRD-MORT,BR-105,20240426,2024-04-26,2054-04-26,627400.0,0.0875,360,4935.76,Primary Residence Purchase,823618.05,CCC - Elevated Risk,Current / Performing,0,0.0
LN-10710,CUST-0684,PRD-EQUIP,BR-105,20230626,2023-06-26,2028-06-25,178500.0,0.094,60,3740.12,Medical Imaging Scanner,235828.67,CCC - Elevated Risk,Under Restructuring,1,0.0
LN-10711,CUST-0468,PRD-MORT,BR-103,20250607,2025-06-07,2045-06-07,374800.0,0.0575,240,2631.41,Refinance Existing Mortgage,577983.83,BBB - Moderate Risk,Under Restructuring,1,0.0
LN-10712,CUST-0312,PRD-PERS,BR-107,20240615,2024-06-15,2028-06-15,16500.0,0.13,48,442.65,Wedding & Family,0.0,BBB - Moderate Risk,Current / Performing,0,0.0
LN-10713,CUST-0145,PRD-SME,BR-110,20240507,2024-05-07,2031-05-07,210300.0,0.09,84,3383.53,Inventory Stocking Q4,312081.7,AAA - Low Risk,Current / Performing,0,0.0
LN-10714,CUST-0144,PRD-AUTO,BR-108,20240814,2024-08-14,2030-08-14,63100.0,0.103,72,1178.55,Certified Pre-Owned Luxury Car,81001.7,CCC - Elevated Risk,Current / Performing,0,0.0
LN-10715,CUST-0303,PRD-EDU,BR-107,20240409,2024-04-09,2028-04-09,52100.0,0.074,48,1257.29,Medical Residency Program,0.0,CCC - Elevated Risk,Current / Performing,0,0.0
LN-10716,CUST-0799,PRD-AUTO,BR-102,20230107,2023-01-07,2026-01-06,28900.0,0.073,36,896.32,New EV Purchase,39560.91,AAA - Low Risk,Fully Paid,0,0.0
LN-10717,CUST-0660,PRD-AUTO,BR-109,20250915,2025-09-15,2028-09-14,34200.0,0.123,36,1140.84,Fleet Commercial Van,42762.8,DDD - High Default Probability,Charged Off / Written Off,1,14447.65
LN-10718,CUST-0117,PRD-SME,BR-101,20260409,2026-04-09,2033-04-08,310800.0,0.09,84,5000.49,New Branch Expansion,404226.36,AAA - Low Risk,Current / Performing,0,0.0
LN-10719,CUST-0128,PRD-MORT,BR-103,20240725,2024-07-25,2054-07-25,754900.0,0.0575,360,4405.39,Refinance Existing Mortgage,1203710.8,CCC - Elevated Risk,Current / Performing,0,0.0
LN-10720,CUST-0097,PRD-SME,BR-107,20240214,2024-02-14,2026-02-13,117300.0,0.1,24,5412.8,New Branch Expansion,186680.77,CCC - Elevated Risk,Fully Paid,0,0.0
LN-10721,CUST-0217,PRD-EDU,BR-106,20260423,2026-04-23,2030-04-23,37400.0,0.074,48,902.55,Master of Science in Data Analytics,0.0,CCC - Elevated Risk,Current / Performing,0,0.0
LN-10722,CUST-0124,PRD-AUTO,BR-108,20230607,2023-06-07,2029-06-06,45700.0,0.083,72,807.98,Fleet Commercial Van,59329.58,BBB - Moderate Risk,Current / Performing,0,0.0
LN-10723,CUST-0991,PRD-AUTO,BR-109,20260509,2026-05-09,2032-05-08,52900.0,0.103,72,988.04,New EV Purchase,64480.7,DDD - High Default Probability,Delinquent (61-90 DPD),1,0.0
LN-10724,CUST-0331,PRD-EDU,BR-105,20230517,2023-05-17,2028-05-16,68200.0,0.064,60,1331.22,MBA Program Tuition,0.0,AAA - Low Risk,Delinquent (31-60 DPD),0,0.0
LN-10725,CUST-0569,PRD-PERS,BR-108,20241013,2024-10-13,2028-10-13,6000.0,0.12,48,158.0,Wedding & Family,0.0,AAA - Low Risk,Current / Performing,0,0.0
LN-10726,CUST-0808,PRD-EDU,BR-101,20260107,2026-01-07,2036-01-07,19500.0,0.064,120,220.43,MBA Program Tuition,0.0,BBB - Moderate Risk,Current / Performing,0,0.0
LN-10727,CUST-0212,PRD-AUTO,BR-112,20250821,2025-08-21,2029-08-21,61700.0,0.103,48,1573.78,Certified Pre-Owned Luxury Car,71754.16,CCC - Elevated Risk,Current / Performing,0,0.0
LN-10728,CUST-0811,PRD-EQUIP,BR-101,20240415,2024-04-15,2026-04-15,88800.0,0.084,24,4032.4,Industrial CNC Machine,109505.71,BBB - Moderate Risk,Fully Paid,0,0.0
LN-10729,CUST-0685,PRD-MORT,BR-107,20231119,2023-11-19,2043-11-19,359000.0,0.0575,240,2520.48,Refinance Existing Mortgage,414033.01,AAA - Low Risk,Current / Performing,0,0.0
LN-10730,CUST-0360,PRD-AUTO,BR-108,20260109,2026-01-09,2029-01-08,59900.0,0.123,36,1998.13,Certified Pre-Owned Luxury Car,69934.4,DDD - High Default Probability,Current / Performing,0,0.0
LN-10731,CUST-0393,PRD-PERS,BR-111,20240701,2024-07-01,2027-07-01,27000.0,0.12,36,896.79,Home Renovation,0.0,CCC - Elevated Risk,In Default (90+ DPD),1,0.0
LN-10732,CUST-0356,PRD-AUTO,BR-110,20240419,2024-04-19,2030-04-19,34200.0,0.073,72,588.02,Fleet Commercial Van,43178.24,BBB - Moderate Risk,Current / Performing,0,0.0
LN-10733,CUST-0690,PRD-AUTO,BR-102,20251115,2025-11-15,2029-11-15,28500.0,0.083,48,699.79,New EV Purchase,35360.16,BBB - Moderate Risk,Current / Performing,0,0.0
LN-10734,CUST-0295,PRD-AUTO,BR-111,20240805,2024-08-05,2028-08-05,51400.0,0.073,48,1238.0,New EV Purchase,67985.42,AAA - Low Risk,Current / Performing,0,0.0
LN-10735,CUST-0383,PRD-EDU,BR-109,20240711,2024-07-11,2034-07-11,69000.0,0.064,120,779.97,Master of Science in Data Analytics,0.0,AAA - Low Risk,Current / Performing,0,0.0
LN-10736,CUST-0039,PRD-EDU,BR-111,20260420,2026-04-20,2033-04-19,29200.0,0.094,84,475.75,Medical Residency Program,0.0,CCC - Elevated Risk,Current / Performing,0,0.0
LN-10737,CUST-0110,PRD-SME,BR-105,20230215,2023-02-15,2030-02-14,283700.0,0.09,84,4564.47,Working Capital Expansion,434295.25,AAA - Low Risk,Delinquent (31-60 DPD),0,0.0
LN-10738,CUST-0669,PRD-PERS,BR-109,20230606,2023-06-06,2027-06-06,26300.0,0.12,48,692.58,Wedding & Family,0.0,CCC - Elevated Risk,Current / Performing,0,0.0
LN-10739,CUST-0020,PRD-PERS,BR-101,20241025,2024-10-25,2025-10-25,23700.0,0.12,12,2105.72,Wedding & Family,0.0,AAA - Low Risk,Fully Paid,0,0.0
LN-10740,CUST-0602,PRD-AUTO,BR-108,20241109,2024-11-09,2030-11-09,21200.0,0.073,72,364.5,New EV Purchase,32436.38,CCC - Elevated Risk,Delinquent (61-90 DPD),1,0.0
LN-10741,CUST-0256,PRD-EDU,BR-107,20240811,2024-08-11,2028-08-11,63100.0,0.074,48,1522.75,MBA Program Tuition,0.0,BBB - Moderate Risk,Current / Performing,0,0.0
LN-10742,CUST-0991,PRD-EDU,BR-109,20240302,2024-03-02,2028-03-02,63100.0,0.094,48,1582.26,Medical Residency Program,0.0,DDD - High Default Probability,Current / Performing,0,0.0
LN-10743,CUST-0221,PRD-PERS,BR-106,20240914,2024-09-14,2028-09-14,9800.0,0.13,48,262.91,Emergency Medical Exp,0.0,CCC - Elevated Risk,Current / Performing,0,0.0
LN-10744,CUST-0049,PRD-SME,BR-110,20240326,2024-03-26,2026-03-26,404400.0,0.09,24,18474.91,Technology & IT Modernization,516003.56,CCC - Elevated Risk,Fully Paid,0,0.0
LN-10745,CUST-0620,PRD-SME,BR-112,20251012,2025-10-12,2030-10-12,363400.0,0.1,60,7721.18,Technology & IT Modernization,518198.98,BBB - Moderate Risk,Current / Performing,0,0.0
LN-10746,CUST-0399,PRD-SME,BR-105,20250509,2025-05-09,2032-05-08,240100.0,0.1,84,3985.94,Working Capital Expansion,304761.88,BBB - Moderate Risk,Delinquent (31-60 DPD),0,0.0
LN-10747,CUST-0060,PRD-MORT,BR-101,20230406,2023-04-06,2043-04-06,680000.0,0.0575,240,4774.17,Refinance Existing Mortgage,896015.8,AAA - Low Risk,Current / Performing,0,0.0
LN-10748,CUST-0965,PRD-SME,BR-109,20250530,2025-05-30,2027-05-30,302500.0,0.09,24,13819.63,Working Capital Expansion,465174.04,AAA - Low Risk,Current / Performing,0,0.0
LN-10749,CUST-0582,PRD-EDU,BR-101,20250328,2025-03-28,2032-03-27,79600.0,0.064,84,1178.17,Master of Science in Data Analytics,0.0,BBB - Moderate Risk,Current / Performing,0,0.0
LN-10750,CUST-0419,PRD-EDU,BR-103,20250924,2025-09-24,2029-09-24,29600.0,0.094,48,742.23,MBA Program Tuition,0.0,CCC - Elevated Risk,Current / Performing,0,0.0
LN-10751,CUST-0540,PRD-EQUIP,BR-102,20230519,2023-05-19,2028-05-18,136300.0,0.084,60,2789.84,Medical Imaging Scanner,171015.84,AAA - Low Risk,Current / Performing,0,0.0
LN-10752,CUST-0364,PRD-MORT,BR-104,20240318,2024-03-18,2044-03-18,545800.0,0.0675,240,4150.07,Refinance Existing Mortgage,635586.38,BBB - Moderate Risk,Current / Performing,0,0.0
LN-10753,CUST-0269,PRD-PERS,BR-101,20230731,2023-07-31,2024-07-30,32800.0,0.15,12,2960.47,Home Renovation,0.0,DDD - High Default Probability,Fully Paid,0,0.0
LN-10754,CUST-0491,PRD-PERS,BR-108,20230715,2023-07-15,2027-07-15,5900.0,0.12,48,155.37,Home Renovation,0.0,BBB - Moderate Risk,Current / Performing,0,0.0
LN-10755,CUST-0795,PRD-EDU,BR-107,20250116,2025-01-16,2029-01-16,58600.0,0.074,48,1414.15,MBA Program Tuition,0.0,BBB - Moderate Risk,Current / Performing,0,0.0
LN-10756,CUST-0532,PRD-MORT,BR-102,20250210,2025-02-10,2045-02-10,424400.0,0.1075,240,4308.63,Investment Property Buy,522019.02,DDD - High Default Probability,Delinquent (31-60 DPD),0,0.0
LN-10757,CUST-0266,PRD-AUTO,BR-106,20260527,2026-05-27,2029-05-26,30600.0,0.073,36,949.04,New EV Purchase,36605.51,AAA - Low Risk,Current / Performing,0,0.0
LN-10758,CUST-0303,PRD-MORT,BR-107,20230628,2023-06-28,2043-06-28,670400.0,0.0675,240,5097.48,Primary Residence Purchase,830282.91,CCC - Elevated Risk,Under Restructuring,1,0.0
LN-10759,CUST-0049,PRD-EDU,BR-110,20250414,2025-04-14,2032-04-13,53000.0,0.064,84,784.46,MBA Program Tuition,0.0,CCC - Elevated Risk,Current / Performing,0,0.0
LN-10760,CUST-0962,PRD-EDU,BR-107,20260509,2026-05-09,2031-05-09,33900.0,0.064,60,661.71,Master of Science in Data Analytics,0.0,CCC - Elevated Risk,Current / Performing,0,0.0
LN-10761,CUST-0061,PRD-EQUIP,BR-102,20251214,2025-12-14,2028-12-13,49800.0,0.094,36,1592.91,Warehouse Forklift Fleet,60272.89,CCC - Elevated Risk,Current / Performing,0,0.0
LN-10762,CUST-0391,PRD-AUTO,BR-112,20230304,2023-03-04,2029-03-03,24700.0,0.073,72,424.68,Certified Pre-Owned Luxury Car,33924.37,CCC - Elevated Risk,Current / Performing,0,0.0
LN-10763,CUST-0721,PRD-AUTO,BR-106,20231120,2023-11-20,2026-11-19,16500.0,0.123,36,550.4,Fleet Commercial Van,23882.99,DDD - High Default Probability,Fully Paid,0,0.0
LN-10764,CUST-0340,PRD-EQUIP,BR-109,20251114,2025-11-14,2027-11-14,134500.0,0.084,24,6107.64,Industrial CNC Machine,209966.25,CCC - Elevated Risk,Current / Performing,0,0.0
LN-10765,CUST-0409,PRD-EQUIP,BR-104,20260528,2026-05-28,2031-05-28,31500.0,0.134,60,723.19,Medical Imaging Scanner,36555.19,DDD - High Default Probability,Current / Performing,0,0.0
LN-10766,CUST-0528,PRD-EDU,BR-112,20251004,2025-10-04,2035-10-04,45600.0,0.094,120,587.56,Medical Residency Program,0.0,CCC - Elevated Risk,Delinquent (31-60 DPD),0,0.0
LN-10767,CUST-0906,PRD-MORT,BR-108,20230720,2023-07-20,2043-07-20,561400.0,0.0575,240,3941.5,Primary Residence Purchase,878561.36,BBB - Moderate Risk,Current / Performing,0,0.0
LN-10768,CUST-0784,PRD-PERS,BR-110,20240518,2024-05-18,2028-05-18,8400.0,0.12,48,221.2,Emergency Medical Exp,0.0,BBB - Moderate Risk,Current / Performing,0,0.0
LN-10769,CUST-0221,PRD-EQUIP,BR-106,20230426,2023-04-26,2028-04-25,138000.0,0.094,60,2891.52,Industrial CNC Machine,199531.25,CCC - Elevated Risk,Current / Performing,0,0.0
LN-10770,CUST-0793,PRD-EQUIP,BR-103,20251231,2025-12-31,2028-12-30,160300.0,0.094,36,5127.39,Industrial CNC Machine,222254.62,BBB - Moderate Risk,Current / Performing,0,0.0
LN-10771,CUST-0929,PRD-SME,BR-104,20251011,2025-10-11,2032-10-10,57400.0,0.12,84,1013.27,New Branch Expansion,73204.74,CCC - Elevated Risk,Current / Performing,0,0.0
LN-10772,CUST-0338,PRD-EDU,BR-109,20231121,2023-11-21,2033-11-20,59000.0,0.094,120,760.22,MBA Program Tuition,0.0,CCC - Elevated Risk,Current / Performing,0,0.0
LN-10773,CUST-0121,PRD-EDU,BR-108,20251006,2025-10-06,2035-10-06,28000.0,0.114,120,392.07,Master of Science in Data Analytics,0.0,DDD - High Default Probability,Charged Off / Written Off,1,15680.47
LN-10774,CUST-0244,PRD-EQUIP,BR-107,20230117,2023-01-17,2025-01-16,112700.0,0.084,24,5117.7,Industrial CNC Machine,147404.06,BBB - Moderate Risk,Fully Paid,0,0.0
LN-10775,CUST-0288,PRD-EDU,BR-111,20240316,2024-03-16,2029-03-16,64100.0,0.074,60,1281.39,Medical Residency Program,0.0,CCC - Elevated Risk,Current / Performing,0,0.0
LN-10776,CUST-0932,PRD-PERS,BR-104,20260207,2026-02-07,2027-02-07,5300.0,0.13,12,473.38,Emergency Medical Exp,0.0,BBB - Moderate Risk,Current / Performing,0,0.0
LN-10777,CUST-0403,PRD-MORT,BR-108,20250614,2025-06-14,2045-06-14,756300.0,0.0675,240,5750.63,Investment Property Buy,1150417.71,BBB - Moderate Risk,Current / Performing,0,0.0
LN-10778,CUST-0358,PRD-SME,BR-110,20250629,2025-06-29,2028-06-28,371200.0,0.1,36,11977.58,Technology & IT Modernization,550132.64,BBB - Moderate Risk,Current / Performing,0,0.0
LN-10779,CUST-0092,PRD-AUTO,BR-106,20250302,2025-03-02,2028-03-01,35800.0,0.123,36,1194.21,New EV Purchase,56351.95,DDD - High Default Probability,Current / Performing,0,0.0
LN-10780,CUST-0103,PRD-EDU,BR-107,20251030,2025-10-30,2029-10-30,41900.0,0.074,48,1011.14,MBA Program Tuition,0.0,BBB - Moderate Risk,Current / Performing,0,0.0
LN-10781,CUST-0251,PRD-EDU,BR-101,20241119,2024-11-19,2034-11-19,29000.0,0.074,120,342.72,MBA Program Tuition,0.0,CCC - Elevated Risk,Current / Performing,0,0.0
LN-10782,CUST-0483,PRD-EQUIP,BR-112,20251005,2025-10-05,2027-10-05,77100.0,0.094,24,3536.46,Warehouse Forklift Fleet,116445.39,BBB - Moderate Risk,Current / Performing,0,0.0
LN-10783,CUST-0053,PRD-EQUIP,BR-102,20230408,2023-04-08,2025-04-07,44100.0,0.084,24,2002.58,Warehouse Forklift Fleet,63484.25,CCC - Elevated Risk,Fully Paid,0,0.0
LN-10784,CUST-0513,PRD-PERS,BR-108,20250401,2025-04-01,2029-04-01,6300.0,0.12,48,165.9,Emergency Medical Exp,0.0,AAA - Low Risk,Delinquent (61-90 DPD),1,0.0
LN-10785,CUST-0019,PRD-EQUIP,BR-103,20260407,2026-04-07,2031-04-07,100300.0,0.094,60,2101.59,Medical Imaging Scanner,128949.22,CCC - Elevated Risk,Delinquent (31-60 DPD),0,0.0
LN-10786,CUST-0671,PRD-EQUIP,BR-104,20240910,2024-09-10,2029-09-10,25300.0,0.094,60,530.11,Industrial CNC Machine,34389.18,BBB - Moderate Risk,Current / Performing,0,0.0
LN-10787,CUST-0349,PRD-MORT,BR-105,20251127,2025-11-27,2045-11-27,524600.0,0.0575,240,3683.13,Refinance Existing Mortgage,691311.84,AAA - Low Risk,Current / Performing,0,0.0
LN-10788,CUST-0472,PRD-EDU,BR-101,20240706,2024-07-06,2028-07-06,44200.0,0.074,48,1066.65,MBA Program Tuition,0.0,BBB - Moderate Risk,Current / Performing,0,0.0
LN-10789,CUST-0456,PRD-SME,BR-106,20240526,2024-05-26,2031-05-26,449300.0,0.1,84,7458.91,New Branch Expansion,615120.08,BBB - Moderate Risk,Current / Performing,0,0.0
LN-10790,CUST-0772,PRD-AUTO,BR-111,20230115,2023-01-15,2026-01-14,28600.0,0.073,36,887.01,New EV Purchase,40658.35,BBB - Moderate Risk,Fully Paid,0,0.0
LN-10791,CUST-0906,PRD-MORT,BR-108,20240702,2024-07-02,2054-07-02,826100.0,0.0575,360,4820.9,Primary Residence Purchase,1211572.43,BBB - Moderate Risk,Delinquent (31-60 DPD),0,0.0
LN-10792,CUST-0871,PRD-PERS,BR-110,20240107,2024-01-07,2028-01-07,10600.0,0.13,48,284.37,Wedding & Family,0.0,CCC - Elevated Risk,Delinquent (31-60 DPD),0,0.0
LN-10793,CUST-0078,PRD-PERS,BR-102,20231207,2023-12-07,2027-12-07,30700.0,0.17,48,885.85,Wedding & Family,0.0,DDD - High Default Probability,In Default (90+ DPD),1,0.0
LN-10794,CUST-0830,PRD-EDU,BR-112,20240918,2024-09-18,2034-09-18,78400.0,0.094,120,1010.19,MBA Program Tuition,0.0,CCC - Elevated Risk,Current / Performing,0,0.0
LN-10795,CUST-0871,PRD-EQUIP,BR-110,20241202,2024-12-02,2026-12-02,58100.0,0.094,24,2664.96,Warehouse Forklift Fleet,71719.29,CCC - Elevated Risk,Fully Paid,0,0.0
LN-10796,CUST-0798,PRD-PERS,BR-104,20251014,2025-10-14,2027-10-14,11300.0,0.13,24,537.22,Home Renovation,0.0,BBB - Moderate Risk,Delinquent (31-60 DPD),0,0.0
LN-10797,CUST-0494,PRD-SME,BR-111,20240819,2024-08-19,2031-08-19,413200.0,0.1,84,6859.61,Working Capital Expansion,611346.57,BBB - Moderate Risk,Charged Off / Written Off,1,288260.76
LN-10798,CUST-0670,PRD-SME,BR-105,20230515,2023-05-15,2030-05-14,124200.0,0.14,84,2327.51,Working Capital Expansion,170718.42,DDD - High Default Probability,Under Restructuring,1,0.0
LN-10799,CUST-0337,PRD-SME,BR-110,20240609,2024-06-09,2031-06-09,236900.0,0.09,84,3811.5,Working Capital Expansion,335206.4,BBB - Moderate Risk,Current / Performing,0,0.0
LN-10800,CUST-0235,PRD-PERS,BR-108,20230925,2023-09-25,2027-09-25,29100.0,0.17,48,839.68,Debt Consolidation,0.0,DDD - High Default Probability,Current / Performing,0,0.0
LN-10801,CUST-0121,PRD-PERS,BR-108,20240520,2024-05-20,2026-05-20,22100.0,0.17,24,1092.67,Wedding & Family,0.0,DDD - High Default Probability,Fully Paid,0,0.0
LN-10802,CUST-0011,PRD-AUTO,BR-109,20260520,2026-05-20,2030-05-20,24900.0,0.073,48,599.73,Certified Pre-Owned Luxury Car,34744.37,AAA - Low Risk,Current / Performing,0,0.0
LN-10803,CUST-0387,PRD-EDU,BR-108,20240321,2024-03-21,2031-03-21,18500.0,0.094,84,301.42,Master of Science in Data Analytics,0.0,CCC - Elevated Risk,Current / Performing,0,0.0
LN-10804,CUST-0348,PRD-EDU,BR-101,20250718,2025-07-18,2029-07-18,44500.0,0.074,48,1073.89,MBA Program Tuition,0.0,BBB - Moderate Risk,Current / Performing,0,0.0
LN-10805,CUST-0260,PRD-EDU,BR-101,20240419,2024-04-19,2034-04-19,51300.0,0.074,120,606.27,Master of Science in Data Analytics,0.0,CCC - Elevated Risk,Current / Performing,0,0.0
LN-10806,CUST-0954,PRD-EDU,BR-112,20250720,2025-07-20,2029-07-20,69000.0,0.064,48,1633.15,Medical Residency Program,0.0,BBB - Moderate Risk,Current / Performing,0,0.0
LN-10807,CUST-0799,PRD-MORT,BR-102,20240910,2024-09-10,2054-09-10,382600.0,0.0575,360,2232.75,Investment Property Buy,587847.06,AAA - Low Risk,Current / Performing,0,0.0
LN-10808,CUST-0913,PRD-PERS,BR-106,20260402,2026-04-02,2030-04-02,28700.0,0.12,48,755.78,Wedding & Family,0.0,CCC - Elevated Risk,Current / Performing,0,0.0
LN-10809,CUST-0397,PRD-EQUIP,BR-103,20260326,2026-03-26,2030-03-26,70900.0,0.084,48,1744.22,Warehouse Forklift Fleet,90097.13,CCC - Elevated Risk,Current / Performing,0,0.0
LN-10810,CUST-0977,PRD-EQUIP,BR-101,20250415,2025-04-15,2027-04-15,58900.0,0.094,24,2701.65,Industrial CNC Machine,92424.09,CCC - Elevated Risk,Current / Performing,0,0.0
LN-10811,CUST-0509,PRD-SME,BR-101,20260421,2026-04-21,2029-04-20,401700.0,0.12,36,13342.19,New Branch Expansion,474565.0,DDD - High Default Probability,Current / Performing,0,0.0
LN-10812,CUST-0238,PRD-AUTO,BR-107,20240510,2024-05-10,2027-05-10,54400.0,0.073,36,1687.19,New EV Purchase,77658.84,AAA - Low Risk,Current / Performing,0,0.0
LN-10813,CUST-0671,PRD-AUTO,BR-104,20240126,2024-01-26,2030-01-25,36900.0,0.083,72,652.4,Certified Pre-Owned Luxury Car,47800.39,BBB - Moderate Risk,Current / Performing,0,0.0
LN-10814,CUST-0349,PRD-AUTO,BR-105,20230807,2023-08-07,2026-08-06,63100.0,0.073,36,1957.01,Fleet Commercial Van,93959.03,AAA - Low Risk,Fully Paid,0,0.0
LN-10815,CUST-0031,PRD-SME,BR-108,20260215,2026-02-15,2033-02-14,270300.0,0.1,84,4487.3,New Branch Expansion,377057.8,CCC - Elevated Risk,In Default (90+ DPD),1,0.0
LN-10816,CUST-0926,PRD-PERS,BR-112,20260221,2026-02-21,2030-02-21,33900.0,0.12,48,892.72,Home Renovation,0.0,AAA - Low Risk,Current / Performing,0,0.0
LN-10817,CUST-0582,PRD-PERS,BR-101,20250417,2025-04-17,2028-04-16,21400.0,0.12,36,710.79,Debt Consolidation,0.0,BBB - Moderate Risk,Current / Performing,0,0.0
LN-10818,CUST-0320,PRD-PERS,BR-109,20230612,2023-06-12,2026-06-11,33000.0,0.17,36,1176.54,Home Renovation,0.0,DDD - High Default Probability,Fully Paid,0,0.0
LN-10819,CUST-0057,PRD-PERS,BR-112,20250411,2025-04-11,2029-04-11,7200.0,0.13,48,193.16,Wedding & Family,0.0,BBB - Moderate Risk,Current / Performing,0,0.0
LN-10820,CUST-0300,PRD-EQUIP,BR-109,20260116,2026-01-16,2030-01-16,56300.0,0.084,48,1385.04,Medical Imaging Scanner,89259.03,BBB - Moderate Risk,Current / Performing,0,0.0
LN-10821,CUST-0078,PRD-PERS,BR-102,20251224,2025-12-24,2029-12-24,19000.0,0.17,48,548.25,Debt Consolidation,0.0,DDD - High Default Probability,Current / Performing,0,0.0
LN-10822,CUST-0576,PRD-AUTO,BR-111,20260130,2026-01-30,2032-01-30,21300.0,0.073,72,366.22,New EV Purchase,31252.73,CCC - Elevated Risk,Current / Performing,0,0.0
LN-10823,CUST-0128,PRD-MORT,BR-103,20250529,2025-05-29,2045-05-29,721300.0,0.0575,240,5064.13,Investment Property Buy,973491.21,CCC - Elevated Risk,Current / Performing,0,0.0
LN-10824,CUST-0422,PRD-AUTO,BR-105,20250228,2025-02-28,2028-02-28,32300.0,0.073,36,1001.77,New EV Purchase,44661.51,AAA - Low Risk,Current / Performing,0,0.0
LN-10825,CUST-0305,PRD-AUTO,BR-103,20240918,2024-09-18,2028-09-18,46500.0,0.123,48,1231.38,Certified Pre-Owned Luxury Car,71468.99,DDD - High Default Probability,Current / Performing,0,0.0
LN-10826,CUST-0629,PRD-EDU,BR-103,20230407,2023-04-07,2027-04-07,28900.0,0.094,48,724.68,Medical Residency Program,0.0,DDD - High Default Probability,Current / Performing,0,0.0
LN-10827,CUST-0295,PRD-AUTO,BR-111,20250410,2025-04-10,2031-04-10,49700.0,0.073,72,854.51,Fleet Commercial Van,75791.52,AAA - Low Risk,Current / Performing,0,0.0
LN-10828,CUST-0478,PRD-AUTO,BR-103,20230811,2023-08-11,2026-08-10,52600.0,0.073,36,1631.36,New EV Purchase,79889.75,AAA - Low Risk,Fully Paid,0,0.0
LN-10829,CUST-0338,PRD-EDU,BR-109,20251216,2025-12-16,2030-12-16,41400.0,0.094,60,867.46,MBA Program Tuition,0.0,CCC - Elevated Risk,Current / Performing,0,0.0
LN-10830,CUST-0610,PRD-MORT,BR-101,20231212,2023-12-12,2043-12-12,480300.0,0.0575,240,3372.11,Primary Residence Purchase,712663.97,AAA - Low Risk,Current / Performing,0,0.0
LN-10831,CUST-0661,PRD-PERS,BR-110,20240908,2024-09-08,2027-09-08,17500.0,0.15,36,606.64,Wedding & Family,0.0,DDD - High Default Probability,Under Restructuring,1,0.0
LN-10832,CUST-0444,PRD-SME,BR-111,20250114,2025-01-14,2030-01-14,428400.0,0.14,60,9968.12,Inventory Stocking Q4,612563.92,DDD - High Default Probability,Current / Performing,0,0.0
LN-10833,CUST-0468,PRD-AUTO,BR-103,20240523,2024-05-23,2030-05-23,19900.0,0.073,72,342.15,New EV Purchase,25090.38,BBB - Moderate Risk,Current / Performing,0,0.0
LN-10834,CUST-0552,PRD-PERS,BR-107,20240126,2024-01-26,2028-01-26,8000.0,0.12,48,210.67,Home Renovation,0.0,AAA - Low Risk,Current / Performing,0,0.0
LN-10835,CUST-0602,PRD-PERS,BR-108,20230418,2023-04-18,2027-04-18,7900.0,0.12,48,208.04,Emergency Medical Exp,0.0,CCC - Elevated Risk,Current / Performing,0,0.0
LN-10836,CUST-0865,PRD-AUTO,BR-103,20241208,2024-12-08,2027-12-08,32500.0,0.073,36,1007.97,Fleet Commercial Van,40639.5,AAA - Low Risk,Current / Performing,0,0.0
LN-10837,CUST-0237,PRD-AUTO,BR-103,20251120,2025-11-20,2028-11-19,64000.0,0.083,36,2014.4,Certified Pre-Owned Luxury Car,80685.7,BBB - Moderate Risk,Current / Performing,0,0.0
LN-10838,CUST-0447,PRD-MORT,BR-107,20241002,2024-10-02,2044-10-02,388000.0,0.0675,240,2950.21,Primary Residence Purchase,501092.9,BBB - Moderate Risk,Current / Performing,0,0.0
LN-10839,CUST-0039,PRD-MORT,BR-111,20230401,2023-04-01,2043-04-01,795700.0,0.0875,240,7031.69,Refinance Existing Mortgage,1177421.46,CCC - Elevated Risk,Current / Performing,0,0.0
LN-10840,CUST-0117,PRD-SME,BR-101,20251106,2025-11-06,2032-11-05,333100.0,0.09,84,5359.27,Technology & IT Modernization,396344.95,AAA - Low Risk,Current / Performing,0,0.0
LN-10841,CUST-0491,PRD-AUTO,BR-108,20250926,2025-09-26,2028-09-25,56200.0,0.073,36,1743.01,Fleet Commercial Van,80773.08,BBB - Moderate Risk,Current / Performing,0,0.0
LN-10842,CUST-0788,PRD-SME,BR-112,20260521,2026-05-21,2033-05-20,430900.0,0.09,84,6932.78,Technology & IT Modernization,515553.79,BBB - Moderate Risk,Delinquent (61-90 DPD),1,0.0
LN-10843,CUST-0382,PRD-MORT,BR-108,20260223,2026-02-23,2046-02-23,695900.0,0.0575,240,4885.8,Primary Residence Purchase,826590.36,CCC - Elevated Risk,Current / Performing,0,0.0
LN-10844,CUST-0017,PRD-EQUIP,BR-104,20230308,2023-03-08,2026-03-07,79200.0,0.134,36,2683.85,Warehouse Forklift Fleet,106352.53,DDD - High Default Probability,Fully Paid,0,0.0
LN-10845,CUST-0111,PRD-PERS,BR-104,20240802,2024-08-02,2028-08-02,18400.0,0.12,48,484.54,Home Renovation,0.0,AAA - Low Risk,Current / Performing,0,0.0
LN-10846,CUST-0682,PRD-EDU,BR-102,20260415,2026-04-15,2036-04-14,69000.0,0.064,120,779.97,Medical Residency Program,0.0,AAA - Low Risk,Current / Performing,0,0.0
LN-10847,CUST-0031,PRD-EDU,BR-108,20230612,2023-06-12,2028-06-11,25600.0,0.074,60,511.76,Master of Science in Data Analytics,0.0,CCC - Elevated Risk,Current / Performing,0,0.0
LN-10848,CUST-0635,PRD-SME,BR-103,20240203,2024-02-03,2031-02-02,89900.0,0.09,84,1446.41,New Branch Expansion,109726.82,CCC - Elevated Risk,Current / Performing,0,0.0
LN-10849,CUST-0081,PRD-EQUIP,BR-107,20250125,2025-01-25,2030-01-25,112400.0,0.094,60,2355.12,Industrial CNC Machine,171042.41,BBB - Moderate Risk,Current / Performing,0,0.0
LN-10850,CUST-0540,PRD-EDU,BR-102,20240824,2024-08-24,2029-08-24,44000.0,0.064,60,858.85,Medical Residency Program,0.0,AAA - Low Risk,Current / Performing,0,0.0
LN-10851,CUST-0266,PRD-EQUIP,BR-106,20260211,2026-02-11,2029-02-10,63900.0,0.084,36,2014.21,Medical Imaging Scanner,97535.46,AAA - Low Risk,Current / Performing,0,0.0
LN-10852,CUST-0832,PRD-MORT,BR-112,20240623,2024-06-23,2044-06-23,592800.0,0.1075,240,6018.28,Primary Residence Purchase,860325.47,DDD - High Default Probability,Current / Performing,0,0.0
LN-10853,CUST-0971,PRD-SME,BR-103,20260512,2026-05-12,2029-05-11,405400.0,0.09,36,12891.61,New Branch Expansion,540861.62,BBB - Moderate Risk,Current / Performing,0,0.0
LN-10854,CUST-0320,PRD-MORT,BR-109,20241201,2024-12-01,2044-12-01,653300.0,0.1075,240,6632.49,Primary Residence Purchase,797324.93,DDD - High Default Probability,Current / Performing,0,0.0
LN-10855,CUST-0838,PRD-EDU,BR-110,20250728,2025-07-28,2035-07-28,24900.0,0.094,120,320.84,Master of Science in Data Analytics,0.0,DDD - High Default Probability,Charged Off / Written Off,1,19028.48
LN-10856,CUST-0276,PRD-MORT,BR-101,20250720,2025-07-20,2045-07-20,217800.0,0.0875,240,1924.72,Primary Residence Purchase,334548.02,CCC - Elevated Risk,Current / Performing,0,0.0
LN-10857,CUST-0191,PRD-EQUIP,BR-108,20250408,2025-04-08,2030-04-08,36000.0,0.094,60,754.31,Warehouse Forklift Fleet,41674.13,BBB - Moderate Risk,Current / Performing,0,0.0
LN-10858,CUST-0660,PRD-PERS,BR-109,20240827,2024-08-27,2028-08-27,28200.0,0.17,48,813.71,Home Renovation,0.0,DDD - High Default Probability,Current / Performing,0,0.0
LN-10859,CUST-0279,PRD-EDU,BR-106,20240531,2024-05-31,2034-05-31,14900.0,0.114,120,208.64,Master of Science in Data Analytics,0.0,DDD - High Default Probability,Current / Performing,0,0.0
LN-10860,CUST-0610,PRD-AUTO,BR-101,20240218,2024-02-18,2027-02-17,37200.0,0.073,36,1153.74,New EV Purchase,44632.25,AAA - Low Risk,Current / Performing,0,0.0
LN-10861,CUST-0459,PRD-PERS,BR-110,20240410,2024-04-10,2028-04-10,10500.0,0.12,48,276.51,Emergency Medical Exp,0.0,CCC - Elevated Risk,Current / Performing,0,0.0
LN-10862,CUST-0776,PRD-MORT,BR-103,20240929,2024-09-29,2044-09-29,450100.0,0.0875,240,3977.58,Refinance Existing Mortgage,716098.31,CCC - Elevated Risk,Current / Performing,0,0.0
LN-10863,CUST-0508,PRD-EQUIP,BR-109,20231108,2023-11-08,2027-11-08,147900.0,0.094,48,3708.65,Medical Imaging Scanner,224838.68,BBB - Moderate Risk,Current / Performing,0,0.0
LN-10864,CUST-0206,PRD-MORT,BR-107,20250913,2025-09-13,2045-09-13,486200.0,0.0875,240,4296.6,Primary Residence Purchase,653301.83,CCC - Elevated Risk,Current / Performing,0,0.0
LN-10865,CUST-0957,PRD-PERS,BR-110,20240622,2024-06-22,2028-06-22,12700.0,0.13,48,340.71,Home Renovation,0.0,BBB - Moderate Risk,Current / Performing,0,0.0
LN-10866,CUST-0713,PRD-MORT,BR-108,20260112,2026-01-12,2046-01-12,458400.0,0.0675,240,3485.51,Investment Property Buy,647460.68,BBB - Moderate Risk,Current / Performing,0,0.0
LN-10867,CUST-0057,PRD-MORT,BR-112,20241031,2024-10-31,2044-10-31,248000.0,0.0675,240,1885.7,Primary Residence Purchase,379623.42,BBB - Moderate Risk,Current / Performing,0,0.0
LN-10868,CUST-0544,PRD-PERS,BR-103,20250207,2025-02-07,2026-02-07,27500.0,0.15,12,2482.1,Wedding & Family,0.0,CCC - Elevated Risk,Fully Paid,0,0.0
LN-10869,CUST-0962,PRD-PERS,BR-107,20241011,2024-10-11,2028-10-11,5200.0,0.12,48,136.94,Home Renovation,0.0,CCC - Elevated Risk,Current / Performing,0,0.0
LN-10870,CUST-0229,PRD-MORT,BR-112,20231115,2023-11-15,2043-11-15,468700.0,0.0575,240,3290.67,Primary Residence Purchase,684594.97,BBB - Moderate Risk,Current / Performing,0,0.0
LN-10871,CUST-0752,PRD-AUTO,BR-111,20240103,2024-01-03,2030-01-02,22000.0,0.083,72,388.96,Fleet Commercial Van,26776.93,BBB - Moderate Risk,Current / Performing,0,0.0
LN-10872,CUST-0929,PRD-EDU,BR-104,20250428,2025-04-28,2030-04-28,28100.0,0.094,60,588.78,Medical Residency Program,0.0,CCC - Elevated Risk,Current / Performing,0,0.0
LN-10873,CUST-0437,PRD-PERS,BR-103,20230219,2023-02-19,2027-02-19,3800.0,0.15,48,105.76,Wedding & Family,0.0,DDD - High Default Probability,Current / Performing,0,0.0
LN-10874,CUST-0945,PRD-PERS,BR-102,20260327,2026-03-27,2028-03-26,25000.0,0.17,24,1236.06,Debt Consolidation,0.0,DDD - High Default Probability,Current / Performing,0,0.0
LN-10875,CUST-0007,PRD-AUTO,BR-103,20241016,2024-10-16,2030-10-16,47900.0,0.103,72,894.65,Fleet Commercial Van,67323.37,CCC - Elevated Risk,Current / Performing,0,0.0
LN-10876,CUST-0738,PRD-SME,BR-101,20240705,2024-07-05,2026-07-05,79400.0,0.14,24,3812.22,New Branch Expansion,115442.49,DDD - High Default Probability,Fully Paid,0,0.0
LN-10877,CUST-0871,PRD-AUTO,BR-110,20240225,2024-02-25,2028-02-25,16500.0,0.083,48,405.14,New EV Purchase,23007.08,CCC - Elevated Risk,Delinquent (31-60 DPD),0,0.0
LN-10878,CUST-0041,PRD-SME,BR-105,20251204,2025-12-04,2032-12-03,131100.0,0.1,84,2176.42,Inventory Stocking Q4,188325.74,BBB - Moderate Risk,Current / Performing,0,0.0
LN-10879,CUST-0690,PRD-MORT,BR-102,20250613,2025-06-13,2045-06-13,518500.0,0.0675,240,3942.49,Investment Property Buy,696577.21,BBB - Moderate Risk,Current / Performing,0,0.0
LN-10880,CUST-0551,PRD-PERS,BR-106,20230921,2023-09-21,2026-09-20,16700.0,0.12,36,554.68,Home Renovation,0.0,AAA - Low Risk,Fully Paid,0,0.0
LN-10881,CUST-0146,PRD-EQUIP,BR-103,20240716,2024-07-16,2028-07-16,179300.0,0.084,48,4410.98,Warehouse Forklift Fleet,271298.0,BBB - Moderate Risk,Delinquent (61-90 DPD),1,0.0
LN-10882,CUST-0572,PRD-SME,BR-103,20240917,2024-09-17,2026-09-17,149500.0,0.12,24,7037.48,Working Capital Expansion,189028.94,CCC - Elevated Risk,Fully Paid,0,0.0
LN-10883,CUST-0747,PRD-EQUIP,BR-108,20230714,2023-07-14,2028-07-13,88100.0,0.134,60,2022.63,Industrial CNC Machine,124313.34,DDD - High Default Probability,Current / Performing,0,0.0
LN-10884,CUST-0737,PRD-AUTO,BR-108,20230908,2023-09-08,2029-09-07,56800.0,0.083,72,1004.23,Fleet Commercial Van,73791.01,BBB - Moderate Risk,Current / Performing,0,0.0
LN-10885,CUST-0059,PRD-EQUIP,BR-101,20240918,2024-09-18,2029-09-18,179200.0,0.114,60,3932.08,Industrial CNC Machine,281754.15,DDD - High Default Probability,Current / Performing,0,0.0
LN-10886,CUST-0552,PRD-AUTO,BR-107,20250403,2025-04-03,2028-04-02,26100.0,0.073,36,809.48,Certified Pre-Owned Luxury Car,33260.85,AAA - Low Risk,Delinquent (61-90 DPD),1,0.0
LN-10887,CUST-0317,PRD-AUTO,BR-103,20231231,2023-12-31,2027-12-31,33400.0,0.073,48,804.46,Fleet Commercial Van,43347.01,AAA - Low Risk,Current / Performing,0,0.0
LN-10888,CUST-0460,PRD-EDU,BR-104,20260127,2026-01-27,2030-01-27,11300.0,0.114,48,294.25,MBA Program Tuition,0.0,DDD - High Default Probability,Current / Performing,0,0.0
LN-10889,CUST-0818,PRD-MORT,BR-101,20241214,2024-12-14,2044-12-14,318000.0,0.0575,240,2232.63,Primary Residence Purchase,394522.85,BBB - Moderate Risk,Current / Performing,0,0.0
LN-10890,CUST-0704,PRD-SME,BR-107,20240729,2024-07-29,2031-07-29,411000.0,0.09,84,6612.61,Working Capital Expansion,610937.31,AAA - Low Risk,Current / Performing,0,0.0
LN-10891,CUST-0217,PRD-EDU,BR-106,20250921,2025-09-21,2035-09-21,71700.0,0.074,120,847.35,Medical Residency Program,0.0,CCC - Elevated Risk,Current / Performing,0,0.0
LN-10892,CUST-0714,PRD-AUTO,BR-111,20230415,2023-04-15,2026-04-14,47300.0,0.073,36,1466.98,Certified Pre-Owned Luxury Car,59444.06,AAA - Low Risk,Fully Paid,0,0.0
LN-10893,CUST-0871,PRD-MORT,BR-110,20250714,2025-07-14,2045-07-14,578000.0,0.0675,240,4394.9,Primary Residence Purchase,858166.89,CCC - Elevated Risk,Current / Performing,0,0.0
LN-10894,CUST-0942,PRD-EDU,BR-109,20240304,2024-03-04,2034-03-04,33100.0,0.064,120,374.16,Medical Residency Program,0.0,BBB - Moderate Risk,Current / Performing,0,0.0
LN-10895,CUST-0817,PRD-EDU,BR-103,20230528,2023-05-28,2033-05-27,43400.0,0.074,120,512.9,MBA Program Tuition,0.0,BBB - Moderate Risk,Current / Performing,0,0.0
LN-10896,CUST-0881,PRD-AUTO,BR-101,20241009,2024-10-09,2027-10-09,47100.0,0.083,36,1482.47,New EV Purchase,64591.45,BBB - Moderate Risk,Current / Performing,0,0.0
LN-10897,CUST-0045,PRD-EQUIP,BR-111,20240119,2024-01-19,2028-01-19,38500.0,0.114,48,1002.55,Industrial CNC Machine,60381.99,CCC - Elevated Risk,Current / Performing,0,0.0
LN-10898,CUST-0494,PRD-SME,BR-111,20230603,2023-06-03,2028-06-02,219600.0,0.1,60,4665.85,Technology & IT Modernization,340117.24,BBB - Moderate Risk,Current / Performing,0,0.0
LN-10899,CUST-0812,PRD-PERS,BR-104,20260228,2026-02-28,2030-02-28,28600.0,0.12,48,753.15,Wedding & Family,0.0,CCC - Elevated Risk,In Default (90+ DPD),1,0.0
LN-10900,CUST-0015,PRD-SME,BR-111,20241027,2024-10-27,2026-10-27,225000.0,0.12,24,10591.53,New Branch Expansion,269216.01,DDD - High Default Probability,In Default (90+ DPD),1,0.0
LN-10901,CUST-0362,PRD-AUTO,BR-106,20230109,2023-01-09,2028-01-09,33500.0,0.083,60,684.08,Certified Pre-Owned Luxury Car,50755.02,BBB - Moderate Risk,Current / Performing,0,0.0
LN-10902,CUST-0420,PRD-AUTO,BR-105,20260326,2026-03-26,2029-03-25,28100.0,0.083,36,884.45,Certified Pre-Owned Luxury Car,32762.2,BBB - Moderate Risk,Current / Performing,0,0.0
LN-10903,CUST-0384,PRD-PERS,BR-110,20230217,2023-02-17,2027-02-17,6300.0,0.17,48,181.79,Debt Consolidation,0.0,DDD - High Default Probability,Delinquent (31-60 DPD),0,0.0
LN-10904,CUST-0916,PRD-AUTO,BR-103,20230823,2023-08-23,2029-08-22,24100.0,0.073,72,414.36,New EV Purchase,33693.12,CCC - Elevated Risk,Current / Performing,0,0.0
LN-10905,CUST-0026,PRD-SME,BR-111,20230624,2023-06-24,2026-06-23,119300.0,0.12,36,3962.47,New Branch Expansion,139456.41,CCC - Elevated Risk,Under Restructuring,1,0.0
LN-10906,CUST-0456,PRD-AUTO,BR-106,20260126,2026-01-26,2029-01-25,18100.0,0.083,36,569.7,New EV Purchase,22042.66,BBB - Moderate Risk,Current / Performing,0,0.0
LN-10907,CUST-0903,PRD-PERS,BR-107,20251002,2025-10-02,2029-10-02,3400.0,0.12,48,89.54,Wedding & Family,0.0,AAA - Low Risk,Current / Performing,0,0.0
LN-10908,CUST-0481,PRD-SME,BR-106,20260126,2026-01-26,2033-01-25,154300.0,0.12,84,2723.82,New Branch Expansion,177695.21,CCC - Elevated Risk,Current / Performing,0,0.0
LN-10909,CUST-0535,PRD-MORT,BR-107,20260511,2026-05-11,2046-05-11,533200.0,0.0575,240,3743.51,Primary Residence Purchase,827585.79,BBB - Moderate Risk,Current / Performing,0,0.0
LN-10910,CUST-0408,PRD-EDU,BR-108,20251121,2025-11-21,2029-11-21,65600.0,0.114,48,1708.24,Master of Science in Data Analytics,0.0,DDD - High Default Probability,Delinquent (61-90 DPD),1,0.0
LN-10911,CUST-0137,PRD-EDU,BR-106,20250109,2025-01-09,2029-01-09,78800.0,0.074,48,1901.62,Medical Residency Program,0.0,BBB - Moderate Risk,Current / Performing,0,0.0
LN-10912,CUST-0799,PRD-EQUIP,BR-102,20250330,2025-03-30,2030-03-30,160200.0,0.084,60,3279.03,Industrial CNC Machine,210688.4,AAA - Low Risk,Current / Performing,0,0.0
LN-10913,CUST-0301,PRD-SME,BR-109,20230620,2023-06-20,2025-06-19,181000.0,0.12,24,8520.3,Working Capital Expansion,215610.07,DDD - High Default Probability,Fully Paid,0,0.0
LN-10914,CUST-0485,PRD-AUTO,BR-102,20240415,2024-04-15,2027-04-15,16600.0,0.073,36,514.84,New EV Purchase,26483.49,AAA - Low Risk,Delinquent (31-60 DPD),0,0.0
LN-10915,CUST-0888,PRD-EQUIP,BR-104,20250713,2025-07-13,2030-07-13,64400.0,0.094,60,1349.37,Industrial CNC Machine,84102.98,BBB - Moderate Risk,Current / Performing,0,0.0
LN-10916,CUST-0872,PRD-PERS,BR-103,20230710,2023-07-10,2027-07-10,10600.0,0.15,48,295.01,Home Renovation,0.0,DDD - High Default Probability,Current / Performing,0,0.0
LN-10917,CUST-0509,PRD-MORT,BR-101,20250726,2025-07-26,2045-07-26,589200.0,0.0875,240,5206.82,Primary Residence Purchase,889675.71,DDD - High Default Probability,Current / Performing,0,0.0
LN-10918,CUST-0262,PRD-PERS,BR-111,20241108,2024-11-08,2025-11-08,21100.0,0.13,12,1884.59,Wedding & Family,0.0,CCC - Elevated Risk,Fully Paid,0,0.0
LN-10919,CUST-0986,PRD-EDU,BR-112,20240527,2024-05-27,2034-05-27,57400.0,0.074,120,678.36,Medical Residency Program,0.0,BBB - Moderate Risk,Current / Performing,0,0.0
LN-10920,CUST-0282,PRD-EQUIP,BR-102,20251225,2025-12-25,2027-12-25,161000.0,0.084,24,7311.0,Industrial CNC Machine,249250.12,AAA - Low Risk,Current / Performing,0,0.0
LN-10921,CUST-0496,PRD-EDU,BR-111,20230728,2023-07-28,2027-07-28,77800.0,0.064,48,1841.44,MBA Program Tuition,0.0,CCC - Elevated Risk,Current / Performing,0,0.0
LN-10922,CUST-0814,PRD-AUTO,BR-110,20230615,2023-06-15,2028-06-14,36500.0,0.103,60,780.92,Certified Pre-Owned Luxury Car,44983.43,CCC - Elevated Risk,Current / Performing,0,0.0
LN-10923,CUST-0538,PRD-SME,BR-106,20250821,2025-08-21,2032-08-20,167300.0,0.09,84,2691.7,Technology & IT Modernization,230995.2,BBB - Moderate Risk,Current / Performing,0,0.0
LN-10924,CUST-0617,PRD-SME,BR-111,20240108,2024-01-08,2031-01-07,183100.0,0.14,84,3431.3,Working Capital Expansion,291960.65,DDD - High Default Probability,Current / Performing,0,0.0
LN-10925,CUST-0122,PRD-MORT,BR-110,20250107,2025-01-07,2045-01-07,560300.0,0.0675,240,4260.32,Refinance Existing Mortgage,678661.37,BBB - Moderate Risk,Delinquent (31-60 DPD),0,0.0
LN-10926,CUST-0946,PRD-PERS,BR-111,20240509,2024-05-09,2028-05-09,4700.0,0.12,48,123.77,Wedding & Family,0.0,AAA - Low Risk,Current / Performing,0,0.0
LN-10927,CUST-0826,PRD-MORT,BR-102,20230924,2023-09-24,2043-09-24,336300.0,0.0575,240,2361.11,Investment Property Buy,388914.57,CCC - Elevated Risk,Current / Performing,0,0.0
LN-10928,CUST-0444,PRD-PERS,BR-111,20240830,2024-08-30,2026-08-30,19700.0,0.17,24,974.01,Debt Consolidation,0.0,DDD - High Default Probability,Under Restructuring,1,0.0
LN-10929,CUST-0604,PRD-EQUIP,BR-101,20260525,2026-05-25,2031-05-25,143000.0,0.084,60,2926.98,Industrial CNC Machine,198996.74,AAA - Low Risk,Delinquent (61-90 DPD),1,0.0
LN-10930,CUST-0888,PRD-SME,BR-104,20230706,2023-07-06,2026-07-05,133800.0,0.1,36,4317.35,Inventory Stocking Q4,209140.62,BBB - Moderate Risk,Fully Paid,0,0.0
LN-10931,CUST-0483,PRD-AUTO,BR-112,20251219,2025-12-19,2031-12-19,51900.0,0.083,72,917.6,New EV Purchase,76556.07,BBB - Moderate Risk,Current / Performing,0,0.0
LN-10932,CUST-0833,PRD-EQUIP,BR-111,20250124,2025-01-24,2030-01-24,62600.0,0.094,60,1311.66,Warehouse Forklift Fleet,76877.05,CCC - Elevated Risk,Current / Performing,0,0.0
LN-10933,CUST-0226,PRD-EQUIP,BR-104,20230917,2023-09-17,2026-09-16,110400.0,0.094,36,3531.28,Warehouse Forklift Fleet,172803.75,BBB - Moderate Risk,Under Restructuring,1,0.0
LN-10934,CUST-0914,PRD-SME,BR-108,20230321,2023-03-21,2028-03-20,91700.0,0.12,60,2039.82,New Branch Expansion,125125.04,CCC - Elevated Risk,Current / Performing,0,0.0
LN-10935,CUST-0988,PRD-PERS,BR-112,20251120,2025-11-20,2029-11-20,26900.0,0.15,48,748.65,Wedding & Family,0.0,CCC - Elevated Risk,Current / Performing,0,0.0
LN-10936,CUST-0166,PRD-AUTO,BR-102,20240620,2024-06-20,2030-06-20,44100.0,0.103,72,823.68,Fleet Commercial Van,64159.77,DDD - High Default Probability,In Default (90+ DPD),1,0.0
LN-10937,CUST-0049,PRD-AUTO,BR-110,20240516,2024-05-16,2030-05-16,16400.0,0.073,72,281.97,New EV Purchase,20640.97,CCC - Elevated Risk,Current / Performing,0,0.0
LN-10938,CUST-0120,PRD-PERS,BR-112,20240323,2024-03-23,2028-03-23,17600.0,0.13,48,472.16,Home Renovation,0.0,BBB - Moderate Risk,Current / Performing,0,0.0
LN-10939,CUST-0684,PRD-PERS,BR-105,20241224,2024-12-24,2028-12-24,13900.0,0.13,48,372.9,Emergency Medical Exp,0.0,CCC - Elevated Risk,Current / Performing,0,0.0
LN-10940,CUST-0860,PRD-PERS,BR-110,20230602,2023-06-02,2027-06-02,10200.0,0.17,48,294.32,Emergency Medical Exp,0.0,DDD - High Default Probability,Current / Performing,0,0.0
LN-10941,CUST-0666,PRD-PERS,BR-101,20230717,2023-07-17,2025-07-16,22500.0,0.17,24,1112.45,Home Renovation,0.0,DDD - High Default Probability,Charged Off / Written Off,1,13975.69
LN-10942,CUST-0027,PRD-EDU,BR-105,20260125,2026-01-25,2030-01-25,31000.0,0.064,48,733.73,Master of Science in Data Analytics,0.0,BBB - Moderate Risk,Current / Performing,0,0.0
LN-10943,CUST-0297,PRD-EQUIP,BR-109,20230215,2023-02-15,2028-02-15,39000.0,0.114,60,855.76,Medical Imaging Scanner,46404.0,CCC - Elevated Risk,Current / Performing,0,0.0
LN-10944,CUST-0672,PRD-AUTO,BR-112,20231112,2023-11-12,2029-11-11,30100.0,0.083,72,532.17,New EV Purchase,35784.53,CCC - Elevated Risk,Current / Performing,0,0.0
LN-10945,CUST-0181,PRD-SME,BR-108,20250525,2025-05-25,2032-05-24,216400.0,0.1,84,3592.5,Inventory Stocking Q4,296923.73,BBB - Moderate Risk,Current / Performing,0,0.0
LN-10946,CUST-0167,PRD-EDU,BR-108,20251212,2025-12-12,2029-12-12,48900.0,0.114,48,1273.37,Medical Residency Program,0.0,DDD - High Default Probability,Current / Performing,0,0.0
LN-10947,CUST-0402,PRD-EDU,BR-105,20240228,2024-02-28,2028-02-28,41000.0,0.064,48,970.42,Master of Science in Data Analytics,0.0,AAA - Low Risk,Current / Performing,0,0.0
LN-10948,CUST-0095,PRD-EDU,BR-104,20230824,2023-08-24,2033-08-23,65500.0,0.064,120,740.41,MBA Program Tuition,0.0,BBB - Moderate Risk,Current / Performing,0,0.0
LN-10949,CUST-0916,PRD-EDU,BR-103,20250830,2025-08-30,2035-08-30,34100.0,0.064,120,385.47,Medical Residency Program,0.0,CCC - Elevated Risk,Current / Performing,0,0.0
LN-10950,CUST-0516,PRD-EQUIP,BR-101,20230607,2023-06-07,2025-06-06,126100.0,0.084,24,5726.19,Medical Imaging Scanner,187253.32,AAA - Low Risk,Fully Paid,0,0.0
LN-10951,CUST-0014,PRD-PERS,BR-101,20260501,2026-05-01,2030-05-01,15900.0,0.13,48,426.56,Wedding & Family,0.0,BBB - Moderate Risk,Current / Performing,0,0.0
LN-10952,CUST-0068,PRD-PERS,BR-108,20230410,2023-04-10,2027-04-10,16500.0,0.12,48,434.51,Home Renovation,0.0,CCC - Elevated Risk,Current / Performing,0,0.0
LN-10953,CUST-0480,PRD-PERS,BR-103,20260513,2026-05-13,2027-05-13,29900.0,0.13,12,2670.59,Wedding & Family,0.0,BBB - Moderate Risk,Current / Performing,0,0.0
LN-10954,CUST-0788,PRD-MORT,BR-112,20260325,2026-03-25,2046-03-25,708100.0,0.0575,240,4971.45,Primary Residence Purchase,1107257.43,BBB - Moderate Risk,Current / Performing,0,0.0
LN-10955,CUST-0265,PRD-EQUIP,BR-104,20240427,2024-04-27,2029-04-27,64600.0,0.094,60,1353.57,Warehouse Forklift Fleet,89373.89,BBB - Moderate Risk,Delinquent (31-60 DPD),0,0.0
LN-10956,CUST-0589,PRD-SME,BR-111,20250911,2025-09-11,2032-09-10,64900.0,0.09,84,1044.18,Technology & IT Modernization,85100.62,CCC - Elevated Risk,Current / Performing,0,0.0
LN-10957,CUST-0122,PRD-MORT,BR-110,20240920,2024-09-20,2044-09-20,796300.0,0.0675,240,6054.78,Primary Residence Purchase,1230166.28,BBB - Moderate Risk,Current / Performing,0,0.0
LN-10958,CUST-0772,PRD-PERS,BR-111,20240419,2024-04-19,2028-04-19,17500.0,0.12,48,460.84,Emergency Medical Exp,0.0,BBB - Moderate Risk,Current / Performing,0,0.0
LN-10959,CUST-0095,PRD-EDU,BR-104,20250427,2025-04-27,2029-04-27,20700.0,0.064,48,489.95,Master of Science in Data Analytics,0.0,BBB - Moderate Risk,Delinquent (61-90 DPD),1,0.0
LN-10960,CUST-0548,PRD-PERS,BR-101,20230424,2023-04-24,2027-04-24,29800.0,0.12,48,784.75,Wedding & Family,0.0,BBB - Moderate Risk,Under Restructuring,1,0.0
LN-10961,CUST-0913,PRD-MORT,BR-106,20240507,2024-05-07,2044-05-07,730600.0,0.0575,240,5129.42,Investment Property Buy,922999.79,CCC - Elevated Risk,Current / Performing,0,0.0
LN-10962,CUST-0978,PRD-PERS,BR-104,20240606,2024-06-06,2028-06-06,22600.0,0.17,48,652.12,Wedding & Family,0.0,DDD - High Default Probability,Current / Performing,0,0.0
LN-10963,CUST-0991,PRD-EQUIP,BR-109,20230517,2023-05-17,2028-05-16,56700.0,0.114,60,1244.14,Warehouse Forklift Fleet,76966.32,DDD - High Default Probability,Current / Performing,0,0.0
LN-10964,CUST-0094,PRD-EQUIP,BR-106,20230405,2023-04-05,2025-04-04,39000.0,0.114,24,1824.96,Industrial CNC Machine,53012.91,CCC - Elevated Risk,Fully Paid,0,0.0
LN-10965,CUST-0580,PRD-PERS,BR-103,20260219,2026-02-19,2030-02-19,5900.0,0.12,48,155.37,Emergency Medical Exp,0.0,AAA - Low Risk,Current / Performing,0,0.0
LN-10966,CUST-0484,PRD-EQUIP,BR-108,20250105,2025-01-05,2030-01-05,127100.0,0.084,60,2601.53,Medical Imaging Scanner,202990.89,BBB - Moderate Risk,Current / Performing,0,0.0
LN-10967,CUST-0887,PRD-SME,BR-111,20230318,2023-03-18,2030-03-17,366200.0,0.1,84,6079.35,Technology & IT Modernization,433157.09,BBB - Moderate Risk,Current / Performing,0,0.0
LN-10968,CUST-0062,PRD-EDU,BR-110,20250725,2025-07-25,2032-07-24,66000.0,0.094,84,1075.33,Master of Science in Data Analytics,0.0,CCC - Elevated Risk,Current / Performing,0,0.0
LN-10969,CUST-0300,PRD-EDU,BR-109,20251011,2025-10-11,2035-10-11,10300.0,0.064,120,116.43,MBA Program Tuition,0.0,BBB - Moderate Risk,Delinquent (31-60 DPD),0,0.0
LN-10970,CUST-0995,PRD-EDU,BR-109,20230504,2023-05-04,2033-05-03,56600.0,0.074,120,668.9,MBA Program Tuition,0.0,BBB - Moderate Risk,Current / Performing,0,0.0
LN-10971,CUST-0112,PRD-EQUIP,BR-109,20230103,2023-01-03,2025-01-02,54300.0,0.114,24,2540.9,Medical Imaging Scanner,73987.77,CCC - Elevated Risk,Fully Paid,0,0.0
LN-10972,CUST-0827,PRD-EDU,BR-104,20240405,2024-04-05,2028-04-05,12600.0,0.074,48,304.07,Medical Residency Program,0.0,CCC - Elevated Risk,Under Restructuring,1,0.0
LN-10973,CUST-0873,PRD-SME,BR-102,20240809,2024-08-09,2029-08-09,374800.0,0.12,60,8337.22,New Branch Expansion,484428.23,CCC - Elevated Risk,Current / Performing,0,0.0
LN-10974,CUST-0315,PRD-PERS,BR-105,20230929,2023-09-29,2026-09-28,5000.0,0.12,36,166.07,Wedding & Family,0.0,AAA - Low Risk,Fully Paid,0,0.0
LN-10975,CUST-0627,PRD-EQUIP,BR-101,20230309,2023-03-09,2028-03-08,141800.0,0.084,60,2902.41,Warehouse Forklift Fleet,212558.45,AAA - Low Risk,Current / Performing,0,0.0
LN-10976,CUST-0608,PRD-MORT,BR-104,20230507,2023-05-07,2043-05-07,746400.0,0.1075,240,7577.67,Primary Residence Purchase,992524.06,DDD - High Default Probability,Current / Performing,0,0.0
LN-10977,CUST-0144,PRD-AUTO,BR-108,20251015,2025-10-15,2028-10-14,24300.0,0.103,36,787.52,Fleet Commercial Van,30218.36,CCC - Elevated Risk,In Default (90+ DPD),1,0.0
LN-10978,CUST-0710,PRD-EDU,BR-107,20241001,2024-10-01,2028-10-01,55800.0,0.064,48,1320.72,MBA Program Tuition,0.0,AAA - Low Risk,Current / Performing,0,0.0
LN-10979,CUST-0785,PRD-MORT,BR-105,20230919,2023-09-19,2043-09-19,619700.0,0.0675,240,4711.98,Investment Property Buy,887206.89,CCC - Elevated Risk,Charged Off / Written Off,1,308985.04
LN-10980,CUST-0117,PRD-SME,BR-101,20250512,2025-05-12,2032-05-11,266100.0,0.09,84,4281.3,New Branch Expansion,341434.66,AAA - Low Risk,Current / Performing,0,0.0
LN-10981,CUST-0645,PRD-SME,BR-112,20240210,2024-02-10,2031-02-09,259000.0,0.09,84,4167.07,Technology & IT Modernization,369731.09,AAA - Low Risk,Delinquent (61-90 DPD),1,0.0
LN-10982,CUST-0382,PRD-MORT,BR-108,20240502,2024-05-02,2044-05-02,261500.0,0.0575,240,1835.95,Investment Property Buy,344750.86,CCC - Elevated Risk,Current / Performing,0,0.0
LN-10983,CUST-0038,PRD-SME,BR-101,20250726,2025-07-26,2029-07-26,446200.0,0.1,48,11316.78,New Branch Expansion,596970.09,CCC - Elevated Risk,Charged Off / Written Off,1,344902.42
LN-10984,CUST-0001,PRD-AUTO,BR-101,20251216,2025-12-16,2031-12-16,24300.0,0.073,72,417.8,New EV Purchase,37311.01,AAA - Low Risk,Current / Performing,0,0.0
LN-10985,CUST-0008,PRD-AUTO,BR-109,20260213,2026-02-13,2032-02-13,31000.0,0.083,72,548.08,Fleet Commercial Van,39639.65,BBB - Moderate Risk,Current / Performing,0,0.0
LN-10986,CUST-0390,PRD-EQUIP,BR-103,20250209,2025-02-09,2029-02-09,130800.0,0.084,48,3217.83,Industrial CNC Machine,171075.39,CCC - Elevated Risk,Current / Performing,0,0.0
LN-10987,CUST-0595,PRD-MORT,BR-109,20230310,2023-03-10,2043-03-10,396500.0,0.0575,240,2783.76,Investment Property Buy,532838.95,CCC - Elevated Risk,Current / Performing,0,0.0
LN-10988,CUST-0629,PRD-PERS,BR-103,20240726,2024-07-26,2026-07-26,18500.0,0.15,24,897.0,Wedding & Family,0.0,DDD - High Default Probability,Fully Paid,0,0.0
LN-10989,CUST-0293,PRD-PERS,BR-101,20251002,2025-10-02,2029-10-02,25900.0,0.13,48,694.83,Wedding & Family,0.0,BBB - Moderate Risk,Current / Performing,0,0.0
LN-10990,CUST-0514,PRD-EDU,BR-108,20230303,2023-03-03,2030-03-02,37200.0,0.094,84,606.09,MBA Program Tuition,0.0,CCC - Elevated Risk,Current / Performing,0,0.0
LN-10991,CUST-0045,PRD-EDU,BR-111,20250405,2025-04-05,2035-04-05,32300.0,0.094,120,416.19,Master of Science in Data Analytics,0.0,CCC - Elevated Risk,Current / Performing,0,0.0
LN-10992,CUST-0794,PRD-AUTO,BR-108,20250103,2025-01-03,2030-01-03,41400.0,0.083,60,845.4,Fleet Commercial Van,53757.46,CCC - Elevated Risk,Current / Performing,0,0.0
LN-10993,CUST-0927,PRD-PERS,BR-102,20260418,2026-04-18,2027-04-18,9800.0,0.12,12,870.72,Wedding & Family,0.0,AAA - Low Risk,Current / Performing,0,0.0
LN-10994,CUST-0415,PRD-EQUIP,BR-108,20241003,2024-10-03,2029-10-03,110400.0,0.094,60,2313.21,Warehouse Forklift Fleet,162240.78,CCC - Elevated Risk,Current / Performing,0,0.0
LN-10995,CUST-0411,PRD-MORT,BR-102,20230725,2023-07-25,2043-07-25,535200.0,0.0575,240,3757.55,Refinance Existing Mortgage,795919.29,BBB - Moderate Risk,Current / Performing,0,0.0
LN-10996,CUST-0555,PRD-MORT,BR-105,20250206,2025-02-06,2055-02-06,235600.0,0.0675,360,1528.1,Investment Property Buy,367877.37,BBB - Moderate Risk,Current / Performing,0,0.0
LN-10997,CUST-0228,PRD-EDU,BR-105,20250423,2025-04-23,2035-04-23,40700.0,0.074,120,480.99,Medical Residency Program,0.0,CCC - Elevated Risk,Current / Performing,0,0.0
LN-10998,CUST-0868,PRD-PERS,BR-111,20230205,2023-02-05,2027-02-05,32400.0,0.12,48,853.22,Debt Consolidation,0.0,AAA - Low Risk,Current / Performing,0,0.0
LN-10999,CUST-0967,PRD-AUTO,BR-110,20250905,2025-09-05,2028-09-04,61800.0,0.073,36,1916.69,Certified Pre-Owned Luxury Car,84864.5,AAA - Low Risk,Current / Performing,0,0.0
LN-11000,CUST-0666,PRD-AUTO,BR-101,20230502,2023-05-02,2029-05-01,44600.0,0.123,72,878.91,Certified Pre-Owned Luxury Car,70219.87,DDD - High Default Probability,Current / Performing,0,0.0
LN-11001,CUST-0696,PRD-EDU,BR-101,20260531,2026-05-31,2030-05-31,23700.0,0.094,48,594.29,Master of Science in Data Analytics,0.0,CCC - Elevated Risk,Current / Performing,0,0.0
LN-11002,CUST-0569,PRD-EQUIP,BR-108,20251031,2025-10-31,2027-10-31,156100.0,0.084,24,7088.49,Medical Imaging Scanner,228959.94,AAA - Low Risk,Current / Performing,0,0.0
LN-11003,CUST-0281,PRD-MORT,BR-103,20260214,2026-02-14,2046-02-14,364600.0,0.1075,240,3701.52,Investment Property Buy,549930.15,DDD - High Default Probability,Current / Performing,0,0.0
LN-11004,CUST-0031,PRD-SME,BR-108,20230124,2023-01-24,2030-01-23,381500.0,0.1,84,6333.35,Working Capital Expansion,509793.46,CCC - Elevated Risk,Delinquent (31-60 DPD),0,0.0
LN-11005,CUST-0147,PRD-EQUIP,BR-109,20230202,2023-02-02,2028-02-02,121100.0,0.094,60,2537.41,Warehouse Forklift Fleet,189940.59,CCC - Elevated Risk,Current / Performing,0,0.0
LN-11006,CUST-0961,PRD-PERS,BR-109,20251011,2025-10-11,2028-10-10,19800.0,0.12,36,657.64,Wedding & Family,0.0,AAA - Low Risk,Delinquent (61-90 DPD),1,0.0
LN-11007,CUST-0141,PRD-EQUIP,BR-109,20260111,2026-01-11,2031-01-11,92500.0,0.114,60,2029.68,Industrial CNC Machine,119213.88,DDD - High Default Probability,Current / Performing,0,0.0
LN-11008,CUST-0046,PRD-AUTO,BR-108,20230509,2023-05-09,2029-05-08,56100.0,0.123,72,1105.54,Certified Pre-Owned Luxury Car,88544.34,DDD - High Default Probability,Under Restructuring,1,0.0
LN-11009,CUST-0615,PRD-SME,BR-110,20230509,2023-05-09,2030-05-08,121900.0,0.09,84,1961.26,Technology & IT Modernization,192614.86,CCC - Elevated Risk,In Default (90+ DPD),1,0.0
LN-11010,CUST-0984,PRD-EDU,BR-109,20240415,2024-04-15,2029-04-15,56500.0,0.094,60,1183.85,Master of Science in Data Analytics,0.0,CCC - Elevated Risk,Current / Performing,0,0.0
LN-11011,CUST-0818,PRD-MORT,BR-101,20240729,2024-07-29,2044-07-29,724800.0,0.0575,240,5088.7,Investment Property Buy,1135621.76,BBB - Moderate Risk,Current / Performing,0,0.0
LN-11012,CUST-0118,PRD-SME,BR-110,20251223,2025-12-23,2028-12-22,141200.0,0.1,36,4556.13,Inventory Stocking Q4,193647.16,BBB - Moderate Risk,Current / Performing,0,0.0
LN-11013,CUST-0632,PRD-SME,BR-110,20240320,2024-03-20,2031-03-20,194600.0,0.09,84,3130.93,New Branch Expansion,263341.74,AAA - Low Risk,Delinquent (31-60 DPD),0,0.0
LN-11014,CUST-0766,PRD-AUTO,BR-102,20230920,2023-09-20,2029-09-19,25100.0,0.103,72,468.8,New EV Purchase,29628.64,CCC - Elevated Risk,Current / Performing,0,0.0
LN-11015,CUST-0485,PRD-SME,BR-102,20250216,2025-02-16,2032-02-16,333400.0,0.09,84,5364.1,Inventory Stocking Q4,464476.56,AAA - Low Risk,Current / Performing,0,0.0
LN-11016,CUST-0619,PRD-AUTO,BR-107,20230730,2023-07-30,2029-07-29,53900.0,0.123,72,1062.18,Fleet Commercial Van,65290.09,DDD - High Default Probability,Under Restructuring,1,0.0
LN-11017,CUST-0294,PRD-PERS,BR-112,20231019,2023-10-19,2027-10-19,32800.0,0.13,48,879.94,Emergency Medical Exp,0.0,CCC - Elevated Risk,Current / Performing,0,0.0
LN-11018,CUST-0462,PRD-AUTO,BR-102,20250604,2025-06-04,2031-06-04,16400.0,0.083,72,289.95,New EV Purchase,24395.04,BBB - Moderate Risk,Current / Performing,0,0.0
LN-11019,CUST-0858,PRD-SME,BR-109,20251114,2025-11-14,2032-11-13,71500.0,0.09,84,1150.37,Inventory Stocking Q4,85944.55,AAA - Low Risk,Current / Performing,0,0.0
LN-11020,CUST-0235,PRD-EDU,BR-108,20241020,2024-10-20,2029-10-20,49000.0,0.114,60,1075.18,MBA Program Tuition,0.0,DDD - High Default Probability,Charged Off / Written Off,1,24158.61
LN-11021,CUST-0741,PRD-SME,BR-101,20240607,2024-06-07,2026-06-07,233600.0,0.09,24,10671.96,Inventory Stocking Q4,310970.7,BBB - Moderate Risk,Fully Paid,0,0.0
LN-11022,CUST-0552,PRD-AUTO,BR-107,20230905,2023-09-05,2027-09-05,57900.0,0.073,48,1394.56,Fleet Commercial Van,77406.63,AAA - Low Risk,Current / Performing,0,0.0
LN-11023,CUST-0859,PRD-SME,BR-105,20260313,2026-03-13,2029-03-12,314900.0,0.1,36,10160.94,Working Capital Expansion,489688.48,BBB - Moderate Risk,Delinquent (61-90 DPD),1,0.0
LN-11024,CUST-0094,PRD-MORT,BR-106,20251202,2025-12-02,2045-12-02,837900.0,0.0875,240,7404.61,Refinance Existing Mortgage,1096113.86,CCC - Elevated Risk,Current / Performing,0,0.0
LN-11025,CUST-0542,PRD-MORT,BR-104,20230620,2023-06-20,2043-06-20,672300.0,0.0675,240,5111.93,Investment Property Buy,878915.11,BBB - Moderate Risk,Delinquent (61-90 DPD),1,0.0
LN-11026,CUST-0591,PRD-SME,BR-105,20231230,2023-12-30,2030-12-29,209900.0,0.12,84,3705.31,New Branch Expansion,290470.12,CCC - Elevated Risk,Current / Performing,0,0.0
LN-11027,CUST-0561,PRD-EQUIP,BR-112,20260119,2026-01-19,2031-01-19,52800.0,0.094,60,1106.32,Warehouse Forklift Fleet,81033.98,CCC - Elevated Risk,Current / Performing,0,0.0
LN-11028,CUST-0188,PRD-EQUIP,BR-104,20240212,2024-02-12,2029-02-11,175600.0,0.094,60,3679.35,Warehouse Forklift Fleet,250811.86,BBB - Moderate Risk,Current / Performing,0,0.0
LN-11029,CUST-0320,PRD-EQUIP,BR-109,20260519,2026-05-19,2028-05-18,78100.0,0.134,24,3727.71,Warehouse Forklift Fleet,97693.52,DDD - High Default Probability,Current / Performing,0,0.0
LN-11030,CUST-0199,PRD-SME,BR-112,20240107,2024-01-07,2031-01-06,172200.0,0.14,84,3227.03,Inventory Stocking Q4,202457.38,DDD - High Default Probability,Current / Performing,0,0.0
LN-11031,CUST-0898,PRD-SME,BR-101,20250814,2025-08-14,2027-08-14,97400.0,0.09,24,4449.69,Technology & IT Modernization,125520.79,CCC - Elevated Risk,Current / Performing,0,0.0
LN-11032,CUST-0657,PRD-EQUIP,BR-108,20260201,2026-02-01,2031-02-01,141900.0,0.094,60,2973.23,Industrial CNC Machine,222435.88,CCC - Elevated Risk,Current / Performing,0,0.0
LN-11033,CUST-0279,PRD-SME,BR-106,20230415,2023-04-15,2026-04-14,203100.0,0.14,36,6941.48,Inventory Stocking Q4,278348.75,DDD - High Default Probability,Fully Paid,0,0.0
LN-11034,CUST-0598,PRD-EQUIP,BR-104,20240626,2024-06-26,2029-06-26,140400.0,0.084,60,2873.76,Warehouse Forklift Fleet,183799.39,AAA - Low Risk,Current / Performing,0,0.0
LN-11035,CUST-0743,PRD-PERS,BR-103,20251209,2025-12-09,2029-12-09,13100.0,0.13,48,351.44,Home Renovation,0.0,CCC - Elevated Risk,Current / Performing,0,0.0
LN-11036,CUST-0381,PRD-SME,BR-105,20260403,2026-04-03,2030-04-03,124600.0,0.14,48,3404.88,Working Capital Expansion,157177.12,DDD - High Default Probability,Current / Performing,0,0.0
LN-11037,CUST-0224,PRD-AUTO,BR-111,20240611,2024-06-11,2027-06-11,30700.0,0.083,36,966.28,New EV Purchase,46386.92,BBB - Moderate Risk,Current / Performing,0,0.0
LN-11038,CUST-0404,PRD-SME,BR-107,20230318,2023-03-18,2027-03-18,137400.0,0.09,48,3419.2,Inventory Stocking Q4,213869.01,AAA - Low Risk,Current / Performing,0,0.0
LN-11039,CUST-0447,PRD-MORT,BR-107,20250916,2025-09-16,2055-09-16,271600.0,0.0675,360,1761.59,Investment Property Buy,352415.68,BBB - Moderate Risk,Delinquent (61-90 DPD),1,0.0
LN-11040,CUST-0883,PRD-EQUIP,BR-108,20250130,2025-01-30,2030-01-30,134400.0,0.084,60,2750.95,Warehouse Forklift Fleet,186499.79,AAA - Low Risk,Current / Performing,0,0.0
LN-11041,CUST-0062,PRD-SME,BR-110,20230624,2023-06-24,2030-06-23,322100.0,0.12,84,5685.95,Working Capital Expansion,506871.97,CCC - Elevated Risk,Current / Performing,0,0.0
LN-11042,CUST-0990,PRD-AUTO,BR-104,20240523,2024-05-23,2030-05-23,35600.0,0.103,72,664.92,Fleet Commercial Van,48083.23,CCC - Elevated Risk,Current / Performing,0,0.0
LN-11043,CUST-0989,PRD-SME,BR-106,20251216,2025-12-16,2029-12-16,354500.0,0.09,48,8821.75,Technology & IT Modernization,478084.14,CCC - Elevated Risk,Current / Performing,0,0.0
LN-11044,CUST-0636,PRD-AUTO,BR-108,20250908,2025-09-08,2028-09-07,40700.0,0.103,36,1319.01,Fleet Commercial Van,46986.15,CCC - Elevated Risk,Charged Off / Written Off,1,26427.99
LN-11045,CUST-0532,PRD-PERS,BR-102,20251026,2025-10-26,2029-10-26,33300.0,0.17,48,960.87,Emergency Medical Exp,0.0,DDD - High Default Probability,Current / Performing,0,0.0
LN-11046,CUST-0159,PRD-SME,BR-110,20230421,2023-04-21,2025-04-20,347300.0,0.1,24,16026.13,Inventory Stocking Q4,431702.65,CCC - Elevated Risk,Fully Paid,0,0.0
LN-11047,CUST-0362,PRD-PERS,BR-106,20230107,2023-01-07,2027-01-07,3900.0,0.13,48,104.63,Debt Consolidation,0.0,BBB - Moderate Risk,Fully Paid,0,0.0
LN-11048,CUST-0944,PRD-PERS,BR-103,20230109,2023-01-09,2024-01-09,12400.0,0.13,12,1107.53,Home Renovation,0.0,BBB - Moderate Risk,Fully Paid,0,0.0
LN-11049,CUST-0932,PRD-MORT,BR-104,20241210,2024-12-10,2044-12-10,544900.0,0.0675,240,4143.22,Investment Property Buy,736557.33,BBB - Moderate Risk,Current / Performing,0,0.0
LN-11050,CUST-0384,PRD-MORT,BR-110,20260102,2026-01-02,2046-01-02,515900.0,0.1075,240,5237.57,Investment Property Buy,636882.29,DDD - High Default Probability,Current / Performing,0,0.0
LN-11051,CUST-0742,PRD-MORT,BR-103,20241120,2024-11-20,2044-11-20,584600.0,0.0675,240,4445.09,Primary Residence Purchase,686400.45,BBB - Moderate Risk,Current / Performing,0,0.0
LN-11052,CUST-0289,PRD-EDU,BR-105,20230824,2023-08-24,2030-08-23,61600.0,0.064,84,911.75,Medical Residency Program,0.0,CCC - Elevated Risk,Current / Performing,0,0.0
LN-11053,CUST-0216,PRD-PERS,BR-111,20241112,2024-11-12,2028-11-12,19300.0,0.13,48,517.77,Debt Consolidation,0.0,BBB - Moderate Risk,Current / Performing,0,0.0
LN-11054,CUST-0121,PRD-AUTO,BR-108,20240320,2024-03-20,2030-03-20,37400.0,0.123,72,737.03,Certified Pre-Owned Luxury Car,55408.0,DDD - High Default Probability,Current / Performing,0,0.0
LN-11055,CUST-0918,PRD-PERS,BR-104,20230805,2023-08-05,2027-08-05,16600.0,0.13,48,445.34,Home Renovation,0.0,BBB - Moderate Risk,Current / Performing,0,0.0
LN-11056,CUST-0385,PRD-PERS,BR-110,20230911,2023-09-11,2026-09-10,32200.0,0.15,36,1116.22,Home Renovation,0.0,CCC - Elevated Risk,Fully Paid,0,0.0
LN-11057,CUST-0058,PRD-PERS,BR-110,20240802,2024-08-02,2028-08-02,13800.0,0.15,48,384.06,Home Renovation,0.0,CCC - Elevated Risk,Current / Performing,0,0.0
LN-11058,CUST-0717,PRD-SME,BR-102,20250429,2025-04-29,2032-04-28,71600.0,0.09,84,1151.98,Technology & IT Modernization,106782.98,AAA - Low Risk,Current / Performing,0,0.0
LN-11059,CUST-0736,PRD-EDU,BR-103,20250724,2025-07-24,2029-07-24,25600.0,0.074,48,617.79,Medical Residency Program,0.0,BBB - Moderate Risk,Current / Performing,0,0.0
LN-11060,CUST-0381,PRD-EDU,BR-105,20240208,2024-02-08,2028-02-08,16500.0,0.114,48,429.66,MBA Program Tuition,0.0,DDD - High Default Probability,Current / Performing,0,0.0
LN-11061,CUST-0682,PRD-EQUIP,BR-102,20240428,2024-04-28,2029-04-28,111900.0,0.084,60,2290.41,Warehouse Forklift Fleet,154807.16,AAA - Low Risk,Delinquent (61-90 DPD),1,0.0
LN-11062,CUST-0864,PRD-AUTO,BR-101,20230117,2023-01-17,2029-01-16,26600.0,0.083,72,470.29,Fleet Commercial Van,38961.33,BBB - Moderate Risk,Current / Performing,0,0.0
LN-11063,CUST-0507,PRD-EDU,BR-106,20250608,2025-06-08,2035-06-08,26800.0,0.074,120,316.72,Medical Residency Program,0.0,CCC - Elevated Risk,Current / Performing,0,0.0
LN-11064,CUST-0625,PRD-AUTO,BR-108,20260311,2026-03-11,2032-03-10,27500.0,0.083,72,486.2,Certified Pre-Owned Luxury Car,35712.23,BBB - Moderate Risk,Current / Performing,0,0.0
LN-11065,CUST-0398,PRD-SME,BR-108,20250506,2025-05-06,2032-05-05,75600.0,0.12,84,1334.55,Working Capital Expansion,109437.02,CCC - Elevated Risk,Current / Performing,0,0.0
LN-11066,CUST-0498,PRD-EQUIP,BR-111,20260216,2026-02-16,2031-02-16,33300.0,0.084,60,681.6,Warehouse Forklift Fleet,48417.22,CCC - Elevated Risk,Under Restructuring,1,0.0
LN-11067,CUST-0334,PRD-EQUIP,BR-104,20250709,2025-07-09,2030-07-09,126000.0,0.094,60,2640.08,Medical Imaging Scanner,196840.34,CCC - Elevated Risk,Current / Performing,0,0.0
LN-11068,CUST-0964,PRD-EDU,BR-101,20240624,2024-06-24,2028-06-24,77800.0,0.064,48,1841.44,Master of Science in Data Analytics,0.0,BBB - Moderate Risk,Current / Performing,0,0.0
LN-11069,CUST-0103,PRD-PERS,BR-107,20231009,2023-10-09,2024-10-08,11000.0,0.13,12,982.49,Debt Consolidation,0.0,BBB - Moderate Risk,Fully Paid,0,0.0
LN-11070,CUST-0641,PRD-PERS,BR-107,20240120,2024-01-20,2027-01-19,29700.0,0.15,36,1029.56,Wedding & Family,0.0,CCC - Elevated Risk,Current / Performing,0,0.0
LN-11071,CUST-0631,PRD-MORT,BR-112,20251002,2025-10-02,2045-10-02,224800.0,0.0875,240,1986.58,Primary Residence Purchase,271358.18,CCC - Elevated Risk,Charged Off / Written Off,1,125282.68
LN-11072,CUST-0022,PRD-PERS,BR-110,20230929,2023-09-29,2027-09-29,3600.0,0.15,48,100.19,Home Renovation,0.0,CCC - Elevated Risk,Current / Performing,0,0.0
LN-11073,CUST-0376,PRD-MORT,BR-102,20240328,2024-03-28,2044-03-28,478300.0,0.0675,240,3636.82,Primary Residence Purchase,678182.69,BBB - Moderate Risk,Delinquent (31-60 DPD),0,0.0
LN-11074,CUST-0625,PRD-AUTO,BR-108,20250627,2025-06-27,2030-06-27,27400.0,0.083,60,559.52,New EV Purchase,33724.66,BBB - Moderate Risk,Current / Performing,0,0.0
LN-11075,CUST-0963,PRD-AUTO,BR-104,20230421,2023-04-21,2027-04-21,35300.0,0.123,48,934.79,Certified Pre-Owned Luxury Car,52467.29,DDD - High Default Probability,Under Restructuring,1,0.0
LN-11076,CUST-0078,PRD-MORT,BR-102,20231231,2023-12-31,2043-12-31,653600.0,0.1075,240,6635.54,Primary Residence Purchase,1001463.21,DDD - High Default Probability,Current / Performing,0,0.0
LN-11077,CUST-0718,PRD-PERS,BR-112,20230617,2023-06-17,2027-06-17,13600.0,0.13,48,364.85,Debt Consolidation,0.0,BBB - Moderate Risk,Current / Performing,0,0.0
LN-11078,CUST-0114,PRD-EDU,BR-108,20230220,2023-02-20,2027-02-20,60500.0,0.064,48,1431.97,MBA Program Tuition,0.0,AAA - Low Risk,Current / Performing,0,0.0
LN-11079,CUST-0208,PRD-AUTO,BR-107,20230114,2023-01-14,2029-01-13,39100.0,0.103,72,730.29,Certified Pre-Owned Luxury Car,57279.79,CCC - Elevated Risk,Current / Performing,0,0.0
LN-11080,CUST-0849,PRD-EQUIP,BR-106,20240706,2024-07-06,2029-07-06,34500.0,0.134,60,792.06,Industrial CNC Machine,44969.17,DDD - High Default Probability,Current / Performing,0,0.0
LN-11081,CUST-0112,PRD-SME,BR-109,20250214,2025-02-14,2032-02-14,200000.0,0.12,84,3530.55,Technology & IT Modernization,284387.58,CCC - Elevated Risk,Current / Performing,0,0.0
LN-11082,CUST-0254,PRD-EQUIP,BR-106,20230531,2023-05-31,2028-05-30,116300.0,0.134,60,2670.06,Warehouse Forklift Fleet,148792.49,DDD - High Default Probability,Current / Performing,0,0.0
LN-11083,CUST-0954,PRD-PERS,BR-112,20250814,2025-08-14,2026-08-14,24200.0,0.12,12,2150.14,Wedding & Family,0.0,BBB - Moderate Risk,Fully Paid,0,0.0
LN-11084,CUST-0027,PRD-AUTO,BR-105,20250223,2025-02-23,2028-02-23,21100.0,0.073,36,654.4,Certified Pre-Owned Luxury Car,29131.5,BBB - Moderate Risk,Current / Performing,0,0.0
LN-11085,CUST-0051,PRD-AUTO,BR-106,20231006,2023-10-06,2029-10-05,49500.0,0.073,72,851.07,Fleet Commercial Van,60669.17,AAA - Low Risk,Delinquent (31-60 DPD),0,0.0
LN-11086,CUST-0982,PRD-MORT,BR-105,20230804,2023-08-04,2043-08-04,477400.0,0.0575,240,3351.75,Investment Property Buy,715053.89,AAA - Low Risk,Current / Performing,0,0.0
LN-11087,CUST-0887,PRD-MORT,BR-111,20240224,2024-02-24,2044-02-24,460800.0,0.0675,240,3503.76,Investment Property Buy,702839.28,BBB - Moderate Risk,Current / Performing,0,0.0
LN-11088,CUST-0485,PRD-AUTO,BR-102,20250113,2025-01-13,2031-01-13,21000.0,0.073,72,361.06,New EV Purchase,31056.28,AAA - Low Risk,Current / Performing,0,0.0
LN-11089,CUST-0382,PRD-SME,BR-108,20260522,2026-05-22,2033-05-21,350700.0,0.09,84,5642.44,Inventory Stocking Q4,458645.66,CCC - Elevated Risk,Current / Performing,0,0.0
LN-11090,CUST-0600,PRD-EDU,BR-110,20240123,2024-01-23,2028-01-23,35900.0,0.064,48,849.71,Medical Residency Program,0.0,AAA - Low Risk,Current / Performing,0,0.0
LN-11091,CUST-0183,PRD-SME,BR-101,20231218,2023-12-18,2025-12-17,104300.0,0.12,24,4909.76,Technology & IT Modernization,156345.53,DDD - High Default Probability,Fully Paid,0,0.0
LN-11092,CUST-0141,PRD-EDU,BR-109,20240328,2024-03-28,2028-03-28,40800.0,0.094,48,1023.08,MBA Program Tuition,0.0,DDD - High Default Probability,Current / Performing,0,0.0
LN-11093,CUST-0507,PRD-EQUIP,BR-106,20250915,2025-09-15,2027-09-15,96100.0,0.094,24,4407.96,Industrial CNC Machine,113722.23,CCC - Elevated Risk,Current / Performing,0,0.0
LN-11094,CUST-0634,PRD-PERS,BR-111,20251121,2025-11-21,2026-11-21,26500.0,0.12,12,2354.49,Home Renovation,0.0,AAA - Low Risk,Fully Paid,0,0.0
LN-11095,CUST-0826,PRD-EDU,BR-102,20260104,2026-01-04,2033-01-03,32700.0,0.064,84,484.0,MBA Program Tuition,0.0,CCC - Elevated Risk,Current / Performing,0,0.0
LN-11096,CUST-0198,PRD-PERS,BR-112,20240724,2024-07-24,2027-07-24,6700.0,0.12,36,222.54,Debt Consolidation,0.0,BBB - Moderate Risk,Current / Performing,0,0.0
LN-11097,CUST-0977,PRD-PERS,BR-101,20240306,2024-03-06,2028-03-06,12800.0,0.13,48,343.39,Debt Consolidation,0.0,CCC - Elevated Risk,Charged Off / Written Off,1,9247.84
LN-11098,CUST-0166,PRD-SME,BR-102,20240119,2024-01-19,2029-01-18,382900.0,0.12,60,8517.4,Technology & IT Modernization,596889.86,DDD - High Default Probability,Delinquent (61-90 DPD),1,0.0
LN-11099,CUST-0086,PRD-SME,BR-106,20240519,2024-05-19,2029-05-19,141600.0,0.09,60,2939.38,New Branch Expansion,187246.35,BBB - Moderate Risk,Delinquent (31-60 DPD),0,0.0
LN-11100,CUST-0592,PRD-PERS,BR-107,20230810,2023-08-10,2027-08-10,9100.0,0.17,48,262.58,Home Renovation,0.0,DDD - High Default Probability,Under Restructuring,1,0.0
LN-11101,CUST-0681,PRD-MORT,BR-111,20251218,2025-12-18,2045-12-18,375400.0,0.0675,240,2854.41,Primary Residence Purchase,468592.81,BBB - Moderate Risk,Current / Performing,0,0.0
LN-11102,CUST-0383,PRD-EQUIP,BR-109,20250827,2025-08-27,2030-08-27,51400.0,0.084,60,1052.07,Industrial CNC Machine,75390.97,AAA - Low Risk,Current / Performing,0,0.0
LN-11103,CUST-0008,PRD-MORT,BR-109,20240319,2024-03-19,2054-03-19,825000.0,0.0675,360,5350.93,Investment Property Buy,1209839.86,BBB - Moderate Risk,Current / Performing,0,0.0
LN-11104,CUST-0924,PRD-EDU,BR-111,20240911,2024-09-11,2029-09-11,40500.0,0.064,60,790.53,Medical Residency Program,0.0,AAA - Low Risk,Current / Performing,0,0.0
LN-11105,CUST-0975,PRD-MORT,BR-109,20250502,2025-05-02,2045-05-02,821800.0,0.0575,240,5769.72,Investment Property Buy,1181476.35,AAA - Low Risk,Delinquent (31-60 DPD),0,0.0
LN-11106,CUST-0547,PRD-AUTO,BR-109,20240427,2024-04-27,2029-04-27,24200.0,0.073,60,482.62,Certified Pre-Owned Luxury Car,38002.2,CCC - Elevated Risk,Current / Performing,0,0.0
LN-11107,CUST-0776,PRD-PERS,BR-103,20231122,2023-11-22,2027-11-22,20200.0,0.15,48,562.18,Wedding & Family,0.0,CCC - Elevated Risk,Current / Performing,0,0.0
LN-11108,CUST-0437,PRD-EQUIP,BR-103,20250320,2025-03-20,2030-03-20,71900.0,0.114,60,1577.66,Medical Imaging Scanner,105359.38,DDD - High Default Probability,Current / Performing,0,0.0
LN-11109,CUST-0020,PRD-EQUIP,BR-101,20260510,2026-05-10,2031-05-10,174800.0,0.084,60,3577.87,Industrial CNC Machine,223332.48,AAA - Low Risk,Delinquent (61-90 DPD),1,0.0
LN-11110,CUST-0445,PRD-EQUIP,BR-103,20240424,2024-04-24,2029-04-24,74500.0,0.084,60,1524.89,Industrial CNC Machine,93034.76,BBB - Moderate Risk,Current / Performing,0,0.0
LN-11111,CUST-0756,PRD-MORT,BR-104,20240715,2024-07-15,2044-07-15,623000.0,0.0875,240,5505.52,Primary Residence Purchase,815212.2,DDD - High Default Probability,Current / Performing,0,0.0
LN-11112,CUST-0725,PRD-SME,BR-104,20230427,2023-04-27,2030-04-26,52700.0,0.12,84,930.3,New Branch Expansion,83926.46,CCC - Elevated Risk,Current / Performing,0,0.0
LN-11113,CUST-0517,PRD-SME,BR-102,20250429,2025-04-29,2028-04-28,357500.0,0.09,36,11368.4,Inventory Stocking Q4,499096.93,BBB - Moderate Risk,Charged Off / Written Off,1,289710.4
LN-11114,CUST-0345,PRD-MORT,BR-101,20240206,2024-02-06,2044-02-06,660200.0,0.0675,240,5019.92,Investment Property Buy,856499.1,CCC - Elevated Risk,Charged Off / Written Off,1,292680.09
LN-11115,CUST-0317,PRD-PERS,BR-103,20230808,2023-08-08,2027-08-08,34300.0,0.12,48,903.25,Wedding & Family,0.0,AAA - Low Risk,Current / Performing,0,0.0
LN-11116,CUST-0864,PRD-EDU,BR-101,20250812,2025-08-12,2029-08-12,79500.0,0.074,48,1918.51,Master of Science in Data Analytics,0.0,BBB - Moderate Risk,Current / Performing,0,0.0
LN-11117,CUST-0882,PRD-PERS,BR-107,20250626,2025-06-26,2029-06-26,31100.0,0.17,48,897.39,Debt Consolidation,0.0,DDD - High Default Probability,In Default (90+ DPD),1,0.0
LN-11118,CUST-0314,PRD-EDU,BR-102,20240226,2024-02-26,2028-02-26,79300.0,0.074,48,1913.69,Master of Science in Data Analytics,0.0,BBB - Moderate Risk,Delinquent (61-90 DPD),1,0.0
LN-11119,CUST-0821,PRD-MORT,BR-107,20240513,2024-05-13,2044-05-13,393600.0,0.0875,240,3478.29,Refinance Existing Mortgage,579327.44,DDD - High Default Probability,Delinquent (31-60 DPD),0,0.0
LN-11120,CUST-0457,PRD-EQUIP,BR-106,20240128,2024-01-28,2027-01-27,142700.0,0.084,36,4498.08,Warehouse Forklift Fleet,200570.9,AAA - Low Risk,Current / Performing,0,0.0
LN-11121,CUST-0068,PRD-MORT,BR-108,20230212,2023-02-12,2043-02-12,748200.0,0.0575,240,5252.99,Primary Residence Purchase,882528.91,CCC - Elevated Risk,Current / Performing,0,0.0
LN-11122,CUST-0434,PRD-EQUIP,BR-107,20250808,2025-08-08,2028-08-07,126800.0,0.094,36,4055.85,Warehouse Forklift Fleet,167375.72,BBB - Moderate Risk,Current / Performing,0,0.0
LN-11123,CUST-0223,PRD-EDU,BR-103,20250910,2025-09-10,2035-09-10,55900.0,0.074,120,660.63,Master of Science in Data Analytics,0.0,BBB - Moderate Risk,Current / Performing,0,0.0
LN-11124,CUST-0758,PRD-EDU,BR-102,20250419,2025-04-19,2035-04-19,66600.0,0.064,120,752.85,Master of Science in Data Analytics,0.0,CCC - Elevated Risk,Current / Performing,0,0.0
LN-11125,CUST-0110,PRD-PERS,BR-105,20250919,2025-09-19,2029-09-19,19300.0,0.12,48,508.24,Home Renovation,0.0,AAA - Low Risk,Current / Performing,0,0.0
LN-11126,CUST-0324,PRD-PERS,BR-109,20230305,2023-03-05,2027-03-05,10300.0,0.12,48,271.24,Emergency Medical Exp,0.0,AAA - Low Risk,Delinquent (31-60 DPD),0,0.0
LN-11127,CUST-0737,PRD-PERS,BR-108,20240324,2024-03-24,2028-03-24,11500.0,0.13,48,308.52,Debt Consolidation,0.0,BBB - Moderate Risk,Delinquent (31-60 DPD),0,0.0
LN-11128,CUST-0999,PRD-MORT,BR-102,20230306,2023-03-06,2043-03-06,496100.0,0.0875,240,4384.09,Primary Residence Purchase,722128.79,CCC - Elevated Risk,Charged Off / Written Off,1,203276.41
LN-11129,CUST-0551,PRD-EQUIP,BR-106,20230201,2023-02-01,2028-02-01,39700.0,0.084,60,812.59,Industrial CNC Machine,62672.56,AAA - Low Risk,Current / Performing,0,0.0
LN-11130,CUST-0118,PRD-MORT,BR-110,20230829,2023-08-29,2053-08-28,501100.0,0.0675,360,3250.13,Primary Residence Purchase,628338.67,BBB - Moderate Risk,Current / Performing,0,0.0
LN-11131,CUST-0674,PRD-PERS,BR-105,20260515,2026-05-15,2027-05-15,27200.0,0.13,12,2429.43,Debt Consolidation,0.0,BBB - Moderate Risk,Delinquent (61-90 DPD),1,0.0
LN-11132,CUST-0479,PRD-MORT,BR-112,20240801,2024-08-01,2054-08-01,278800.0,0.1075,360,2602.55,Investment Property Buy,344664.32,DDD - High Default Probability,Charged Off / Written Off,1,207848.67
LN-11133,CUST-0920,PRD-SME,BR-111,20230427,2023-04-27,2025-04-26,148300.0,0.1,24,6843.29,Inventory Stocking Q4,230841.97,CCC - Elevated Risk,Fully Paid,0,0.0
LN-11134,CUST-0665,PRD-EQUIP,BR-107,20231114,2023-11-14,2027-11-14,44100.0,0.084,48,1084.91,Warehouse Forklift Fleet,55831.72,AAA - Low Risk,Current / Performing,0,0.0
LN-11135,CUST-0078,PRD-EQUIP,BR-102,20240925,2024-09-25,2029-09-25,50400.0,0.134,60,1157.1,Warehouse Forklift Fleet,75745.11,DDD - High Default Probability,Delinquent (61-90 DPD),1,0.0
LN-11136,CUST-0733,PRD-EDU,BR-101,20240929,2024-09-29,2029-09-29,61400.0,0.074,60,1227.41,MBA Program Tuition,0.0,CCC - Elevated Risk,Current / Performing,0,0.0
LN-11137,CUST-0872,PRD-EDU,BR-103,20260403,2026-04-03,2031-04-03,77700.0,0.094,60,1628.05,Master of Science in Data Analytics,0.0,DDD - High Default Probability,Current / Performing,0,0.0
LN-11138,CUST-0029,PRD-SME,BR-104,20241009,2024-10-09,2026-10-09,399100.0,0.09,24,18232.78,Working Capital Expansion,564191.38,CCC - Elevated Risk,Fully Paid,0,0.0
LN-11139,CUST-0798,PRD-PERS,BR-104,20260304,2026-03-04,2030-03-04,11500.0,0.13,48,308.52,Home Renovation,0.0,BBB - Moderate Risk,Current / Performing,0,0.0
LN-11140,CUST-0822,PRD-AUTO,BR-107,20251014,2025-10-14,2031-10-14,44700.0,0.083,72,790.3,Fleet Commercial Van,58478.16,BBB - Moderate Risk,Current / Performing,0,0.0
LN-11141,CUST-0095,PRD-SME,BR-104,20230504,2023-05-04,2027-05-04,106500.0,0.09,48,2650.26,Technology & IT Modernization,144939.11,BBB - Moderate Risk,Current / Performing,0,0.0
LN-11142,CUST-0710,PRD-EDU,BR-107,20240831,2024-08-31,2028-08-31,57200.0,0.064,48,1353.86,Medical Residency Program,0.0,AAA - Low Risk,Current / Performing,0,0.0
LN-11143,CUST-0949,PRD-PERS,BR-104,20260523,2026-05-23,2030-05-23,25800.0,0.12,48,679.41,Emergency Medical Exp,0.0,CCC - Elevated Risk,Current / Performing,0,0.0
LN-11144,CUST-0542,PRD-AUTO,BR-104,20230929,2023-09-29,2026-09-28,61600.0,0.083,36,1938.86,Certified Pre-Owned Luxury Car,95849.95,BBB - Moderate Risk,Fully Paid,0,0.0
LN-11145,CUST-0946,PRD-SME,BR-111,20241119,2024-11-19,2031-11-19,89700.0,0.09,84,1443.19,Inventory Stocking Q4,125453.9,AAA - Low Risk,Current / Performing,0,0.0
LN-11146,CUST-0366,PRD-AUTO,BR-110,20251213,2025-12-13,2028-12-12,37100.0,0.073,36,1150.64,Certified Pre-Owned Luxury Car,50851.7,CCC - Elevated Risk,Current / Performing,0,0.0
LN-11147,CUST-0789,PRD-EQUIP,BR-101,20260330,2026-03-30,2029-03-29,37400.0,0.084,36,1178.89,Warehouse Forklift Fleet,45024.44,CCC - Elevated Risk,Charged Off / Written Off,1,14983.82
LN-11148,CUST-0395,PRD-EDU,BR-103,20250222,2025-02-22,2032-02-22,25200.0,0.074,84,385.28,MBA Program Tuition,0.0,BBB - Moderate Risk,Delinquent (31-60 DPD),0,0.0
LN-11149,CUST-0215,PRD-AUTO,BR-107,20250814,2025-08-14,2031-08-14,57500.0,0.103,72,1073.96,New EV Purchase,68853.53,CCC - Elevated Risk,Current / Performing,0,0.0
LN-11150,CUST-0917,PRD-EQUIP,BR-102,20230224,2023-02-24,2028-02-24,48200.0,0.114,60,1057.63,Medical Imaging Scanner,70963.98,DDD - High Default Probability,In Default (90+ DPD),1,0.0
LN-11151,CUST-0125,PRD-EDU,BR-108,20260411,2026-04-11,2031-04-11,34300.0,0.064,60,669.51,Master of Science in Data Analytics,0.0,CCC - Elevated Risk,Current / Performing,0,0.0
LN-11152,CUST-0370,PRD-SME,BR-108,20230302,2023-03-02,2027-03-02,116900.0,0.1,48,2964.89,Working Capital Expansion,177521.2,CCC - Elevated Risk,Current / Performing,0,0.0
LN-11153,CUST-0641,PRD-EDU,BR-107,20250516,2025-05-16,2035-05-16,55500.0,0.094,120,715.12,Medical Residency Program,0.0,CCC - Elevated Risk,Current / Performing,0,0.0
LN-11154,CUST-0423,PRD-EDU,BR-111,20240819,2024-08-19,2034-08-19,19000.0,0.074,120,224.54,Master of Science in Data Analytics,0.0,BBB - Moderate Risk,Delinquent (31-60 DPD),0,0.0
LN-11155,CUST-0706,PRD-PERS,BR-109,20250401,2025-04-01,2028-03-31,6400.0,0.12,36,212.57,Wedding & Family,0.0,AAA - Low Risk,Current / Performing,0,0.0
LN-11156,CUST-0916,PRD-EQUIP,BR-103,20260220,2026-02-20,2031-02-20,112400.0,0.084,60,2300.64,Medical Imaging Scanner,171441.31,CCC - Elevated Risk,Delinquent (31-60 DPD),0,0.0
LN-11157,CUST-0517,PRD-SME,BR-102,20240428,2024-04-28,2031-04-28,265200.0,0.09,84,4266.82,Technology & IT Modernization,330832.19,BBB - Moderate Risk,Current / Performing,0,0.0
LN-11158,CUST-0015,PRD-PERS,BR-111,20250620,2025-06-20,2026-06-20,12400.0,0.15,12,1119.2,Wedding & Family,0.0,DDD - High Default Probability,Fully Paid,0,0.0
LN-11159,CUST-0793,PRD-AUTO,BR-103,20231122,2023-11-22,2029-11-21,62600.0,0.083,72,1106.77,Certified Pre-Owned Luxury Car,93858.78,BBB - Moderate Risk,Current / Performing,0,0.0
LN-11160,CUST-0240,PRD-AUTO,BR-102,20240916,2024-09-16,2027-09-16,32000.0,0.073,36,992.46,Certified Pre-Owned Luxury Car,42281.47,AAA - Low Risk,Under Restructuring,1,0.0
LN-11161,CUST-0075,PRD-AUTO,BR-106,20250410,2025-04-10,2031-04-10,47700.0,0.073,72,820.13,New EV Purchase,67483.01,AAA - Low Risk,Current / Performing,0,0.0
LN-11162,CUST-0962,PRD-SME,BR-107,20230723,2023-07-23,2028-07-22,364900.0,0.09,60,7574.72,Inventory Stocking Q4,562801.98,CCC - Elevated Risk,In Default (90+ DPD),1,0.0
LN-11163,CUST-0449,PRD-MORT,BR-111,20250220,2025-02-20,2045-02-20,527400.0,0.0675,240,4010.16,Investment Property Buy,715309.58,CCC - Elevated Risk,Current / Performing,0,0.0
LN-11164,CUST-0512,PRD-PERS,BR-104,20230518,2023-05-18,2027-05-18,8500.0,0.13,48,228.03,Emergency Medical Exp,0.0,BBB - Moderate Risk,Current / Performing,0,0.0
LN-11165,CUST-0891,PRD-EDU,BR-110,20251209,2025-12-09,2029-12-09,18600.0,0.094,48,466.4,Medical Residency Program,0.0,CCC - Elevated Risk,Current / Performing,0,0.0
LN-11166,CUST-0073,PRD-PERS,BR-107,20240628,2024-06-28,2026-06-28,26500.0,0.13,24,1259.86,Wedding & Family,0.0,BBB - Moderate Risk,Fully Paid,0,0.0
LN-11167,CUST-0943,PRD-EQUIP,BR-110,20250710,2025-07-10,2030-07-10,169500.0,0.094,60,3551.54,Warehouse Forklift Fleet,249810.71,CCC - Elevated Risk,Current / Performing,0,0.0
LN-11168,CUST-0073,PRD-SME,BR-107,20250114,2025-01-14,2027-01-14,165000.0,0.1,24,7613.91,New Branch Expansion,229044.57,BBB - Moderate Risk,Current / Performing,0,0.0
LN-11169,CUST-0479,PRD-EQUIP,BR-112,20240420,2024-04-20,2029-04-20,91900.0,0.134,60,2109.87,Medical Imaging Scanner,117083.65,DDD - High Default Probability,Charged Off / Written Off,1,42536.99
LN-11170,CUST-0558,PRD-EQUIP,BR-111,20240124,2024-01-24,2028-01-24,62500.0,0.084,48,1537.57,Industrial CNC Machine,97098.56,BBB - Moderate Risk,Current / Performing,0,0.0
LN-11171,CUST-0352,PRD-MORT,BR-111,20240720,2024-07-20,2044-07-20,467800.0,0.0675,240,3556.98,Refinance Existing Mortgage,735092.12,CCC - Elevated Risk,Current / Performing,0,0.0
LN-11172,CUST-0936,PRD-EDU,BR-102,20250603,2025-06-03,2029-06-03,56000.0,0.074,48,1351.41,Master of Science in Data Analytics,0.0,CCC - Elevated Risk,Current / Performing,0,0.0
LN-11173,CUST-0615,PRD-EDU,BR-110,20260409,2026-04-09,2030-04-09,64200.0,0.064,48,1519.54,Medical Residency Program,0.0,CCC - Elevated Risk,Current / Performing,0,0.0
LN-11174,CUST-0857,PRD-MORT,BR-101,20250920,2025-09-20,2045-09-20,324300.0,0.0875,240,2865.87,Refinance Existing Mortgage,455338.36,CCC - Elevated Risk,Delinquent (31-60 DPD),0,0.0
LN-11175,CUST-0759,PRD-EQUIP,BR-106,20230918,2023-09-18,2025-09-17,54100.0,0.084,24,2456.68,Medical Imaging Scanner,73272.42,BBB - Moderate Risk,Fully Paid,0,0.0
LN-11176,CUST-0706,PRD-AUTO,BR-109,20231105,2023-11-05,2026-11-04,19700.0,0.073,36,610.98,Certified Pre-Owned Luxury Car,26422.83,AAA - Low Risk,Fully Paid,0,0.0
LN-11177,CUST-0055,PRD-EQUIP,BR-109,20251009,2025-10-09,2030-10-09,73600.0,0.134,60,1689.74,Medical Imaging Scanner,109702.49,DDD - High Default Probability,Current / Performing,0,0.0
LN-11178,CUST-0888,PRD-AUTO,BR-104,20240113,2024-01-13,2030-01-12,17700.0,0.083,72,312.94,Fleet Commercial Van,25449.82,BBB - Moderate Risk,Current / Performing,0,0.0
LN-11179,CUST-0720,PRD-EQUIP,BR-102,20240509,2024-05-09,2027-05-09,142300.0,0.114,36,4685.72,Warehouse Forklift Fleet,194043.38,CCC - Elevated Risk,Current / Performing,0,0.0
LN-11180,CUST-0399,PRD-SME,BR-105,20250526,2025-05-26,2027-05-26,185800.0,0.1,24,8573.73,Inventory Stocking Q4,262171.97,BBB - Moderate Risk,Current / Performing,0,0.0
LN-11181,CUST-0256,PRD-EDU,BR-107,20230414,2023-04-14,2033-04-13,21000.0,0.074,120,248.18,Medical Residency Program,0.0,BBB - Moderate Risk,Current / Performing,0,0.0
LN-11182,CUST-0045,PRD-AUTO,BR-111,20250710,2025-07-10,2028-07-09,49400.0,0.103,36,1600.97,New EV Purchase,60100.89,CCC - Elevated Risk,Current / Performing,0,0.0
LN-11183,CUST-0949,PRD-EQUIP,BR-104,20250312,2025-03-12,2030-03-12,117700.0,0.084,60,2409.13,Industrial CNC Machine,135559.19,CCC - Elevated Risk,Current / Performing,0,0.0
LN-11184,CUST-0946,PRD-EQUIP,BR-111,20230116,2023-01-16,2025-01-15,96800.0,0.084,24,4395.68,Industrial CNC Machine,118513.93,AAA - Low Risk,Fully Paid,0,0.0
LN-11185,CUST-0617,PRD-AUTO,BR-111,20240121,2024-01-21,2030-01-20,52500.0,0.123,72,1034.59,New EV Purchase,61308.01,DDD - High Default Probability,In Default (90+ DPD),1,0.0
LN-11186,CUST-0955,PRD-SME,BR-109,20241108,2024-11-08,2029-11-08,211000.0,0.1,60,4483.13,New Branch Expansion,254100.55,BBB - Moderate Risk,Current / Performing,0,0.0
LN-11187,CUST-0885,PRD-EDU,BR-105,20240806,2024-08-06,2028-08-06,33400.0,0.064,48,790.54,Medical Residency Program,0.0,CCC - Elevated Risk,Current / Performing,0,0.0
LN-11188,CUST-0370,PRD-EDU,BR-108,20250416,2025-04-16,2032-04-15,65200.0,0.074,84,996.84,Master of Science in Data Analytics,0.0,CCC - Elevated Risk,Under Restructuring,1,0.0
LN-11189,CUST-0164,PRD-AUTO,BR-107,20230919,2023-09-19,2029-09-18,19600.0,0.083,72,346.53,Certified Pre-Owned Luxury Car,25525.67,BBB - Moderate Risk,Current / Performing,0,0.0
LN-11190,CUST-0484,PRD-MORT,BR-108,20260121,2026-01-21,2046-01-21,343400.0,0.0575,240,2410.95,Refinance Existing Mortgage,418901.64,BBB - Moderate Risk,Current / Performing,0,0.0
LN-11191,CUST-0684,PRD-PERS,BR-105,20260308,2026-03-08,2030-03-08,31700.0,0.13,48,850.43,Emergency Medical Exp,0.0,CCC - Elevated Risk,Charged Off / Written Off,1,22335.57
LN-11192,CUST-0673,PRD-PERS,BR-110,20251018,2025-10-18,2029-10-18,17700.0,0.13,48,474.85,Debt Consolidation,0.0,CCC - Elevated Risk,Charged Off / Written Off,1,11108.54
LN-11193,CUST-0579,PRD-EQUIP,BR-101,20240925,2024-09-25,2028-09-25,105300.0,0.084,48,2590.5,Medical Imaging Scanner,128618.27,BBB - Moderate Risk,Current / Performing,0,0.0
LN-11194,CUST-0936,PRD-AUTO,BR-102,20241101,2024-11-01,2030-11-01,51700.0,0.083,72,914.06,New EV Purchase,70804.64,CCC - Elevated Risk,Current / Performing,0,0.0
LN-11195,CUST-0654,PRD-PERS,BR-101,20250531,2025-05-31,2029-05-31,15700.0,0.15,48,436.94,Debt Consolidation,0.0,CCC - Elevated Risk,Delinquent (31-60 DPD),0,0.0
LN-11196,CUST-0979,PRD-SME,BR-110,20231213,2023-12-13,2028-12-12,438700.0,0.09,60,9106.69,Technology & IT Modernization,680104.42,AAA - Low Risk,Current / Performing,0,0.0
LN-11197,CUST-0554,PRD-AUTO,BR-105,20240426,2024-04-26,2027-04-26,42200.0,0.103,36,1367.63,Fleet Commercial Van,49055.25,CCC - Elevated Risk,Current / Performing,0,0.0
LN-11198,CUST-0003,PRD-MORT,BR-105,20231120,2023-11-20,2043-11-20,804700.0,0.0875,240,7111.22,Primary Residence Purchase,953207.78,CCC - Elevated Risk,Current / Performing,0,0.0
LN-11199,CUST-0069,PRD-PERS,BR-107,20230110,2023-01-10,2027-01-10,8700.0,0.12,48,229.1,Home Renovation,0.0,AAA - Low Risk,Fully Paid,0,0.0
LN-11200,CUST-0468,PRD-SME,BR-103,20241017,2024-10-17,2031-10-17,411600.0,0.09,84,6622.26,Working Capital Expansion,474785.19,BBB - Moderate Risk,In Default (90+ DPD),1,0.0
LN-11201,CUST-0983,PRD-AUTO,BR-101,20231223,2023-12-23,2028-12-22,57500.0,0.073,60,1146.73,Fleet Commercial Van,72295.1,BBB - Moderate Risk,Current / Performing,0,0.0
LN-11202,CUST-0464,PRD-MORT,BR-112,20231001,2023-10-01,2043-10-01,291400.0,0.1075,240,2958.38,Primary Residence Purchase,453928.68,DDD - High Default Probability,Current / Performing,0,0.0
LN-11203,CUST-0390,PRD-EQUIP,BR-103,20230126,2023-01-26,2025-01-25,83100.0,0.084,24,3773.57,Medical Imaging Scanner,128114.9,CCC - Elevated Risk,Fully Paid,0,0.0
LN-11204,CUST-0115,PRD-MORT,BR-105,20250613,2025-06-13,2045-06-13,566600.0,0.0675,240,4308.22,Investment Property Buy,725565.31,BBB - Moderate Risk,Delinquent (31-60 DPD),0,0.0
LN-11205,CUST-0422,PRD-EQUIP,BR-105,20231005,2023-10-05,2025-10-04,52800.0,0.084,24,2397.65,Industrial CNC Machine,68634.28,AAA - Low Risk,Fully Paid,0,0.0
LN-11206,CUST-0878,PRD-MORT,BR-112,20240802,2024-08-02,2044-08-02,434700.0,0.0675,240,3305.3,Primary Residence Purchase,515085.44,BBB - Moderate Risk,Current / Performing,0,0.0
LN-11207,CUST-0517,PRD-PERS,BR-102,20250612,2025-06-12,2029-06-12,22500.0,0.12,48,592.51,Debt Consolidation,0.0,BBB - Moderate Risk,Current / Performing,0,0.0
LN-11208,CUST-0168,PRD-SME,BR-101,20231209,2023-12-09,2030-12-08,306500.0,0.09,84,4931.3,New Branch Expansion,385904.52,BBB - Moderate Risk,Current / Performing,0,0.0
LN-11209,CUST-0393,PRD-EDU,BR-111,20230305,2023-03-05,2027-03-05,72000.0,0.064,48,1704.16,Medical Residency Program,0.0,CCC - Elevated Risk,In Default (90+ DPD),1,0.0
LN-11210,CUST-0822,PRD-MORT,BR-107,20230701,2023-07-01,2043-07-01,231900.0,0.0675,240,1763.28,Refinance Existing Mortgage,295019.11,BBB - Moderate Risk,Current / Performing,0,0.0
LN-11211,CUST-0026,PRD-PERS,BR-111,20240901,2024-09-01,2028-09-01,24900.0,0.15,48,692.99,Home Renovation,0.0,CCC - Elevated Risk,Current / Performing,0,0.0
LN-11212,CUST-0599,PRD-PERS,BR-108,20230922,2023-09-22,2027-09-22,21100.0,0.12,48,555.64,Debt Consolidation,0.0,AAA - Low Risk,Current / Performing,0,0.0
LN-11213,CUST-0721,PRD-PERS,BR-106,20240416,2024-04-16,2028-04-16,17500.0,0.17,48,504.96,Home Renovation,0.0,DDD - High Default Probability,Current / Performing,0,0.0
LN-11214,CUST-0515,PRD-SME,BR-109,20231224,2023-12-24,2030-12-23,432900.0,0.09,84,6964.96,Inventory Stocking Q4,539710.34,BBB - Moderate Risk,Current / Performing,0,0.0
LN-11215,CUST-0785,PRD-SME,BR-105,20240809,2024-08-09,2031-08-09,164400.0,0.1,84,2729.23,Inventory Stocking Q4,239168.81,CCC - Elevated Risk,Current / Performing,0,0.0
LN-11216,CUST-0342,PRD-AUTO,BR-102,20240425,2024-04-25,2029-04-25,59700.0,0.083,60,1219.09,Certified Pre-Owned Luxury Car,85600.6,BBB - Moderate Risk,Current / Performing,0,0.0
LN-11217,CUST-0426,PRD-AUTO,BR-105,20250401,2025-04-01,2028-03-31,55000.0,0.083,36,1731.12,Fleet Commercial Van,77025.97,BBB - Moderate Risk,Current / Performing,0,0.0
LN-11218,CUST-0108,PRD-SME,BR-103,20241126,2024-11-26,2029-11-26,405800.0,0.09,60,8423.74,Technology & IT Modernization,520179.81,AAA - Low Risk,Current / Performing,0,0.0
LN-11219,CUST-0114,PRD-MORT,BR-108,20250415,2025-04-15,2045-04-15,689100.0,0.0575,240,4838.06,Investment Property Buy,981762.73,AAA - Low Risk,Current / Performing,0,0.0
LN-11220,CUST-0584,PRD-MORT,BR-107,20250107,2025-01-07,2045-01-07,755100.0,0.0675,240,5741.51,Primary Residence Purchase,1026273.76,BBB - Moderate Risk,Current / Performing,0,0.0
LN-11221,CUST-0333,PRD-EQUIP,BR-110,20240207,2024-02-07,2026-02-06,29000.0,0.084,24,1316.89,Medical Imaging Scanner,34547.86,BBB - Moderate Risk,Fully Paid,0,0.0
LN-11222,CUST-0426,PRD-MORT,BR-105,20250521,2025-05-21,2045-05-21,678600.0,0.0675,240,5159.83,Investment Property Buy,899257.25,BBB - Moderate Risk,Current / Performing,0,0.0
LN-11223,CUST-0644,PRD-MORT,BR-103,20250301,2025-03-01,2045-03-01,205800.0,0.0575,240,1444.89,Primary Residence Purchase,315342.59,AAA - Low Risk,Current / Performing,0,0.0
LN-11224,CUST-0170,PRD-EDU,BR-102,20260113,2026-01-13,2036-01-13,65200.0,0.064,120,737.02,Medical Residency Program,0.0,BBB - Moderate Risk,Current / Performing,0,0.0
LN-11225,CUST-0620,PRD-EQUIP,BR-112,20250716,2025-07-16,2030-07-16,160600.0,0.094,60,3365.06,Industrial CNC Machine,187033.01,BBB - Moderate Risk,Current / Performing,0,0.0
LN-11226,CUST-0593,PRD-PERS,BR-109,20231214,2023-12-14,2027-12-14,25500.0,0.13,48,684.1,Emergency Medical Exp,0.0,BBB - Moderate Risk,Current / Performing,0,0.0
LN-11227,CUST-0490,PRD-EDU,BR-103,20250818,2025-08-18,2035-08-18,69400.0,0.064,120,784.5,Master of Science in Data Analytics,0.0,CCC - Elevated Risk,Current / Performing,0,0.0
LN-11228,CUST-0999,PRD-AUTO,BR-102,20241129,2024-11-29,2030-11-29,52100.0,0.103,72,973.1,New EV Purchase,72358.18,CCC - Elevated Risk,Current / Performing,0,0.0
LN-11229,CUST-0817,PRD-AUTO,BR-103,20230628,2023-06-28,2026-06-27,19400.0,0.083,36,610.61,Certified Pre-Owned Luxury Car,23440.8,BBB - Moderate Risk,Fully Paid,0,0.0
LN-11230,CUST-0240,PRD-PERS,BR-102,20250410,2025-04-10,2029-04-10,10700.0,0.12,48,281.77,Home Renovation,0.0,AAA - Low Risk,Current / Performing,0,0.0
LN-11231,CUST-0498,PRD-PERS,BR-111,20260221,2026-02-21,2030-02-21,26300.0,0.12,48,692.58,Home Renovation,0.0,CCC - Elevated Risk,Current / Performing,0,0.0
LN-11232,CUST-0492,PRD-EDU,BR-108,20231225,2023-12-25,2028-12-24,49400.0,0.074,60,987.53,MBA Program Tuition,0.0,BBB - Moderate Risk,Current / Performing,0,0.0
LN-11233,CUST-0061,PRD-EDU,BR-102,20240621,2024-06-21,2028-06-21,34000.0,0.074,48,820.5,Medical Residency Program,0.0,CCC - Elevated Risk,In Default (90+ DPD),1,0.0
LN-11234,CUST-0207,PRD-EQUIP,BR-102,20260530,2026-05-30,2031-05-30,83100.0,0.094,60,1741.2,Industrial CNC Machine,108044.06,BBB - Moderate Risk,Current / Performing,0,0.0
LN-11235,CUST-0071,PRD-EDU,BR-103,20260511,2026-05-11,2036-05-10,46800.0,0.064,120,529.03,Master of Science in Data Analytics,0.0,AAA - Low Risk,Current / Performing,0,0.0
LN-11236,CUST-0088,PRD-SME,BR-105,20230409,2023-04-09,2027-04-09,130900.0,0.09,48,3257.45,Inventory Stocking Q4,154137.35,AAA - Low Risk,Current / Performing,0,0.0
LN-11237,CUST-0554,PRD-MORT,BR-105,20231121,2023-11-21,2043-11-21,220400.0,0.0875,240,1947.7,Primary Residence Purchase,345677.53,CCC - Elevated Risk,Delinquent (61-90 DPD),1,0.0
LN-11238,CUST-0922,PRD-EDU,BR-112,20230815,2023-08-15,2030-08-14,66400.0,0.114,84,1150.94,Medical Residency Program,0.0,DDD - High Default Probability,Charged Off / Written Off,1,49612.96
LN-11239,CUST-0750,PRD-AUTO,BR-111,20240129,2024-01-29,2028-01-29,24400.0,0.083,48,599.12,New EV Purchase,30319.41,CCC - Elevated Risk,Delinquent (61-90 DPD),1,0.0
LN-11240,CUST-0735,PRD-MORT,BR-111,20241017,2024-10-17,2044-10-17,685100.0,0.0875,240,6054.3,Refinance Existing Mortgage,882113.76,CCC - Elevated Risk,Current / Performing,0,0.0
LN-11241,CUST-0179,PRD-EDU,BR-102,20240731,2024-07-31,2028-07-31,40600.0,0.074,48,979.77,MBA Program Tuition,0.0,CCC - Elevated Risk,Delinquent (31-60 DPD),0,0.0
LN-11242,CUST-0785,PRD-EDU,BR-105,20260519,2026-05-19,2030-05-19,51400.0,0.074,48,1240.4,Medical Residency Program,0.0,CCC - Elevated Risk,Delinquent (61-90 DPD),1,0.0
LN-11243,CUST-0301,PRD-PERS,BR-109,20250604,2025-06-04,2029-06-04,27600.0,0.15,48,768.13,Home Renovation,0.0,DDD - High Default Probability,Under Restructuring,1,0.0
LN-11244,CUST-0010,PRD-MORT,BR-101,20251025,2025-10-25,2045-10-25,695400.0,0.0575,240,4882.29,Investment Property Buy,1014847.33,AAA - Low Risk,Current / Performing,0,0.0
LN-11245,CUST-0516,PRD-EQUIP,BR-101,20230227,2023-02-27,2025-02-26,148600.0,0.084,24,6747.92,Warehouse Forklift Fleet,215427.52,AAA - Low Risk,Fully Paid,0,0.0
LN-11246,CUST-0633,PRD-AUTO,BR-108,20230629,2023-06-29,2029-06-28,59300.0,0.083,72,1048.43,Certified Pre-Owned Luxury Car,81042.0,CCC - Elevated Risk,Current / Performing,0,0.0
LN-11247,CUST-0364,PRD-EQUIP,BR-104,20230417,2023-04-17,2028-04-16,165600.0,0.094,60,3469.82,Warehouse Forklift Fleet,229270.04,BBB - Moderate Risk,Current / Performing,0,0.0
LN-11248,CUST-0245,PRD-SME,BR-103,20240528,2024-05-28,2031-05-28,305700.0,0.12,84,5396.44,Technology & IT Modernization,429784.68,DDD - High Default Probability,Current / Performing,0,0.0
LN-11249,CUST-0414,PRD-MORT,BR-109,20260430,2026-04-30,2046-04-30,253000.0,0.0675,240,1923.72,Primary Residence Purchase,363955.07,BBB - Moderate Risk,Current / Performing,0,0.0
LN-11250,CUST-0758,PRD-AUTO,BR-102,20230624,2023-06-24,2029-06-23,61500.0,0.073,72,1057.4,New EV Purchase,80342.19,CCC - Elevated Risk,Current / Performing,0,0.0
LN-11251,CUST-0416,PRD-EDU,BR-110,20230121,2023-01-21,2027-01-21,44200.0,0.094,48,1108.33,Master of Science in Data Analytics,0.0,CCC - Elevated Risk,Fully Paid,0,0.0
LN-11252,CUST-0808,PRD-AUTO,BR-101,20231222,2023-12-22,2027-12-22,15600.0,0.073,48,375.74,New EV Purchase,20385.05,BBB - Moderate Risk,Current / Performing,0,0.0
LN-11253,CUST-0876,PRD-EQUIP,BR-108,20231123,2023-11-23,2028-11-22,56500.0,0.114,60,1239.75,Industrial CNC Machine,84104.7,CCC - Elevated Risk,Current / Performing,0,0.0
LN-11254,CUST-0771,PRD-AUTO,BR-107,20230127,2023-01-27,2027-01-27,56700.0,0.073,48,1365.66,Fleet Commercial Van,65289.35,AAA - Low Risk,Current / Performing,0,0.0
LN-11255,CUST-0672,PRD-AUTO,BR-112,20251026,2025-10-26,2028-10-25,38300.0,0.083,36,1205.49,Fleet Commercial Van,44562.4,CCC - Elevated Risk,Current / Performing,0,0.0
LN-11256,CUST-0011,PRD-AUTO,BR-109,20240216,2024-02-16,2030-02-15,45600.0,0.073,72,784.02,Fleet Commercial Van,55990.63,AAA - Low Risk,Current / Performing,0,0.0
LN-11257,CUST-0976,PRD-EQUIP,BR-104,20241106,2024-11-06,2029-11-06,95000.0,0.084,60,1944.5,Industrial CNC Machine,134132.53,AAA - Low Risk,Current / Performing,0,0.0
LN-11258,CUST-0638,PRD-PERS,BR-101,20260114,2026-01-14,2028-01-14,19000.0,0.13,24,903.29,Home Renovation,0.0,CCC - Elevated Risk,Current / Performing,0,0.0
LN-11259,CUST-0744,PRD-MORT,BR-106,20250416,2025-04-16,2045-04-16,486300.0,0.0675,240,3697.65,Refinance Existing Mortgage,589371.16,BBB - Moderate Risk,Current / Performing,0,0.0
LN-11260,CUST-0576,PRD-PERS,BR-111,20260403,2026-04-03,2030-04-03,9100.0,0.12,48,239.64,Emergency Medical Exp,0.0,CCC - Elevated Risk,Current / Performing,0,0.0
LN-11261,CUST-0725,PRD-EDU,BR-104,20230705,2023-07-05,2030-07-04,51600.0,0.094,84,840.71,Medical Residency Program,0.0,CCC - Elevated Risk,Current / Performing,0,0.0
LN-11262,CUST-0292,PRD-MORT,BR-104,20231112,2023-11-12,2043-11-12,219900.0,0.0875,240,1943.28,Refinance Existing Mortgage,263381.73,CCC - Elevated Risk,Current / Performing,0,0.0
LN-11263,CUST-0963,PRD-EDU,BR-104,20230725,2023-07-25,2027-07-25,21100.0,0.114,48,549.45,Medical Residency Program,0.0,DDD - High Default Probability,Current / Performing,0,0.0
LN-11264,CUST-0656,PRD-MORT,BR-105,20260401,2026-04-01,2046-04-01,425900.0,0.0875,240,3763.72,Investment Property Buy,654055.44,CCC - Elevated Risk,Current / Performing,0,0.0
LN-11265,CUST-0761,PRD-PERS,BR-110,20240708,2024-07-08,2028-07-08,31600.0,0.13,48,847.75,Wedding & Family,0.0,BBB - Moderate Risk,Current / Performing,0,0.0
LN-11266,CUST-0430,PRD-AUTO,BR-107,20241009,2024-10-09,2029-10-09,64200.0,0.073,60,1280.34,Fleet Commercial Van,99674.59,BBB - Moderate Risk,Current / Performing,0,0.0
LN-11267,CUST-0057,PRD-MORT,BR-112,20250712,2025-07-12,2045-07-12,537400.0,0.0675,240,4086.2,Refinance Existing Mortgage,680313.43,BBB - Moderate Risk,Current / Performing,0,0.0
LN-11268,CUST-0326,PRD-EDU,BR-104,20250213,2025-02-13,2035-02-13,14700.0,0.074,120,173.73,Master of Science in Data Analytics,0.0,BBB - Moderate Risk,Current / Performing,0,0.0
LN-11269,CUST-0362,PRD-EDU,BR-106,20240906,2024-09-06,2028-09-06,50400.0,0.074,48,1216.27,Master of Science in Data Analytics,0.0,BBB - Moderate Risk,Current / Performing,0,0.0
LN-11270,CUST-0480,PRD-SME,BR-103,20250531,2025-05-31,2027-05-31,447500.0,0.1,24,20649.85,New Branch Expansion,682046.34,BBB - Moderate Risk,Current / Performing,0,0.0
LN-11271,CUST-0298,PRD-EQUIP,BR-111,20240203,2024-02-03,2026-02-02,106800.0,0.094,24,4898.75,Medical Imaging Scanner,132266.33,BBB - Moderate Risk,Fully Paid,0,0.0
LN-11272,CUST-0357,PRD-PERS,BR-107,20260219,2026-02-19,2028-02-19,20600.0,0.12,24,969.71,Debt Consolidation,0.0,BBB - Moderate Risk,Current / Performing,0,0.0
LN-11273,CUST-0566,PRD-EDU,BR-112,20231004,2023-10-04,2027-10-04,71200.0,0.064,48,1685.22,Master of Science in Data Analytics,0.0,AAA - Low Risk,Current / Performing,0,0.0
LN-11274,CUST-0114,PRD-EDU,BR-108,20231214,2023-12-14,2028-12-13,63200.0,0.064,60,1233.62,MBA Program Tuition,0.0,AAA - Low Risk,Current / Performing,0,0.0
LN-11275,CUST-0464,PRD-PERS,BR-112,20231230,2023-12-30,2027-12-30,17200.0,0.17,48,496.31,Emergency Medical Exp,0.0,DDD - High Default Probability,Current / Performing,0,0.0
LN-11276,CUST-0107,PRD-MORT,BR-111,20230818,2023-08-18,2043-08-18,678300.0,0.0575,240,4762.23,Refinance Existing Mortgage,1052667.08,BBB - Moderate Risk,Current / Performing,0,0.0
LN-11277,CUST-0517,PRD-EQUIP,BR-102,20240305,2024-03-05,2026-03-05,158200.0,0.084,24,7183.85,Industrial CNC Machine,200380.8,BBB - Moderate Risk,Fully Paid,0,0.0
LN-11278,CUST-0592,PRD-AUTO,BR-107,20240515,2024-05-15,2029-05-15,46200.0,0.123,60,1034.71,Certified Pre-Owned Luxury Car,56007.48,DDD - High Default Probability,Current / Performing,0,0.0
LN-11279,CUST-0985,PRD-PERS,BR-104,20231025,2023-10-25,2027-10-25,5800.0,0.12,48,152.74,Debt Consolidation,0.0,AAA - Low Risk,Current / Performing,0,0.0
LN-11280,CUST-0648,PRD-SME,BR-109,20230220,2023-02-20,2027-02-20,323800.0,0.1,48,8212.4,Technology & IT Modernization,467293.14,BBB - Moderate Risk,Current / Performing,0,0.0
LN-11281,CUST-0730,PRD-AUTO,BR-105,20240401,2024-04-01,2027-04-01,40500.0,0.073,36,1256.09,Fleet Commercial Van,46592.79,AAA - Low Risk,Delinquent (61-90 DPD),1,0.0
LN-11282,CUST-0920,PRD-EDU,BR-111,20240504,2024-05-04,2028-05-04,28300.0,0.074,48,682.94,Master of Science in Data Analytics,0.0,CCC - Elevated Risk,In Default (90+ DPD),1,0.0
LN-11283,CUST-0458,PRD-EDU,BR-103,20260124,2026-01-24,2036-01-24,35200.0,0.074,120,416.0,Master of Science in Data Analytics,0.0,BBB - Moderate Risk,Current / Performing,0,0.0
LN-11284,CUST-0984,PRD-EQUIP,BR-109,20240306,2024-03-06,2029-03-06,92900.0,0.114,60,2038.45,Industrial CNC Machine,135480.73,CCC - Elevated Risk,Current / Performing,0,0.0
LN-11285,CUST-0215,PRD-MORT,BR-107,20250323,2025-03-23,2045-03-23,358700.0,0.0875,240,3169.87,Investment Property Buy,459882.46,CCC - Elevated Risk,Charged Off / Written Off,1,168934.72
LN-11286,CUST-0684,PRD-SME,BR-105,20240730,2024-07-30,2026-07-30,302700.0,0.1,24,13968.07,New Branch Expansion,458032.47,CCC - Elevated Risk,Fully Paid,0,0.0
LN-11287,CUST-0537,PRD-PERS,BR-103,20250113,2025-01-13,2029-01-13,12800.0,0.13,48,343.39,Emergency Medical Exp,0.0,BBB - Moderate Risk,Current / Performing,0,0.0
LN-11288,CUST-0392,PRD-EQUIP,BR-108,20250429,2025-04-29,2027-04-29,139700.0,0.114,24,6537.09,Industrial CNC Machine,172137.68,CCC - Elevated Risk,Current / Performing,0,0.0
LN-11289,CUST-0320,PRD-PERS,BR-109,20230529,2023-05-29,2024-05-28,16300.0,0.17,12,1486.64,Wedding & Family,0.0,DDD - High Default Probability,Fully Paid,0,0.0
LN-11290,CUST-0538,PRD-EDU,BR-106,20240204,2024-02-04,2031-02-03,28600.0,0.064,84,423.31,MBA Program Tuition,0.0,BBB - Moderate Risk,Current / Performing,0,0.0
LN-11291,CUST-0032,PRD-SME,BR-107,20250607,2025-06-07,2032-06-06,87700.0,0.1,84,1455.92,Technology & IT Modernization,110089.22,BBB - Moderate Risk,Current / Performing,0,0.0
LN-11292,CUST-0777,PRD-EDU,BR-108,20231231,2023-12-31,2027-12-31,10400.0,0.074,48,250.98,Master of Science in Data Analytics,0.0,BBB - Moderate Risk,Current / Performing,0,0.0
LN-11293,CUST-0162,PRD-SME,BR-103,20260528,2026-05-28,2033-05-27,116500.0,0.1,84,1934.04,Working Capital Expansion,178590.64,BBB - Moderate Risk,Current / Performing,0,0.0
LN-11294,CUST-0375,PRD-MORT,BR-110,20231211,2023-12-11,2043-12-11,362900.0,0.0875,240,3206.99,Refinance Existing Mortgage,550278.96,CCC - Elevated Risk,Current / Performing,0,0.0
LN-11295,CUST-0749,PRD-EDU,BR-110,20241230,2024-12-30,2034-12-30,11300.0,0.064,120,127.74,Master of Science in Data Analytics,0.0,BBB - Moderate Risk,Current / Performing,0,0.0
LN-11296,CUST-0960,PRD-EQUIP,BR-106,20251112,2025-11-12,2030-11-12,127400.0,0.094,60,2669.42,Warehouse Forklift Fleet,180022.33,BBB - Moderate Risk,Current / Performing,0,0.0
LN-11297,CUST-0497,PRD-PERS,BR-105,20230121,2023-01-21,2024-01-21,9400.0,0.17,12,857.32,Emergency Medical Exp,0.0,DDD - High Default Probability,Fully Paid,0,0.0
LN-11298,CUST-0969,PRD-MORT,BR-112,20250625,2025-06-25,2045-06-25,342400.0,0.0675,240,2603.49,Refinance Existing Mortgage,506178.5,BBB - Moderate Risk,Current / Performing,0,0.0
LN-11299,CUST-0695,PRD-EDU,BR-106,20240731,2024-07-31,2028-07-31,31400.0,0.094,48,787.37,Medical Residency Program,0.0,DDD - High Default Probability,Charged Off / Written Off,1,14212.74
LN-11300,CUST-0429,PRD-EDU,BR-102,20240816,2024-08-16,2034-08-16,75500.0,0.064,120,853.45,Master of Science in Data Analytics,0.0,BBB - Moderate Risk,Current / Performing,0,0.0
LN-11301,CUST-0970,PRD-EDU,BR-108,20240416,2024-04-16,2028-04-16,10800.0,0.114,48,281.23,Medical Residency Program,0.0,DDD - High Default Probability,Current / Performing,0,0.0
LN-11302,CUST-0886,PRD-MORT,BR-103,20230710,2023-07-10,2043-07-10,365100.0,0.0575,240,2563.31,Investment Property Buy,500178.18,AAA - Low Risk,Current / Performing,0,0.0
LN-11303,CUST-0374,PRD-SME,BR-107,20241119,2024-11-19,2031-11-19,428300.0,0.1,84,7110.29,Inventory Stocking Q4,610036.05,BBB - Moderate Risk,Delinquent (31-60 DPD),0,0.0
LN-11304,CUST-0301,PRD-MORT,BR-109,20251014,2025-10-14,2045-10-14,479100.0,0.0875,240,4233.86,Investment Property Buy,610881.83,DDD - High Default Probability,Charged Off / Written Off,1,376078.73
LN-11305,CUST-0465,PRD-MORT,BR-112,20250519,2025-05-19,2045-05-19,451700.0,0.0575,240,3171.31,Investment Property Buy,613484.14,BBB - Moderate Risk,Current / Performing,0,0.0
LN-11306,CUST-0164,PRD-EDU,BR-107,20230517,2023-05-17,2033-05-16,77800.0,0.074,120,919.44,Medical Residency Program,0.0,BBB - Moderate Risk,Current / Performing,0,0.0
LN-11307,CUST-0300,PRD-MORT,BR-109,20241213,2024-12-13,2054-12-13,706000.0,0.0575,360,4120.02,Refinance Existing Mortgage,873311.75,BBB - Moderate Risk,Current / Performing,0,0.0
LN-11308,CUST-0262,PRD-EDU,BR-111,20230715,2023-07-15,2028-07-14,62500.0,0.074,60,1249.4,Master of Science in Data Analytics,0.0,CCC - Elevated Risk,Under Restructuring,1,0.0
LN-11309,CUST-0498,PRD-AUTO,BR-111,20260411,2026-04-11,2032-04-10,41200.0,0.073,72,708.37,New EV Purchase,50651.66,CCC - Elevated Risk,Current / Performing,0,0.0
LN-11310,CUST-0817,PRD-EQUIP,BR-103,20260506,2026-05-06,2031-05-06,131900.0,0.094,60,2763.7,Warehouse Forklift Fleet,175893.85,BBB - Moderate Risk,Current / Performing,0,0.0
LN-11311,CUST-0933,PRD-MORT,BR-105,20241022,2024-10-22,2044-10-22,833000.0,0.0675,240,6333.83,Investment Property Buy,1218792.35,CCC - Elevated Risk,Current / Performing,0,0.0
LN-11312,CUST-0063,PRD-AUTO,BR-104,20241218,2024-12-18,2030-12-18,62700.0,0.073,72,1078.03,New EV Purchase,73423.81,AAA - Low Risk,Delinquent (31-60 DPD),0,0.0
LN-11313,CUST-0106,PRD-SME,BR-111,20250530,2025-05-30,2029-05-30,346500.0,0.12,48,9124.67,Technology & IT Modernization,399920.52,CCC - Elevated Risk,Current / Performing,0,0.0
LN-11314,CUST-0956,PRD-AUTO,BR-106,20250616,2025-06-16,2028-06-15,22200.0,0.123,36,740.54,Certified Pre-Owned Luxury Car,28646.99,DDD - High Default Probability,Current / Performing,0,0.0
LN-11315,CUST-0670,PRD-MORT,BR-105,20240223,2024-02-23,2044-02-23,603200.0,0.1075,240,6123.86,Refinance Existing Mortgage,881979.2,DDD - High Default Probability,Under Restructuring,1,0.0
LN-11316,CUST-0790,PRD-EQUIP,BR-105,20230424,2023-04-24,2028-04-23,84500.0,0.084,60,1729.58,Warehouse Forklift Fleet,112611.05,CCC - Elevated Risk,Current / Performing,0,0.0
LN-11317,CUST-0513,PRD-EQUIP,BR-108,20250608,2025-06-08,2027-06-08,97300.0,0.084,24,4418.39,Medical Imaging Scanner,112421.58,AAA - Low Risk,Current / Performing,0,0.0
LN-11318,CUST-0853,PRD-PERS,BR-107,20231001,2023-10-01,2027-10-01,6500.0,0.12,48,171.17,Debt Consolidation,0.0,AAA - Low Risk,Current / Performing,0,0.0
LN-11319,CUST-0791,PRD-AUTO,BR-110,20241204,2024-12-04,2030-12-04,44500.0,0.083,72,786.76,Fleet Commercial Van,54646.03,CCC - Elevated Risk,Current / Performing,0,0.0
LN-11320,CUST-0458,PRD-EQUIP,BR-103,20250113,2025-01-13,2027-01-13,159200.0,0.094,24,7302.26,Industrial CNC Machine,217081.92,BBB - Moderate Risk,Current / Performing,0,0.0
LN-11321,CUST-0164,PRD-MORT,BR-107,20240209,2024-02-09,2044-02-09,471000.0,0.0675,240,3581.31,Primary Residence Purchase,625732.91,BBB - Moderate Risk,Current / Performing,0,0.0
LN-11322,CUST-0523,PRD-MORT,BR-109,20230105,2023-01-05,2043-01-05,375400.0,0.0575,240,2635.62,Investment Property Buy,449978.17,CCC - Elevated Risk,Current / Performing,0,0.0
LN-11323,CUST-0664,PRD-EQUIP,BR-106,20230902,2023-09-02,2026-09-01,163600.0,0.084,36,5156.87,Medical Imaging Scanner,196235.67,AAA - Low Risk,Fully Paid,0,0.0
LN-11324,CUST-0124,PRD-PERS,BR-108,20230202,2023-02-02,2027-02-02,9900.0,0.13,48,265.59,Debt Consolidation,0.0,BBB - Moderate Risk,Current / Performing,0,0.0
LN-11325,CUST-0189,PRD-MORT,BR-106,20240428,2024-04-28,2044-04-28,263200.0,0.0575,240,1847.88,Investment Property Buy,351813.78,AAA - Low Risk,Current / Performing,0,0.0
LN-11326,CUST-0356,PRD-EDU,BR-110,20251208,2025-12-08,2029-12-08,37800.0,0.064,48,894.68,Master of Science in Data Analytics,0.0,BBB - Moderate Risk,Current / Performing,0,0.0
LN-11327,CUST-0230,PRD-MORT,BR-112,20240615,2024-06-15,2044-06-15,440100.0,0.0675,240,3346.36,Investment Property Buy,576213.33,BBB - Moderate Risk,Current / Performing,0,0.0
LN-11328,CUST-0584,PRD-EQUIP,BR-107,20250322,2025-03-22,2030-03-22,125600.0,0.094,60,2631.7,Warehouse Forklift Fleet,159738.27,BBB - Moderate Risk,Current / Performing,0,0.0
LN-11329,CUST-0566,PRD-SME,BR-112,20250228,2025-02-28,2030-02-28,87600.0,0.09,60,1818.43,Inventory Stocking Q4,117029.17,AAA - Low Risk,Current / Performing,0,0.0
LN-11330,CUST-0906,PRD-MORT,BR-108,20251127,2025-11-27,2045-11-27,439800.0,0.0575,240,3087.76,Investment Property Buy,667181.23,BBB - Moderate Risk,Current / Performing,0,0.0
LN-11331,CUST-0613,PRD-SME,BR-112,20231018,2023-10-18,2030-10-17,224200.0,0.12,84,3957.74,Inventory Stocking Q4,271839.22,DDD - High Default Probability,Current / Performing,0,0.0
LN-11332,CUST-0767,PRD-MORT,BR-106,20231126,2023-11-26,2043-11-26,781100.0,0.0675,240,5939.2,Primary Residence Purchase,929172.13,BBB - Moderate Risk,Current / Performing,0,0.0
LN-11333,CUST-0098,PRD-EQUIP,BR-109,20240731,2024-07-31,2028-07-31,121300.0,0.094,48,3041.65,Industrial CNC Machine,180050.79,CCC - Elevated Risk,Current / Performing,0,0.0
LN-11334,CUST-0662,PRD-EQUIP,BR-109,20231006,2023-10-06,2025-10-05,135400.0,0.094,24,6210.59,Industrial CNC Machine,160552.29,BBB - Moderate Risk,Fully Paid,0,0.0
LN-11335,CUST-0772,PRD-PERS,BR-111,20240330,2024-03-30,2028-03-30,30700.0,0.12,48,808.45,Emergency Medical Exp,0.0,BBB - Moderate Risk,Current / Performing,0,0.0
LN-11336,CUST-0169,PRD-MORT,BR-102,20251203,2025-12-03,2055-12-03,770200.0,0.0875,360,6059.17,Primary Residence Purchase,918044.13,CCC - Elevated Risk,Current / Performing,0,0.0
LN-11337,CUST-0803,PRD-MORT,BR-106,20240807,2024-08-07,2044-08-07,415300.0,0.0675,240,3157.79,Investment Property Buy,594557.79,BBB - Moderate Risk,Current / Performing,0,0.0
LN-11338,CUST-0134,PRD-EQUIP,BR-104,20230422,2023-04-22,2026-04-21,178600.0,0.134,36,6052.21,Warehouse Forklift Fleet,230343.81,DDD - High Default Probability,Charged Off / Written Off,1,128718.75
LN-11339,CUST-0538,PRD-EQUIP,BR-106,20230520,2023-05-20,2028-05-19,179000.0,0.084,60,3663.84,Medical Imaging Scanner,247476.68,BBB - Moderate Risk,Current / Performing,0,0.0
LN-11340,CUST-0344,PRD-EQUIP,BR-111,20250616,2025-06-16,2028-06-15,60600.0,0.094,36,1938.37,Medical Imaging Scanner,78748.78,CCC - Elevated Risk,Current / Performing,0,0.0
LN-11341,CUST-0899,PRD-SME,BR-108,20250809,2025-08-09,2027-08-09,333200.0,0.12,24,15684.88,Inventory Stocking Q4,504645.01,DDD - High Default Probability,Current / Performing,0,0.0
LN-11342,CUST-0332,PRD-EDU,BR-105,20241127,2024-11-27,2028-11-27,27700.0,0.074,48,668.46,Medical Residency Program,0.0,BBB - Moderate Risk,Current / Performing,0,0.0
LN-11343,CUST-0280,PRD-AUTO,BR-102,20231224,2023-12-24,2029-12-23,57900.0,0.083,72,1023.68,Fleet Commercial Van,74219.07,BBB - Moderate Risk,Current / Performing,0,0.0
LN-11344,CUST-0066,PRD-AUTO,BR-107,20240320,2024-03-20,2029-03-20,25300.0,0.073,60,504.56,New EV Purchase,32824.12,AAA - Low Risk,Current / Performing,0,0.0
LN-11345,CUST-0682,PRD-MORT,BR-102,20230119,2023-01-19,2043-01-19,660800.0,0.0575,240,4639.37,Investment Property Buy,890045.73,AAA - Low Risk,Current / Performing,0,0.0
LN-11346,CUST-0404,PRD-SME,BR-107,20250424,2025-04-24,2032-04-23,383000.0,0.09,84,6162.12,Technology & IT Modernization,522241.68,AAA - Low Risk,Delinquent (31-60 DPD),0,0.0
LN-11347,CUST-0202,PRD-SME,BR-112,20260319,2026-03-19,2033-03-18,336100.0,0.12,84,5933.08,Technology & IT Modernization,435809.49,CCC - Elevated Risk,Current / Performing,0,0.0
LN-11348,CUST-0862,PRD-SME,BR-105,20240702,2024-07-02,2031-07-02,349700.0,0.1,84,5805.43,Working Capital Expansion,431017.94,CCC - Elevated Risk,Current / Performing,0,0.0
LN-11349,CUST-0229,PRD-EDU,BR-112,20230320,2023-03-20,2030-03-19,14500.0,0.064,84,214.62,Medical Residency Program,0.0,BBB - Moderate Risk,Current / Performing,0,0.0
LN-11350,CUST-0474,PRD-EQUIP,BR-105,20230424,2023-04-24,2028-04-23,155100.0,0.084,60,3174.64,Medical Imaging Scanner,185909.43,CCC - Elevated Risk,Current / Performing,0,0.0
LN-11351,CUST-0168,PRD-EDU,BR-101,20241011,2024-10-11,2034-10-11,37500.0,0.064,120,423.9,MBA Program Tuition,0.0,BBB - Moderate Risk,Current / Performing,0,0.0
LN-11352,CUST-0721,PRD-EDU,BR-106,20240110,2024-01-10,2034-01-09,10700.0,0.114,120,149.83,Medical Residency Program,0.0,DDD - High Default Probability,In Default (90+ DPD),1,0.0
LN-11353,CUST-0445,PRD-EDU,BR-103,20260102,2026-01-02,2031-01-02,15300.0,0.064,60,298.65,MBA Program Tuition,0.0,BBB - Moderate Risk,Current / Performing,0,0.0
LN-11354,CUST-0374,PRD-PERS,BR-107,20260216,2026-02-16,2029-02-15,8000.0,0.13,36,269.55,Emergency Medical Exp,0.0,BBB - Moderate Risk,Current / Performing,0,0.0
LN-11355,CUST-0229,PRD-AUTO,BR-112,20241231,2024-12-31,2027-12-31,42200.0,0.073,36,1308.81,Certified Pre-Owned Luxury Car,58540.68,BBB - Moderate Risk,Current / Performing,0,0.0
LN-11356,CUST-0329,PRD-MORT,BR-108,20250720,2025-07-20,2045-07-20,783000.0,0.0875,240,6919.45,Primary Residence Purchase,936639.3,CCC - Elevated Risk,In Default (90+ DPD),1,0.0
LN-11357,CUST-0766,PRD-EQUIP,BR-102,20241124,2024-11-24,2029-11-24,42200.0,0.114,60,925.97,Industrial CNC Machine,54607.95,CCC - Elevated Risk,In Default (90+ DPD),1,0.0
LN-11358,CUST-0504,PRD-PERS,BR-102,20240603,2024-06-03,2028-06-03,16900.0,0.13,48,453.38,Home Renovation,0.0,CCC - Elevated Risk,Current / Performing,0,0.0
LN-11359,CUST-0588,PRD-SME,BR-104,20240413,2024-04-13,2028-04-13,431100.0,0.1,48,10933.81,Inventory Stocking Q4,526070.31,BBB - Moderate Risk,Current / Performing,0,0.0
LN-11360,CUST-0987,PRD-AUTO,BR-104,20230825,2023-08-25,2028-08-24,15400.0,0.083,60,314.47,Fleet Commercial Van,17737.06,BBB - Moderate Risk,Current / Performing,0,0.0
LN-11361,CUST-0760,PRD-PERS,BR-103,20260404,2026-04-04,2028-04-03,22400.0,0.12,24,1054.45,Debt Consolidation,0.0,CCC - Elevated Risk,Current / Performing,0,0.0
LN-11362,CUST-0894,PRD-PERS,BR-105,20250716,2025-07-16,2027-07-16,10800.0,0.12,24,508.39,Emergency Medical Exp,0.0,AAA - Low Risk,Current / Performing,0,0.0
LN-11363,CUST-0082,PRD-AUTO,BR-108,20240331,2024-03-31,2030-03-31,28700.0,0.083,72,507.42,Certified Pre-Owned Luxury Car,38744.11,BBB - Moderate Risk,Current / Performing,0,0.0
LN-11364,CUST-0192,PRD-EDU,BR-110,20230324,2023-03-24,2027-03-24,74300.0,0.064,48,1758.6,MBA Program Tuition,0.0,AAA - Low Risk,Current / Performing,0,0.0
LN-11365,CUST-0881,PRD-EQUIP,BR-101,20250819,2025-08-19,2027-08-19,177000.0,0.094,24,8118.72,Industrial CNC Machine,252141.89,BBB - Moderate Risk,Delinquent (31-60 DPD),0,0.0
LN-11366,CUST-0555,PRD-MORT,BR-105,20260314,2026-03-14,2046-03-14,848400.0,0.0675,240,6450.93,Primary Residence Purchase,1167988.98,BBB - Moderate Risk,Current / Performing,0,0.0
LN-11367,CUST-0962,PRD-SME,BR-107,20240521,2024-05-21,2026-05-21,285200.0,0.09,24,13029.29,New Branch Expansion,386458.95,CCC - Elevated Risk,Fully Paid,0,0.0
LN-11368,CUST-0773,PRD-MORT,BR-103,20240821,2024-08-21,2044-08-21,847400.0,0.0675,240,6443.32,Investment Property Buy,992192.01,BBB - Moderate Risk,Current / Performing,0,0.0
LN-11369,CUST-0460,PRD-EDU,BR-104,20231121,2023-11-21,2030-11-20,30300.0,0.114,84,525.2,Master of Science in Data Analytics,0.0,DDD - High Default Probability,Under Restructuring,1,0.0
LN-11370,CUST-0821,PRD-EQUIP,BR-107,20241008,2024-10-08,2029-10-08,39000.0,0.114,60,855.76,Medical Imaging Scanner,58653.5,DDD - High Default Probability,Current / Performing,0,0.0
LN-11371,CUST-0489,PRD-AUTO,BR-111,20250614,2025-06-14,2031-06-14,25800.0,0.083,72,456.15,Fleet Commercial Van,40647.91,BBB - Moderate Risk,Current / Performing,0,0.0
LN-11372,CUST-0461,PRD-MORT,BR-107,20240111,2024-01-11,2044-01-11,762300.0,0.0875,240,6736.53,Investment Property Buy,1198024.12,DDD - High Default Probability,Under Restructuring,1,0.0
LN-11373,CUST-0197,PRD-EDU,BR-103,20230314,2023-03-14,2033-03-13,36000.0,0.064,120,406.94,Master of Science in Data Analytics,0.0,AAA - Low Risk,Current / Performing,0,0.0
LN-11374,CUST-0957,PRD-SME,BR-110,20250830,2025-08-30,2032-08-29,198600.0,0.1,84,3297.0,Technology & IT Modernization,278805.57,BBB - Moderate Risk,Current / Performing,0,0.0
LN-11375,CUST-0184,PRD-PERS,BR-104,20251227,2025-12-27,2029-12-27,20500.0,0.12,48,539.84,Debt Consolidation,0.0,AAA - Low Risk,Delinquent (31-60 DPD),0,0.0
LN-11376,CUST-0294,PRD-MORT,BR-112,20250127,2025-01-27,2045-01-27,713000.0,0.0675,240,5421.4,Investment Property Buy,1124751.44,CCC - Elevated Risk,Current / Performing,0,0.0
LN-11377,CUST-0722,PRD-PERS,BR-102,20250621,2025-06-21,2029-06-21,4400.0,0.13,48,118.04,Debt Consolidation,0.0,CCC - Elevated Risk,Current / Performing,0,0.0
LN-11378,CUST-0316,PRD-EDU,BR-101,20240510,2024-05-10,2031-05-10,40600.0,0.064,84,600.92,MBA Program Tuition,0.0,BBB - Moderate Risk,Current / Performing,0,0.0
LN-11379,CUST-0939,PRD-EQUIP,BR-104,20230719,2023-07-19,2028-07-18,30900.0,0.094,60,647.45,Medical Imaging Scanner,38607.05,BBB - Moderate Risk,Current / Performing,0,0.0
LN-11380,CUST-0042,PRD-EQUIP,BR-109,20230313,2023-03-13,2028-03-12,80300.0,0.094,60,1682.53,Medical Imaging Scanner,125126.01,CCC - Elevated Risk,Current / Performing,0,0.0
LN-11381,CUST-0757,PRD-SME,BR-104,20230415,2023-04-15,2030-04-14,428100.0,0.09,84,6887.73,Inventory Stocking Q4,506477.52,CCC - Elevated Risk,Delinquent (31-60 DPD),0,0.0
LN-11382,CUST-0185,PRD-EDU,BR-112,20230716,2023-07-16,2030-07-15,13800.0,0.094,84,224.84,MBA Program Tuition,0.0,CCC - Elevated Risk,Current / Performing,0,0.0
LN-11383,CUST-0166,PRD-EDU,BR-102,20241227,2024-12-27,2034-12-27,65400.0,0.094,120,842.68,Medical Residency Program,0.0,DDD - High Default Probability,Current / Performing,0,0.0
LN-11384,CUST-0956,PRD-SME,BR-106,20230317,2023-03-17,2028-03-16,119000.0,0.14,60,2768.92,Working Capital Expansion,151043.73,DDD - High Default Probability,Current / Performing,0,0.0
LN-11385,CUST-0811,PRD-SME,BR-101,20260505,2026-05-05,2031-05-05,341400.0,0.09,60,7086.9,Technology & IT Modernization,432085.45,BBB - Moderate Risk,Current / Performing,0,0.0
LN-11386,CUST-0831,PRD-EDU,BR-103,20240129,2024-01-29,2034-01-28,27300.0,0.114,120,382.27,MBA Program Tuition,0.0,DDD - High Default Probability,Current / Performing,0,0.0
LN-11387,CUST-0175,PRD-SME,BR-109,20230911,2023-09-11,2027-09-11,190900.0,0.09,48,4750.55,Technology & IT Modernization,232843.62,BBB - Moderate Risk,Current / Performing,0,0.0
LN-11388,CUST-0361,PRD-PERS,BR-107,20230929,2023-09-29,2027-09-29,27700.0,0.13,48,743.12,Wedding & Family,0.0,BBB - Moderate Risk,Current / Performing,0,0.0
LN-11389,CUST-0034,PRD-EQUIP,BR-111,20240113,2024-01-13,2028-01-13,100800.0,0.134,48,2724.27,Industrial CNC Machine,149182.63,DDD - High Default Probability,Charged Off / Written Off,1,61632.95
LN-11390,CUST-0630,PRD-PERS,BR-103,20251103,2025-11-03,2029-11-03,30500.0,0.13,48,818.24,Emergency Medical Exp,0.0,BBB - Moderate Risk,Current / Performing,0,0.0
LN-11391,CUST-0161,PRD-EQUIP,BR-107,20250405,2025-04-05,2030-04-05,103200.0,0.134,60,2369.3,Medical Imaging Scanner,156527.83,DDD - High Default Probability,Current / Performing,0,0.0
LN-11392,CUST-0110,PRD-SME,BR-105,20250710,2025-07-10,2027-07-10,186600.0,0.09,24,8524.77,Technology & IT Modernization,218052.15,AAA - Low Risk,Current / Performing,0,0.0
LN-11393,CUST-0139,PRD-EDU,BR-108,20230430,2023-04-30,2027-04-30,71000.0,0.074,48,1713.39,Master of Science in Data Analytics,0.0,CCC - Elevated Risk,Current / Performing,0,0.0
LN-11394,CUST-0267,PRD-MORT,BR-109,20241012,2024-10-12,2044-10-12,214000.0,0.0675,240,1627.18,Refinance Existing Mortgage,320722.88,BBB - Moderate Risk,Charged Off / Written Off,1,167072.87
LN-11395,CUST-0566,PRD-EQUIP,BR-112,20260524,2026-05-24,2029-05-23,47400.0,0.084,36,1494.11,Warehouse Forklift Fleet,56744.65,AAA - Low Risk,Delinquent (61-90 DPD),1,0.0
LN-11396,CUST-0034,PRD-MORT,BR-111,20241023,2024-10-23,2044-10-23,748800.0,0.1075,240,7602.03,Investment Property Buy,1028393.48,DDD - High Default Probability,Current / Performing,0,0.0
LN-11397,CUST-0220,PRD-SME,BR-104,20260205,2026-02-05,2028-02-05,355100.0,0.12,24,16715.79,Inventory Stocking Q4,426535.39,CCC - Elevated Risk,In Default (90+ DPD),1,0.0
LN-11398,CUST-0618,PRD-AUTO,BR-105,20230223,2023-02-23,2026-02-22,32100.0,0.073,36,995.56,Fleet Commercial Van,46520.38,CCC - Elevated Risk,Fully Paid,0,0.0
LN-11399,CUST-0176,PRD-MORT,BR-109,20240418,2024-04-18,2044-04-18,500200.0,0.0675,240,3803.34,Investment Property Buy,601611.5,CCC - Elevated Risk,Current / Performing,0,0.0
LN-11400,CUST-0701,PRD-PERS,BR-107,20250929,2025-09-29,2029-09-29,12300.0,0.13,48,329.98,Debt Consolidation,0.0,CCC - Elevated Risk,Current / Performing,0,0.0
LN-11401,CUST-0614,PRD-EDU,BR-103,20240510,2024-05-10,2034-05-10,69000.0,0.064,120,779.97,MBA Program Tuition,0.0,AAA - Low Risk,Current / Performing,0,0.0
LN-11402,CUST-0119,PRD-SME,BR-106,20231024,2023-10-24,2025-10-23,302100.0,0.1,24,13940.38,Working Capital Expansion,455300.95,BBB - Moderate Risk,Fully Paid,0,0.0
LN-11403,CUST-0093,PRD-EDU,BR-110,20240214,2024-02-14,2028-02-14,32900.0,0.074,48,793.95,Master of Science in Data Analytics,0.0,BBB - Moderate Risk,Current / Performing,0,0.0
LN-11404,CUST-0054,PRD-EDU,BR-105,20231116,2023-11-16,2027-11-16,17400.0,0.074,48,419.9,Master of Science in Data Analytics,0.0,BBB - Moderate Risk,Current / Performing,0,0.0
LN-11405,CUST-0727,PRD-MORT,BR-110,20230112,2023-01-12,2043-01-12,468500.0,0.0675,240,3562.31,Refinance Existing Mortgage,706997.5,CCC - Elevated Risk,Current / Performing,0,0.0
LN-11406,CUST-0996,PRD-EDU,BR-104,20250209,2025-02-09,2035-02-09,79600.0,0.074,120,940.72,Master of Science in Data Analytics,0.0,CCC - Elevated Risk,Current / Performing,0,0.0
LN-11407,CUST-0155,PRD-AUTO,BR-112,20251012,2025-10-12,2031-10-12,49700.0,0.083,72,878.7,Fleet Commercial Van,74341.02,CCC - Elevated Risk,Delinquent (61-90 DPD),1,0.0
LN-11408,CUST-0981,PRD-MORT,BR-108,20230711,2023-07-11,2043-07-11,367700.0,0.0675,240,2795.86,Investment Property Buy,466387.91,CCC - Elevated Risk,Current / Performing,0,0.0
LN-11409,CUST-0095,PRD-EDU,BR-104,20230102,2023-01-02,2033-01-01,38200.0,0.064,120,431.81,MBA Program Tuition,0.0,BBB - Moderate Risk,Delinquent (31-60 DPD),0,0.0
LN-11410,CUST-0030,PRD-SME,BR-107,20230802,2023-08-02,2027-08-02,310100.0,0.09,48,7716.85,Working Capital Expansion,372433.15,CCC - Elevated Risk,Current / Performing,0,0.0
LN-11411,CUST-0433,PRD-PERS,BR-108,20230126,2023-01-26,2024-01-26,5000.0,0.15,12,451.29,Debt Consolidation,0.0,CCC - Elevated Risk,Fully Paid,0,0.0
LN-11412,CUST-0126,PRD-SME,BR-107,20240727,2024-07-27,2028-07-27,158500.0,0.09,48,3944.28,Inventory Stocking Q4,203883.4,CCC - Elevated Risk,Delinquent (61-90 DPD),1,0.0
LN-11413,CUST-0436,PRD-PERS,BR-108,20230916,2023-09-16,2025-09-15,28500.0,0.13,24,1354.94,Wedding & Family,0.0,CCC - Elevated Risk,Fully Paid,0,0.0
LN-11414,CUST-0866,PRD-SME,BR-101,20240810,2024-08-10,2031-08-10,152800.0,0.09,84,2458.41,Inventory Stocking Q4,228063.54,AAA - Low Risk,Delinquent (31-60 DPD),0,0.0
LN-11415,CUST-0954,PRD-AUTO,BR-112,20240818,2024-08-18,2030-08-18,52100.0,0.073,72,895.78,New EV Purchase,74749.51,BBB - Moderate Risk,Current / Performing,0,0.0
LN-11416,CUST-0233,PRD-MORT,BR-112,20240715,2024-07-15,2044-07-15,652100.0,0.0575,240,4578.29,Refinance Existing Mortgage,935958.69,CCC - Elevated Risk,Current / Performing,0,0.0
LN-11417,CUST-0681,PRD-SME,BR-111,20251025,2025-10-25,2032-10-24,112500.0,0.1,84,1867.63,Technology & IT Modernization,171732.08,BBB - Moderate Risk,Current / Performing,0,0.0
LN-11418,CUST-0714,PRD-SME,BR-111,20240704,2024-07-04,2026-07-04,345100.0,0.09,24,15765.8,Technology & IT Modernization,423133.46,AAA - Low Risk,Fully Paid,0,0.0
LN-11419,CUST-0211,PRD-EQUIP,BR-105,20260526,2026-05-26,2029-05-25,69600.0,0.084,36,2193.88,Warehouse Forklift Fleet,109477.92,CCC - Elevated Risk,Under Restructuring,1,0.0
LN-11420,CUST-0914,PRD-EDU,BR-108,20230223,2023-02-23,2033-02-22,78400.0,0.094,120,1010.19,Medical Residency Program,0.0,CCC - Elevated Risk,Current / Performing,0,0.0
LN-11421,CUST-0215,PRD-AUTO,BR-107,20230616,2023-06-16,2026-06-15,31500.0,0.103,36,1020.86,Certified Pre-Owned Luxury Car,43289.38,CCC - Elevated Risk,Fully Paid,0,0.0
LN-11422,CUST-0286,PRD-AUTO,BR-101,20251014,2025-10-14,2031-10-14,24400.0,0.083,72,431.39,New EV Purchase,31524.72,BBB - Moderate Risk,Current / Performing,0,0.0
LN-11423,CUST-0666,PRD-EDU,BR-101,20250721,2025-07-21,2029-07-21,53200.0,0.114,48,1385.34,Medical Residency Program,0.0,DDD - High Default Probability,Current / Performing,0,0.0
LN-11424,CUST-0757,PRD-EQUIP,BR-104,20260126,2026-01-26,2031-01-26,101600.0,0.084,60,2079.59,Medical Imaging Scanner,144586.44,CCC - Elevated Risk,Current / Performing,0,0.0
LN-11425,CUST-0329,PRD-MORT,BR-108,20230728,2023-07-28,2043-07-28,355600.0,0.0875,240,3142.48,Primary Residence Purchase,417056.99,CCC - Elevated Risk,Charged Off / Written Off,1,172279.57
LN-11426,CUST-0833,PRD-PERS,BR-111,20230801,2023-08-01,2026-07-31,9800.0,0.13,36,330.2,Home Renovation,0.0,CCC - Elevated Risk,Fully Paid,0,0.0
LN-11427,CUST-0213,PRD-EDU,BR-112,20230803,2023-08-03,2027-08-03,43600.0,0.064,48,1031.96,Medical Residency Program,0.0,BBB - Moderate Risk,Current / Performing,0,0.0
LN-11428,CUST-0611,PRD-AUTO,BR-101,20250703,2025-07-03,2028-07-02,33600.0,0.103,36,1088.92,Fleet Commercial Van,42146.1,CCC - Elevated Risk,Current / Performing,0,0.0
LN-11429,CUST-0127,PRD-MORT,BR-104,20240402,2024-04-02,2044-04-02,489500.0,0.1075,240,4969.55,Investment Property Buy,618039.43,DDD - High Default Probability,In Default (90+ DPD),1,0.0
LN-11430,CUST-0520,PRD-EDU,BR-102,20230924,2023-09-24,2027-09-24,74200.0,0.114,48,1932.18,Medical Residency Program,0.0,DDD - High Default Probability,Current / Performing,0,0.0
LN-11431,CUST-0999,PRD-EDU,BR-102,20231206,2023-12-06,2030-12-05,46100.0,0.094,84,751.1,Medical Residency Program,0.0,CCC - Elevated Risk,Current / Performing,0,0.0
LN-11432,CUST-0912,PRD-EQUIP,BR-107,20250402,2025-04-02,2029-04-02,143700.0,0.084,48,3535.18,Industrial CNC Machine,171114.34,AAA - Low Risk,Delinquent (61-90 DPD),1,0.0
LN-11433,CUST-0500,PRD-SME,BR-101,20230608,2023-06-08,2030-06-07,53400.0,0.09,84,859.16,Inventory Stocking Q4,73080.06,BBB - Moderate Risk,Current / Performing,0,0.0
LN-11434,CUST-0277,PRD-SME,BR-102,20240903,2024-09-03,2027-09-03,169400.0,0.12,36,5626.5,Technology & IT Modernization,265831.79,CCC - Elevated Risk,Current / Performing,0,0.0
LN-11435,CUST-0123,PRD-AUTO,BR-112,20230219,2023-02-19,2029-02-18,64300.0,0.073,72,1105.54,Fleet Commercial Van,95017.13,AAA - Low Risk,Current / Performing,0,0.0
LN-11436,CUST-0881,PRD-EQUIP,BR-101,20240622,2024-06-22,2029-06-22,74900.0,0.094,60,1569.38,Warehouse Forklift Fleet,118204.03,BBB - Moderate Risk,Delinquent (61-90 DPD),1,0.0
LN-11437,CUST-0944,PRD-PERS,BR-103,20241029,2024-10-29,2028-10-29,18500.0,0.13,48,496.31,Emergency Medical Exp,0.0,BBB - Moderate Risk,In Default (90+ DPD),1,0.0
LN-11438,CUST-0906,PRD-PERS,BR-108,20230610,2023-06-10,2027-06-10,30900.0,0.12,48,813.72,Emergency Medical Exp,0.0,BBB - Moderate Risk,Current / Performing,0,0.0
LN-11439,CUST-0024,PRD-PERS,BR-104,20250424,2025-04-24,2029-04-24,30200.0,0.15,48,840.49,Emergency Medical Exp,0.0,CCC - Elevated Risk,Current / Performing,0,0.0
LN-11440,CUST-0138,PRD-PERS,BR-106,20250627,2025-06-27,2029-06-27,4900.0,0.12,48,129.04,Home Renovation,0.0,AAA - Low Risk,Current / Performing,0,0.0
LN-11441,CUST-0377,PRD-EDU,BR-111,20241106,2024-11-06,2028-11-06,31600.0,0.074,48,762.58,Master of Science in Data Analytics,0.0,CCC - Elevated Risk,Current / Performing,0,0.0
LN-11442,CUST-0194,PRD-MORT,BR-109,20230323,2023-03-23,2043-03-23,705000.0,0.0875,240,6230.16,Primary Residence Purchase,1033011.73,CCC - Elevated Risk,Current / Performing,0,0.0
LN-11443,CUST-0925,PRD-AUTO,BR-102,20240529,2024-05-29,2029-05-29,19200.0,0.073,60,382.91,Fleet Commercial Van,26764.97,BBB - Moderate Risk,Delinquent (31-60 DPD),0,0.0
LN-11444,CUST-0800,PRD-EDU,BR-103,20250726,2025-07-26,2032-07-25,78500.0,0.094,84,1278.99,Master of Science in Data Analytics,0.0,DDD - High Default Probability,Current / Performing,0,0.0
LN-11445,CUST-0241,PRD-EDU,BR-111,20231113,2023-11-13,2028-11-12,49200.0,0.074,60,983.53,Medical Residency Program,0.0,CCC - Elevated Risk,Current / Performing,0,0.0
LN-11446,CUST-0878,PRD-AUTO,BR-112,20241219,2024-12-19,2027-12-19,43100.0,0.083,36,1356.57,Fleet Commercial Van,58381.55,BBB - Moderate Risk,Current / Performing,0,0.0
LN-11447,CUST-0390,PRD-PERS,BR-103,20230916,2023-09-16,2027-09-16,21500.0,0.12,48,566.18,Home Renovation,0.0,CCC - Elevated Risk,Charged Off / Written Off,1,16965.69
LN-11448,CUST-0027,PRD-EQUIP,BR-105,20250206,2025-02-06,2030-02-06,138700.0,0.084,60,2838.96,Industrial CNC Machine,209218.77,BBB - Moderate Risk,Current / Performing,0,0.0
LN-11449,CUST-0968,PRD-MORT,BR-110,20231004,2023-10-04,2043-10-04,847400.0,0.0575,240,5949.46,Investment Property Buy,981477.55,AAA - Low Risk,Current / Performing,0,0.0
LN-11450,CUST-0265,PRD-PERS,BR-104,20260130,2026-01-30,2030-01-30,14400.0,0.13,48,386.32,Emergency Medical Exp,0.0,BBB - Moderate Risk,Current / Performing,0,0.0
LN-11451,CUST-0221,PRD-MORT,BR-106,20250709,2025-07-09,2045-07-09,505800.0,0.0675,240,3845.92,Investment Property Buy,688680.65,CCC - Elevated Risk,Current / Performing,0,0.0
LN-11452,CUST-0437,PRD-SME,BR-103,20230216,2023-02-16,2027-02-16,213900.0,0.12,48,5632.81,New Branch Expansion,324043.61,DDD - High Default Probability,Current / Performing,0,0.0
LN-11453,CUST-0984,PRD-SME,BR-109,20260520,2026-05-20,2033-05-19,370800.0,0.12,84,6545.63,New Branch Expansion,485636.46,CCC - Elevated Risk,Current / Performing,0,0.0
LN-11454,CUST-0342,PRD-MORT,BR-102,20250822,2025-08-22,2045-08-22,423000.0,0.0675,240,3216.34,Primary Residence Purchase,551981.5,BBB - Moderate Risk,Current / Performing,0,0.0
LN-11455,CUST-0845,PRD-EQUIP,BR-103,20260401,2026-04-01,2028-03-31,46900.0,0.094,24,2151.23,Warehouse Forklift Fleet,60259.15,BBB - Moderate Risk,Delinquent (61-90 DPD),1,0.0
LN-11456,CUST-0661,PRD-EQUIP,BR-110,20231224,2023-12-24,2028-12-23,90200.0,0.114,60,1979.21,Warehouse Forklift Fleet,105330.32,DDD - High Default Probability,In Default (90+ DPD),1,0.0
LN-11457,CUST-0194,PRD-AUTO,BR-109,20260226,2026-02-26,2029-02-25,64600.0,0.103,36,2093.57,Fleet Commercial Van,101966.11,CCC - Elevated Risk,Current / Performing,0,0.0
LN-11458,CUST-0543,PRD-EDU,BR-105,20240906,2024-09-06,2034-09-06,27000.0,0.074,120,319.09,Medical Residency Program,0.0,BBB - Moderate Risk,Current / Performing,0,0.0
LN-11459,CUST-0077,PRD-SME,BR-109,20231121,2023-11-21,2030-11-20,68600.0,0.12,84,1210.98,Technology & IT Modernization,89771.69,CCC - Elevated Risk,Current / Performing,0,0.0
LN-11460,CUST-0604,PRD-AUTO,BR-101,20251110,2025-11-10,2031-11-10,43500.0,0.073,72,747.91,Certified Pre-Owned Luxury Car,66871.53,AAA - Low Risk,Current / Performing,0,0.0
LN-11461,CUST-0804,PRD-AUTO,BR-110,20260507,2026-05-07,2032-05-06,58300.0,0.073,72,1002.38,Certified Pre-Owned Luxury Car,75269.57,BBB - Moderate Risk,Current / Performing,0,0.0
LN-11462,CUST-0071,PRD-AUTO,BR-103,20260503,2026-05-03,2031-05-03,27500.0,0.073,60,548.43,Fleet Commercial Van,34700.11,AAA - Low Risk,Delinquent (31-60 DPD),0,0.0
LN-11463,CUST-0678,PRD-MORT,BR-111,20230304,2023-03-04,2043-03-04,667500.0,0.0575,240,4686.41,Investment Property Buy,858381.16,AAA - Low Risk,Current / Performing,0,0.0
LN-11464,CUST-0975,PRD-MORT,BR-109,20251020,2025-10-20,2045-10-20,204400.0,0.0575,240,1435.06,Primary Residence Purchase,299965.07,AAA - Low Risk,Delinquent (61-90 DPD),1,0.0
LN-11465,CUST-0424,PRD-AUTO,BR-103,20230607,2023-06-07,2029-06-06,45800.0,0.073,72,787.46,New EV Purchase,71617.58,CCC - Elevated Risk,Current / Performing,0,0.0
LN-11466,CUST-1000,PRD-PERS,BR-103,20240526,2024-05-26,2028-05-26,20400.0,0.13,48,547.28,Debt Consolidation,0.0,BBB - Moderate Risk,Current / Performing,0,0.0
LN-11467,CUST-0967,PRD-PERS,BR-110,20250412,2025-04-12,2026-04-12,29600.0,0.12,12,2629.92,Home Renovation,0.0,AAA - Low Risk,Fully Paid,0,0.0
LN-11468,CUST-0863,PRD-PERS,BR-106,20250209,2025-02-09,2028-02-09,13100.0,0.12,36,435.11,Emergency Medical Exp,0.0,AAA - Low Risk,Current / Performing,0,0.0
LN-11469,CUST-0265,PRD-MORT,BR-104,20251127,2025-11-27,2045-11-27,524100.0,0.0675,240,3985.07,Refinance Existing Mortgage,628509.41,BBB - Moderate Risk,Current / Performing,0,0.0
LN-11470,CUST-0756,PRD-EDU,BR-104,20250220,2025-02-20,2032-02-20,72100.0,0.094,84,1174.71,MBA Program Tuition,0.0,DDD - High Default Probability,Charged Off / Written Off,1,31805.75
LN-11471,CUST-0063,PRD-EQUIP,BR-104,20241210,2024-12-10,2026-12-10,35000.0,0.084,24,1589.35,Industrial CNC Machine,43830.46,AAA - Low Risk,Fully Paid,0,0.0
LN-11472,CUST-0302,PRD-AUTO,BR-110,20230112,2023-01-12,2029-01-11,63800.0,0.073,72,1096.94,Fleet Commercial Van,88843.92,CCC - Elevated Risk,Current / Performing,0,0.0
LN-11473,CUST-0049,PRD-PERS,BR-110,20240530,2024-05-30,2026-05-30,30700.0,0.12,24,1445.16,Debt Consolidation,0.0,CCC - Elevated Risk,Fully Paid,0,0.0
LN-11474,CUST-0257,PRD-AUTO,BR-106,20251104,2025-11-04,2030-11-04,63700.0,0.083,60,1300.77,Certified Pre-Owned Luxury Car,86342.11,BBB - Moderate Risk,Current / Performing,0,0.0
LN-11475,CUST-0266,PRD-AUTO,BR-106,20230122,2023-01-22,2026-01-21,20500.0,0.073,36,635.8,New EV Purchase,27749.08,AAA - Low Risk,Fully Paid,0,0.0
LN-11476,CUST-0047,PRD-PERS,BR-105,20260429,2026-04-29,2030-04-29,28900.0,0.13,48,775.31,Wedding & Family,0.0,BBB - Moderate Risk,Current / Performing,0,0.0
LN-11477,CUST-0015,PRD-EDU,BR-111,20260110,2026-01-10,2030-01-10,20400.0,0.094,48,511.54,MBA Program Tuition,0.0,DDD - High Default Probability,Current / Performing,0,0.0
LN-11478,CUST-0638,PRD-MORT,BR-101,20241013,2024-10-13,2044-10-13,454400.0,0.0675,240,3455.09,Refinance Existing Mortgage,676590.09,CCC - Elevated Risk,Current / Performing,0,0.0
LN-11479,CUST-0500,PRD-AUTO,BR-101,20231023,2023-10-23,2026-10-22,45900.0,0.073,36,1423.56,New EV Purchase,59523.22,BBB - Moderate Risk,Fully Paid,0,0.0
LN-11480,CUST-0100,PRD-EDU,BR-103,20240214,2024-02-14,2029-02-13,72400.0,0.074,60,1447.31,Master of Science in Data Analytics,0.0,BBB - Moderate Risk,Current / Performing,0,0.0
LN-11481,CUST-0231,PRD-EQUIP,BR-103,20241003,2024-10-03,2029-10-03,25200.0,0.114,60,552.95,Medical Imaging Scanner,35888.56,CCC - Elevated Risk,Current / Performing,0,0.0
LN-11482,CUST-0323,PRD-EQUIP,BR-108,20260209,2026-02-09,2030-02-09,33900.0,0.094,48,850.06,Warehouse Forklift Fleet,39210.11,CCC - Elevated Risk,Current / Performing,0,0.0
LN-11483,CUST-0559,PRD-PERS,BR-106,20251002,2025-10-02,2029-10-02,12600.0,0.13,48,338.03,Home Renovation,0.0,BBB - Moderate Risk,Current / Performing,0,0.0
LN-11484,CUST-0144,PRD-EDU,BR-108,20250108,2025-01-08,2029-01-08,32400.0,0.094,48,812.44,MBA Program Tuition,0.0,CCC - Elevated Risk,Current / Performing,0,0.0
LN-11485,CUST-0709,PRD-MORT,BR-105,20251222,2025-12-22,2045-12-22,257100.0,0.0875,240,2272.02,Primary Residence Purchase,337182.87,DDD - High Default Probability,Charged Off / Written Off,1,114621.05
LN-11486,CUST-0595,PRD-EDU,BR-109,20240311,2024-03-11,2028-03-11,66200.0,0.064,48,1566.88,Master of Science in Data Analytics,0.0,CCC - Elevated Risk,Current / Performing,0,0.0
LN-11487,CUST-0872,PRD-AUTO,BR-103,20260519,2026-05-19,2029-05-18,33800.0,0.103,36,1095.4,New EV Purchase,44451.58,DDD - High Default Probability,In Default (90+ DPD),1,0.0
LN-11488,CUST-0305,PRD-EDU,BR-103,20230627,2023-06-27,2027-06-27,55200.0,0.114,48,1437.42,Medical Residency Program,0.0,DDD - High Default Probability,Current / Performing,0,0.0
LN-11489,CUST-0710,PRD-EDU,BR-107,20240727,2024-07-27,2031-07-27,76700.0,0.064,84,1135.24,Medical Residency Program,0.0,AAA - Low Risk,Current / Performing,0,0.0
LN-11490,CUST-0800,PRD-AUTO,BR-103,20240506,2024-05-06,2027-05-06,21400.0,0.103,36,693.54,New EV Purchase,27317.87,DDD - High Default Probability,Current / Performing,0,0.0
LN-11491,CUST-0265,PRD-MORT,BR-104,20230219,2023-02-19,2043-02-19,359400.0,0.0675,240,2732.75,Investment Property Buy,561601.34,BBB - Moderate Risk,Current / Performing,0,0.0
LN-11492,CUST-0211,PRD-SME,BR-105,20240201,2024-02-01,2031-01-31,73200.0,0.09,84,1177.72,Inventory Stocking Q4,90809.09,CCC - Elevated Risk,Current / Performing,0,0.0
LN-11493,CUST-0004,PRD-EDU,BR-104,20251104,2025-11-04,2035-11-04,68800.0,0.074,120,813.08,MBA Program Tuition,0.0,BBB - Moderate Risk,Delinquent (31-60 DPD),0,0.0
LN-11494,CUST-0065,PRD-AUTO,BR-103,20250923,2025-09-23,2028-09-22,30600.0,0.083,36,963.13,New EV Purchase,40277.81,BBB - Moderate Risk,Current / Performing,0,0.0
LN-11495,CUST-0223,PRD-MORT,BR-103,20230326,2023-03-26,2053-03-25,240500.0,0.0675,360,1559.88,Primary Residence Purchase,305190.1,BBB - Moderate Risk,Current / Performing,0,0.0
LN-11496,CUST-0427,PRD-PERS,BR-105,20260109,2026-01-09,2030-01-09,32400.0,0.12,48,853.22,Wedding & Family,0.0,AAA - Low Risk,Current / Performing,0,0.0
LN-11497,CUST-0592,PRD-SME,BR-107,20240913,2024-09-13,2028-09-13,306100.0,0.14,48,8364.63,New Branch Expansion,451852.44,DDD - High Default Probability,Under Restructuring,1,0.0
LN-11498,CUST-0295,PRD-MORT,BR-111,20241114,2024-11-14,2044-11-14,516300.0,0.0575,240,3624.86,Investment Property Buy,616613.91,AAA - Low Risk,Current / Performing,0,0.0
LN-11499,CUST-0509,PRD-EDU,BR-101,20231122,2023-11-22,2033-11-21,25800.0,0.094,120,332.43,Master of Science in Data Analytics,0.0,DDD - High Default Probability,Current / Performing,0,0.0
LN-11500,CUST-0460,PRD-PERS,BR-104,20250412,2025-04-12,2029-04-12,7400.0,0.17,48,213.53,Wedding & Family,0.0,DDD - High Default Probability,Current / Performing,0,0.0
LN-11501,CUST-0475,PRD-AUTO,BR-111,20231005,2023-10-05,2029-10-04,38600.0,0.073,72,663.67,Certified Pre-Owned Luxury Car,45148.57,AAA - Low Risk,Current / Performing,0,0.0
LN-11502,CUST-0550,PRD-EQUIP,BR-110,20260525,2026-05-25,2031-05-25,85500.0,0.094,60,1791.48,Industrial CNC Machine,112104.88,BBB - Moderate Risk,Current / Performing,0,0.0
LN-11503,CUST-0936,PRD-PERS,BR-102,20240216,2024-02-16,2028-02-16,23900.0,0.13,48,641.18,Debt Consolidation,0.0,CCC - Elevated Risk,Current / Performing,0,0.0
LN-11504,CUST-0848,PRD-MORT,BR-102,20260414,2026-04-14,2046-04-14,249100.0,0.0675,240,1894.07,Investment Property Buy,374256.49,CCC - Elevated Risk,Current / Performing,0,0.0
LN-11505,CUST-0532,PRD-PERS,BR-102,20250330,2025-03-30,2028-03-29,23900.0,0.17,36,852.1,Wedding & Family,0.0,DDD - High Default Probability,Current / Performing,0,0.0
LN-11506,CUST-0845,PRD-AUTO,BR-103,20230426,2023-04-26,2029-04-25,53700.0,0.083,72,949.42,New EV Purchase,65569.35,BBB - Moderate Risk,Current / Performing,0,0.0
LN-11507,CUST-0219,PRD-EQUIP,BR-106,20240601,2024-06-01,2026-06-01,124100.0,0.084,24,5635.37,Warehouse Forklift Fleet,144587.21,AAA - Low Risk,Fully Paid,0,0.0
LN-11508,CUST-0937,PRD-PERS,BR-104,20230505,2023-05-05,2027-05-05,34100.0,0.17,48,983.96,Emergency Medical Exp,0.0,DDD - High Default Probability,Current / Performing,0,0.0
LN-11509,CUST-0352,PRD-PERS,BR-111,20260512,2026-05-12,2030-05-12,18800.0,0.13,48,504.36,Emergency Medical Exp,0.0,CCC - Elevated Risk,Current / Performing,0,0.0
LN-11510,CUST-0883,PRD-MORT,BR-108,20250328,2025-03-28,2045-03-28,673500.0,0.0575,240,4728.53,Primary Residence Purchase,1050411.02,AAA - Low Risk,Delinquent (61-90 DPD),1,0.0
LN-11511,CUST-0972,PRD-SME,BR-110,20240801,2024-08-01,2026-08-01,168000.0,0.1,24,7752.35,New Branch Expansion,264497.73,CCC - Elevated Risk,Fully Paid,0,0.0
LN-11512,CUST-0420,PRD-SME,BR-105,20230602,2023-06-02,2025-06-01,62900.0,0.1,24,2902.52,New Branch Expansion,88158.52,BBB - Moderate Risk,Fully Paid,0,0.0
LN-11513,CUST-0794,PRD-MORT,BR-108,20240104,2024-01-04,2044-01-04,535200.0,0.0675,240,4069.47,Primary Residence Purchase,615905.06,CCC - Elevated Risk,Current / Performing,0,0.0
LN-11514,CUST-0210,PRD-PERS,BR-112,20240717,2024-07-17,2025-07-17,25900.0,0.13,12,2313.32,Wedding & Family,0.0,BBB - Moderate Risk,Fully Paid,0,0.0
LN-11515,CUST-0939,PRD-PERS,BR-104,20241029,2024-10-29,2025-10-29,26800.0,0.13,12,2393.7,Home Renovation,0.0,BBB - Moderate Risk,Fully Paid,0,0.0
LN-11516,CUST-0787,PRD-SME,BR-109,20260207,2026-02-07,2033-02-06,283400.0,0.09,84,4559.64,New Branch Expansion,406974.07,AAA - Low Risk,Current / Performing,0,0.0
LN-11517,CUST-0731,PRD-EQUIP,BR-106,20240219,2024-02-19,2027-02-18,91200.0,0.084,36,2874.74,Warehouse Forklift Fleet,111155.94,CCC - Elevated Risk,Current / Performing,0,0.0
LN-11518,CUST-0994,PRD-EQUIP,BR-110,20240126,2024-01-26,2029-01-25,154500.0,0.084,60,3162.36,Industrial CNC Machine,204706.53,AAA - Low Risk,Current / Performing,0,0.0
LN-11519,CUST-0828,PRD-AUTO,BR-109,20260523,2026-05-23,2029-05-22,20000.0,0.083,36,629.5,Certified Pre-Owned Luxury Car,23941.94,BBB - Moderate Risk,Current / Performing,0,0.0
LN-11520,CUST-0073,PRD-EQUIP,BR-107,20250702,2025-07-02,2029-07-02,36000.0,0.094,48,902.71,Medical Imaging Scanner,44853.26,BBB - Moderate Risk,Current / Performing,0,0.0
LN-11521,CUST-0511,PRD-EDU,BR-106,20250518,2025-05-18,2030-05-18,56400.0,0.114,60,1237.55,Medical Residency Program,0.0,DDD - High Default Probability,Current / Performing,0,0.0
LN-11522,CUST-0432,PRD-AUTO,BR-112,20230715,2023-07-15,2026-07-14,31500.0,0.083,36,991.46,New EV Purchase,48799.96,BBB - Moderate Risk,Fully Paid,0,0.0
LN-11523,CUST-0794,PRD-AUTO,BR-108,20240102,2024-01-02,2030-01-01,60500.0,0.083,72,1069.65,Fleet Commercial Van,86210.07,CCC - Elevated Risk,Current / Performing,0,0.0
LN-11524,CUST-0667,PRD-PERS,BR-103,20240529,2024-05-29,2028-05-29,28900.0,0.13,48,775.31,Debt Consolidation,0.0,BBB - Moderate Risk,Current / Performing,0,0.0
LN-11525,CUST-0786,PRD-SME,BR-105,20250703,2025-07-03,2027-07-03,387500.0,0.14,24,18604.99,New Branch Expansion,594492.92,DDD - High Default Probability,Under Restructuring,1,0.0
LN-11526,CUST-0545,PRD-SME,BR-108,20250716,2025-07-16,2028-07-15,448900.0,0.12,36,14909.9,New Branch Expansion,587972.68,DDD - High Default Probability,Charged Off / Written Off,1,346955.79
LN-11527,CUST-0241,PRD-PERS,BR-111,20230104,2023-01-04,2025-01-03,3000.0,0.13,24,142.63,Home Renovation,0.0,CCC - Elevated Risk,Fully Paid,0,0.0
LN-11528,CUST-0659,PRD-SME,BR-103,20250909,2025-09-09,2030-09-09,83400.0,0.14,60,1940.57,Working Capital Expansion,108578.72,DDD - High Default Probability,Current / Performing,0,0.0
LN-11529,CUST-0885,PRD-SME,BR-105,20230720,2023-07-20,2030-07-19,430300.0,0.09,84,6923.13,Technology & IT Modernization,537503.05,CCC - Elevated Risk,Current / Performing,0,0.0
LN-11530,CUST-0593,PRD-AUTO,BR-109,20230508,2023-05-08,2029-05-07,20600.0,0.083,72,364.21,New EV Purchase,28130.36,BBB - Moderate Risk,Current / Performing,0,0.0
LN-11531,CUST-0481,PRD-SME,BR-106,20260531,2026-05-31,2033-05-30,319900.0,0.12,84,5647.11,Working Capital Expansion,453455.06,CCC - Elevated Risk,Current / Performing,0,0.0
LN-11532,CUST-0225,PRD-MORT,BR-104,20251116,2025-11-16,2045-11-16,551700.0,0.0575,240,3873.39,Refinance Existing Mortgage,811256.83,CCC - Elevated Risk,Current / Performing,0,0.0
LN-11533,CUST-0192,PRD-EQUIP,BR-110,20240424,2024-04-24,2026-04-24,160300.0,0.084,24,7279.21,Industrial CNC Machine,225453.33,AAA - Low Risk,Fully Paid,0,0.0
LN-11534,CUST-0090,PRD-MORT,BR-101,20241101,2024-11-01,2044-11-01,490000.0,0.0675,240,3725.78,Investment Property Buy,678575.13,BBB - Moderate Risk,Current / Performing,0,0.0
LN-11535,CUST-0812,PRD-PERS,BR-104,20230425,2023-04-25,2027-04-25,24400.0,0.12,48,642.55,Home Renovation,0.0,CCC - Elevated Risk,Current / Performing,0,0.0
LN-11536,CUST-0727,PRD-AUTO,BR-110,20250219,2025-02-19,2028-02-19,16300.0,0.083,36,513.04,Certified Pre-Owned Luxury Car,23103.03,CCC - Elevated Risk,Current / Performing,0,0.0
LN-11537,CUST-0887,PRD-EQUIP,BR-111,20230529,2023-05-29,2026-05-28,92300.0,0.094,36,2952.33,Medical Imaging Scanner,130921.69,BBB - Moderate Risk,Under Restructuring,1,0.0
LN-11538,CUST-0099,PRD-MORT,BR-112,20250903,2025-09-03,2045-09-03,645100.0,0.0675,240,4905.11,Investment Property Buy,822655.84,BBB - Moderate Risk,Current / Performing,0,0.0
LN-11539,CUST-0604,PRD-EQUIP,BR-101,20241022,2024-10-22,2029-10-22,52400.0,0.084,60,1072.54,Industrial CNC Machine,61049.5,AAA - Low Risk,Current / Performing,0,0.0
LN-11540,CUST-0271,PRD-EQUIP,BR-106,20230725,2023-07-25,2028-07-24,116400.0,0.084,60,2382.52,Warehouse Forklift Fleet,179108.2,BBB - Moderate Risk,Current / Performing,0,0.0
LN-11541,CUST-0498,PRD-EQUIP,BR-111,20250827,2025-08-27,2027-08-27,107400.0,0.084,24,4877.03,Medical Imaging Scanner,138296.27,CCC - Elevated Risk,Current / Performing,0,0.0
LN-11542,CUST-0664,PRD-PERS,BR-106,20250904,2025-09-04,2029-09-04,22300.0,0.12,48,587.24,Debt Consolidation,0.0,AAA - Low Risk,Current / Performing,0,0.0
LN-11543,CUST-0249,PRD-MORT,BR-110,20250805,2025-08-05,2045-08-05,783200.0,0.0675,240,5955.17,Refinance Existing Mortgage,953423.87,BBB - Moderate Risk,Current / Performing,0,0.0
LN-11544,CUST-0908,PRD-AUTO,BR-103,20250204,2025-02-04,2028-02-04,15600.0,0.073,36,483.83,Fleet Commercial Van,19758.38,CCC - Elevated Risk,Current / Performing,0,0.0
LN-11545,CUST-0452,PRD-EQUIP,BR-101,20240104,2024-01-04,2028-01-04,159400.0,0.084,48,3921.42,Medical Imaging Scanner,215718.14,AAA - Low Risk,Current / Performing,0,0.0
LN-11546,CUST-0960,PRD-EQUIP,BR-106,20230619,2023-06-19,2028-06-18,179000.0,0.094,60,3750.59,Warehouse Forklift Fleet,274252.23,BBB - Moderate Risk,Current / Performing,0,0.0
LN-11547,CUST-0872,PRD-EQUIP,BR-103,20260120,2026-01-20,2031-01-20,133000.0,0.114,60,2918.34,Warehouse Forklift Fleet,165610.91,DDD - High Default Probability,Current / Performing,0,0.0
LN-11548,CUST-0818,PRD-AUTO,BR-101,20231104,2023-11-04,2027-11-04,64200.0,0.073,48,1546.3,Fleet Commercial Van,85107.1,BBB - Moderate Risk,Current / Performing,0,0.0
LN-11549,CUST-0555,PRD-EQUIP,BR-105,20240225,2024-02-25,2029-02-24,144600.0,0.094,60,3029.81,Warehouse Forklift Fleet,210316.83,BBB - Moderate Risk,Current / Performing,0,0.0
LN-11550,CUST-0620,PRD-EDU,BR-112,20240622,2024-06-22,2031-06-22,15200.0,0.074,84,232.39,MBA Program Tuition,0.0,BBB - Moderate Risk,Current / Performing,0,0.0
LN-11551,CUST-0818,PRD-MORT,BR-101,20230428,2023-04-28,2043-04-28,474000.0,0.0575,240,3327.88,Primary Residence Purchase,680327.35,BBB - Moderate Risk,Current / Performing,0,0.0
LN-11552,CUST-0597,PRD-EQUIP,BR-111,20230104,2023-01-04,2028-01-04,162900.0,0.094,60,3413.25,Medical Imaging Scanner,255947.11,BBB - Moderate Risk,Current / Performing,0,0.0
LN-11553,CUST-0572,PRD-EQUIP,BR-103,20251101,2025-11-01,2030-11-01,65500.0,0.114,60,1437.23,Warehouse Forklift Fleet,81497.66,CCC - Elevated Risk,Current / Performing,0,0.0
LN-11554,CUST-0078,PRD-EQUIP,BR-102,20251029,2025-10-29,2027-10-29,149200.0,0.134,24,7121.3,Industrial CNC Machine,205987.7,DDD - High Default Probability,Current / Performing,0,0.0
LN-11555,CUST-0539,PRD-EQUIP,BR-112,20250825,2025-08-25,2030-08-25,96700.0,0.094,60,2026.16,Medical Imaging Scanner,115186.45,BBB - Moderate Risk,Delinquent (31-60 DPD),0,0.0
LN-11556,CUST-0770,PRD-MORT,BR-112,20240923,2024-09-23,2044-09-23,657100.0,0.0675,240,4996.35,Primary Residence Purchase,901717.63,BBB - Moderate Risk,Current / Performing,0,0.0
LN-11557,CUST-0567,PRD-EDU,BR-101,20230730,2023-07-30,2027-07-30,50200.0,0.074,48,1211.44,Master of Science in Data Analytics,0.0,BBB - Moderate Risk,Current / Performing,0,0.0
LN-11558,CUST-0460,PRD-MORT,BR-104,20231228,2023-12-28,2043-12-28,752900.0,0.1075,240,7643.66,Investment Property Buy,1166470.15,DDD - High Default Probability,Current / Performing,0,0.0
LN-11559,CUST-0161,PRD-MORT,BR-107,20240801,2024-08-01,2044-08-01,231600.0,0.1075,240,2351.27,Investment Property Buy,325892.23,DDD - High Default Probability,Current / Performing,0,0.0
LN-11560,CUST-0864,PRD-EDU,BR-101,20240711,2024-07-11,2034-07-11,75700.0,0.074,120,894.63,MBA Program Tuition,0.0,BBB - Moderate Risk,Current / Performing,0,0.0
LN-11561,CUST-0847,PRD-AUTO,BR-109,20240823,2024-08-23,2027-08-23,38900.0,0.083,36,1224.38,New EV Purchase,55898.38,CCC - Elevated Risk,Current / Performing,0,0.0
LN-11562,CUST-0895,PRD-EDU,BR-105,20230209,2023-02-09,2027-02-09,11900.0,0.074,48,287.17,Medical Residency Program,0.0,BBB - Moderate Risk,Current / Performing,0,0.0
LN-11563,CUST-0787,PRD-EQUIP,BR-109,20250128,2025-01-28,2030-01-28,104200.0,0.084,60,2132.8,Medical Imaging Scanner,153886.17,AAA - Low Risk,Current / Performing,0,0.0
LN-11564,CUST-0561,PRD-EDU,BR-112,20230115,2023-01-15,2033-01-14,62100.0,0.074,120,733.9,Medical Residency Program,0.0,CCC - Elevated Risk,Charged Off / Written Off,1,46235.73
LN-11565,CUST-0363,PRD-MORT,BR-103,20240728,2024-07-28,2044-07-28,261200.0,0.0675,240,1986.07,Refinance Existing Mortgage,376487.5,BBB - Moderate Risk,Current / Performing,0,0.0
LN-11566,CUST-0169,PRD-MORT,BR-102,20231019,2023-10-19,2043-10-19,367100.0,0.0875,240,3244.1,Investment Property Buy,583904.05,CCC - Elevated Risk,In Default (90+ DPD),1,0.0
LN-11567,CUST-0147,PRD-EQUIP,BR-109,20250818,2025-08-18,2027-08-18,131400.0,0.094,24,6027.12,Medical Imaging Scanner,206432.42,CCC - Elevated Risk,Current / Performing,0,0.0
LN-11568,CUST-0201,PRD-PERS,BR-104,20250519,2025-05-19,2029-05-19,7300.0,0.12,48,192.24,Wedding & Family,0.0,CCC - Elevated Risk,Current / Performing,0,0.0
LN-11569,CUST-0453,PRD-MORT,BR-101,20231105,2023-11-05,2043-11-05,471900.0,0.0675,240,3588.16,Refinance Existing Mortgage,605457.49,CCC - Elevated Risk,Current / Performing,0,0.0
LN-11570,CUST-0930,PRD-EDU,BR-109,20241210,2024-12-10,2029-12-10,74800.0,0.064,60,1460.05,MBA Program Tuition,0.0,AAA - Low Risk,Current / Performing,0,0.0
LN-11571,CUST-0634,PRD-EQUIP,BR-111,20230731,2023-07-31,2025-07-30,142900.0,0.084,24,6489.08,Medical Imaging Scanner,174857.51,AAA - Low Risk,Fully Paid,0,0.0
LN-11572,CUST-0475,PRD-EDU,BR-111,20241229,2024-12-29,2034-12-29,21900.0,0.064,120,247.56,Master of Science in Data Analytics,0.0,AAA - Low Risk,Delinquent (31-60 DPD),0,0.0
LN-11573,CUST-0593,PRD-AUTO,BR-109,20251119,2025-11-19,2031-11-19,21000.0,0.083,72,371.28,New EV Purchase,29073.14,BBB - Moderate Risk,Current / Performing,0,0.0
LN-11574,CUST-0578,PRD-MORT,BR-107,20260104,2026-01-04,2046-01-04,759700.0,0.0575,240,5333.73,Investment Property Buy,1144294.35,AAA - Low Risk,Current / Performing,0,0.0
LN-11575,CUST-0832,PRD-MORT,BR-112,20240409,2024-04-09,2054-04-09,785800.0,0.1075,360,7335.3,Refinance Existing Mortgage,910233.2,DDD - High Default Probability,Current / Performing,0,0.0
LN-11576,CUST-0617,PRD-PERS,BR-111,20250920,2025-09-20,2029-09-20,34100.0,0.17,48,983.96,Emergency Medical Exp,0.0,DDD - High Default Probability,Current / Performing,0,0.0
LN-11577,CUST-0649,PRD-PERS,BR-102,20250202,2025-02-02,2029-02-02,18900.0,0.15,48,526.0,Emergency Medical Exp,0.0,DDD - High Default Probability,Current / Performing,0,0.0
LN-11578,CUST-0585,PRD-EQUIP,BR-102,20230324,2023-03-24,2028-03-23,88400.0,0.094,60,1852.25,Warehouse Forklift Fleet,128839.17,CCC - Elevated Risk,Delinquent (31-60 DPD),0,0.0
LN-11579,CUST-0657,PRD-EQUIP,BR-108,20250602,2025-06-02,2027-06-02,169600.0,0.094,24,7779.3,Medical Imaging Scanner,242913.04,CCC - Elevated Risk,Current / Performing,0,0.0
LN-11580,CUST-0270,PRD-AUTO,BR-112,20240811,2024-08-11,2027-08-11,24400.0,0.083,36,767.99,Fleet Commercial Van,33347.38,BBB - Moderate Risk,Current / Performing,0,0.0
LN-11581,CUST-0235,PRD-EQUIP,BR-108,20241205,2024-12-05,2029-12-05,43800.0,0.134,60,1005.58,Warehouse Forklift Fleet,68734.6,DDD - High Default Probability,Current / Performing,0,0.0
LN-11582,CUST-0559,PRD-EQUIP,BR-106,20251206,2025-12-06,2030-12-06,59700.0,0.094,60,1250.9,Industrial CNC Machine,69873.26,BBB - Moderate Risk,Current / Performing,0,0.0
LN-11583,CUST-0770,PRD-EQUIP,BR-112,20230923,2023-09-23,2028-09-22,69100.0,0.094,60,1447.85,Warehouse Forklift Fleet,104540.91,BBB - Moderate Risk,Current / Performing,0,0.0
LN-11584,CUST-0707,PRD-MORT,BR-107,20251123,2025-11-23,2045-11-23,323500.0,0.0675,240,2459.78,Primary Residence Purchase,483115.33,BBB - Moderate Risk,Current / Performing,0,0.0
LN-11585,CUST-0423,PRD-PERS,BR-111,20260404,2026-04-04,2029-04-03,26200.0,0.13,36,882.78,Home Renovation,0.0,BBB - Moderate Risk,Delinquent (61-90 DPD),1,0.0
LN-11586,CUST-0920,PRD-AUTO,BR-111,20260402,2026-04-02,2029-04-01,33300.0,0.083,36,1048.12,Fleet Commercial Van,46310.91,CCC - Elevated Risk,In Default (90+ DPD),1,0.0
LN-11587,CUST-0778,PRD-EDU,BR-106,20250720,2025-07-20,2035-07-20,10900.0,0.094,120,140.45,Medical Residency Program,0.0,CCC - Elevated Risk,Current / Performing,0,0.0
LN-11588,CUST-0523,PRD-EQUIP,BR-109,20240513,2024-05-13,2029-05-13,119500.0,0.084,60,2445.97,Industrial CNC Machine,169783.42,CCC - Elevated Risk,Delinquent (31-60 DPD),0,0.0
LN-11589,CUST-0256,PRD-EDU,BR-107,20241010,2024-10-10,2028-10-10,67900.0,0.074,48,1638.58,MBA Program Tuition,0.0,BBB - Moderate Risk,Current / Performing,0,0.0
LN-11590,CUST-0800,PRD-AUTO,BR-103,20240418,2024-04-18,2027-04-18,55900.0,0.103,36,1811.62,Certified Pre-Owned Luxury Car,76819.67,DDD - High Default Probability,Under Restructuring,1,0.0
LN-11591,CUST-0039,PRD-EDU,BR-111,20240217,2024-02-17,2034-02-16,19000.0,0.094,120,244.82,Medical Residency Program,0.0,CCC - Elevated Risk,Current / Performing,0,0.0
LN-11592,CUST-0426,PRD-AUTO,BR-105,20241110,2024-11-10,2027-11-10,50300.0,0.083,36,1583.19,Certified Pre-Owned Luxury Car,70460.2,BBB - Moderate Risk,Current / Performing,0,0.0
LN-11593,CUST-0381,PRD-SME,BR-105,20230625,2023-06-25,2030-06-24,158900.0,0.14,84,2977.79,Inventory Stocking Q4,207236.46,DDD - High Default Probability,Current / Performing,0,0.0
LN-11594,CUST-0320,PRD-EDU,BR-109,20260304,2026-03-04,2030-03-04,23300.0,0.114,48,606.74,Medical Residency Program,0.0,DDD - High Default Probability,Current / Performing,0,0.0
LN-11595,CUST-0983,PRD-EDU,BR-101,20260211,2026-02-11,2036-02-11,73900.0,0.064,120,835.36,MBA Program Tuition,0.0,BBB - Moderate Risk,Current / Performing,0,0.0
LN-11596,CUST-0641,PRD-AUTO,BR-107,20250614,2025-06-14,2031-06-14,61900.0,0.103,72,1156.14,Fleet Commercial Van,91551.21,CCC - Elevated Risk,Current / Performing,0,0.0
LN-11597,CUST-0082,PRD-AUTO,BR-108,20230919,2023-09-19,2028-09-18,16600.0,0.083,60,338.98,Fleet Commercial Van,22607.99,BBB - Moderate Risk,Current / Performing,0,0.0
LN-11598,CUST-0683,PRD-SME,BR-102,20230107,2023-01-07,2030-01-06,207700.0,0.09,84,3341.7,Technology & IT Modernization,331453.79,AAA - Low Risk,Current / Performing,0,0.0
LN-11599,CUST-0069,PRD-EQUIP,BR-107,20241203,2024-12-03,2028-12-03,177400.0,0.084,48,4364.24,Warehouse Forklift Fleet,234222.97,AAA - Low Risk,Current / Performing,0,0.0
LN-11600,CUST-0463,PRD-PERS,BR-106,20250727,2025-07-27,2029-07-27,30100.0,0.17,48,868.54,Emergency Medical Exp,0.0,DDD - High Default Probability,In Default (90+ DPD),1,0.0
LN-11601,CUST-0318,PRD-EDU,BR-101,20260420,2026-04-20,2036-04-19,51200.0,0.064,120,578.76,MBA Program Tuition,0.0,AAA - Low Risk,Current / Performing,0,0.0
LN-11602,CUST-0540,PRD-SME,BR-102,20240616,2024-06-16,2031-06-16,92100.0,0.09,84,1481.8,New Branch Expansion,110927.35,AAA - Low Risk,Current / Performing,0,0.0
LN-11603,CUST-0087,PRD-AUTO,BR-105,20240716,2024-07-16,2030-07-16,31500.0,0.083,72,556.92,Certified Pre-Owned Luxury Car,44824.39,CCC - Elevated Risk,Delinquent (31-60 DPD),0,0.0
LN-11604,CUST-0203,PRD-SME,BR-110,20230531,2023-05-31,2030-05-30,93700.0,0.12,84,1654.06,Working Capital Expansion,119764.36,DDD - High Default Probability,Charged Off / Written Off,1,56683.28
LN-11605,CUST-0976,PRD-AUTO,BR-104,20240709,2024-07-09,2030-07-09,39000.0,0.073,72,670.54,Certified Pre-Owned Luxury Car,46246.37,AAA - Low Risk,Current / Performing,0,0.0
LN-11606,CUST-0209,PRD-EDU,BR-103,20251218,2025-12-18,2029-12-18,36400.0,0.064,48,861.55,Medical Residency Program,0.0,BBB - Moderate Risk,Current / Performing,0,0.0
LN-11607,CUST-0435,PRD-AUTO,BR-102,20260302,2026-03-02,2029-03-01,64300.0,0.103,36,2083.85,Certified Pre-Owned Luxury Car,77480.91,CCC - Elevated Risk,Current / Performing,0,0.0
LN-11608,CUST-0744,PRD-AUTO,BR-106,20250910,2025-09-10,2031-09-10,35600.0,0.083,72,629.41,New EV Purchase,50577.14,BBB - Moderate Risk,Current / Performing,0,0.0
LN-11609,CUST-0573,PRD-MORT,BR-110,20240412,2024-04-12,2044-04-12,469000.0,0.0875,240,4144.6,Investment Property Buy,667945.14,CCC - Elevated Risk,In Default (90+ DPD),1,0.0
LN-11610,CUST-0367,PRD-MORT,BR-103,20230806,2023-08-06,2043-08-06,574200.0,0.0575,240,4031.36,Investment Property Buy,821587.26,BBB - Moderate Risk,Current / Performing,0,0.0
LN-11611,CUST-0491,PRD-SME,BR-108,20230518,2023-05-18,2030-05-17,211300.0,0.09,84,3399.62,New Branch Expansion,281636.21,BBB - Moderate Risk,Current / Performing,0,0.0
LN-11612,CUST-0311,PRD-EQUIP,BR-112,20251122,2025-11-22,2030-11-22,72000.0,0.084,60,1473.72,Medical Imaging Scanner,90992.81,AAA - Low Risk,Current / Performing,0,0.0
LN-11613,CUST-0669,PRD-SME,BR-109,20250217,2025-02-17,2028-02-17,69400.0,0.09,36,2206.9,Working Capital Expansion,106288.16,CCC - Elevated Risk,Current / Performing,0,0.0
LN-11614,CUST-0649,PRD-PERS,BR-102,20250328,2025-03-28,2029-03-28,16600.0,0.15,48,461.99,Wedding & Family,0.0,DDD - High Default Probability,Current / Performing,0,0.0
LN-11615,CUST-0527,PRD-EQUIP,BR-107,20240630,2024-06-30,2027-06-30,96600.0,0.094,36,3089.87,Medical Imaging Scanner,129227.54,BBB - Moderate Risk,Current / Performing,0,0.0
LN-11616,CUST-0096,PRD-EDU,BR-102,20240702,2024-07-02,2029-07-02,65800.0,0.074,60,1315.37,MBA Program Tuition,0.0,CCC - Elevated Risk,Current / Performing,0,0.0
LN-11617,CUST-0315,PRD-MORT,BR-105,20250924,2025-09-24,2045-09-24,634400.0,0.0575,240,4454.02,Investment Property Buy,846019.16,AAA - Low Risk,Current / Performing,0,0.0
LN-11618,CUST-0422,PRD-SME,BR-105,20231222,2023-12-22,2030-12-21,154100.0,0.09,84,2479.33,Working Capital Expansion,182493.97,AAA - Low Risk,Current / Performing,0,0.0
LN-11619,CUST-0645,PRD-EQUIP,BR-112,20250530,2025-05-30,2028-05-29,153600.0,0.084,36,4841.66,Medical Imaging Scanner,222836.44,AAA - Low Risk,Current / Performing,0,0.0
LN-11620,CUST-0475,PRD-EQUIP,BR-111,20240713,2024-07-13,2026-07-13,103000.0,0.084,24,4677.22,Medical Imaging Scanner,133156.48,AAA - Low Risk,Fully Paid,0,0.0
LN-11621,CUST-0643,PRD-EQUIP,BR-109,20250601,2025-06-01,2027-06-01,39800.0,0.084,24,1807.32,Medical Imaging Scanner,52016.62,CCC - Elevated Risk,Current / Performing,0,0.0
LN-11622,CUST-0561,PRD-MORT,BR-112,20241018,2024-10-18,2044-10-18,637300.0,0.0675,240,4845.8,Primary Residence Purchase,900508.51,CCC - Elevated Risk,Delinquent (31-60 DPD),0,0.0
LN-11623,CUST-0778,PRD-PERS,BR-106,20240304,2024-03-04,2027-03-04,26900.0,0.15,36,932.5,Home Renovation,0.0,CCC - Elevated Risk,Current / Performing,0,0.0
LN-11624,CUST-0751,PRD-SME,BR-101,20260123,2026-01-23,2030-01-23,383700.0,0.14,48,10485.17,Inventory Stocking Q4,543869.53,DDD - High Default Probability,Current / Performing,0,0.0
LN-11625,CUST-0016,PRD-EQUIP,BR-107,20260304,2026-03-04,2031-03-04,99800.0,0.094,60,2091.11,Medical Imaging Scanner,153799.69,BBB - Moderate Risk,Current / Performing,0,0.0
LN-11626,CUST-0709,PRD-EQUIP,BR-105,20230206,2023-02-06,2028-02-06,141800.0,0.114,60,3111.44,Warehouse Forklift Fleet,218527.69,DDD - High Default Probability,Charged Off / Written Off,1,100041.55
LN-11627,CUST-0366,PRD-EDU,BR-110,20250714,2025-07-14,2032-07-13,13700.0,0.064,84,202.77,Medical Residency Program,0.0,CCC - Elevated Risk,Current / Performing,0,0.0
LN-11628,CUST-0648,PRD-SME,BR-109,20240615,2024-06-15,2031-06-15,150600.0,0.1,84,2500.14,New Branch Expansion,186076.01,BBB - Moderate Risk,Current / Performing,0,0.0
LN-11629,CUST-0070,PRD-AUTO,BR-109,20230429,2023-04-29,2027-04-29,52900.0,0.103,48,1349.31,Certified Pre-Owned Luxury Car,82492.37,CCC - Elevated Risk,Delinquent (61-90 DPD),1,0.0
LN-11630,CUST-0501,PRD-EQUIP,BR-108,20260319,2026-03-19,2030-03-19,78700.0,0.094,48,1973.43,Warehouse Forklift Fleet,102604.59,BBB - Moderate Risk,Delinquent (61-90 DPD),1,0.0
LN-11631,CUST-0093,PRD-PERS,BR-110,20231121,2023-11-21,2024-11-20,4900.0,0.13,12,437.65,Wedding & Family,0.0,BBB - Moderate Risk,Fully Paid,0,0.0
LN-11632,CUST-0218,PRD-AUTO,BR-112,20240907,2024-09-07,2030-09-07,56800.0,0.083,72,1004.23,Certified Pre-Owned Luxury Car,90509.18,BBB - Moderate Risk,Current / Performing,0,0.0
LN-11633,CUST-0165,PRD-EDU,BR-109,20230222,2023-02-22,2033-02-21,56200.0,0.074,120,664.17,MBA Program Tuition,0.0,BBB - Moderate Risk,Delinquent (31-60 DPD),0,0.0
LN-11634,CUST-0466,PRD-PERS,BR-102,20250710,2025-07-10,2026-07-10,31400.0,0.12,12,2789.85,Home Renovation,0.0,AAA - Low Risk,Fully Paid,0,0.0
LN-11635,CUST-0634,PRD-EDU,BR-111,20240321,2024-03-21,2034-03-21,47000.0,0.064,120,531.29,Medical Residency Program,0.0,AAA - Low Risk,Current / Performing,0,0.0
LN-11636,CUST-0034,PRD-MORT,BR-111,20230218,2023-02-18,2043-02-18,455200.0,0.1075,240,4621.32,Refinance Existing Mortgage,595074.43,DDD - High Default Probability,Charged Off / Written Off,1,223523.35
LN-11637,CUST-0350,PRD-MORT,BR-105,20230802,2023-08-02,2043-08-02,755000.0,0.1075,240,7664.98,Primary Residence Purchase,1146911.27,DDD - High Default Probability,Current / Performing,0,0.0
LN-11638,CUST-0941,PRD-PERS,BR-102,20260207,2026-02-07,2027-02-07,20100.0,0.12,12,1785.86,Wedding & Family,0.0,BBB - Moderate Risk,Current / Performing,0,0.0
LN-11639,CUST-0110,PRD-EQUIP,BR-105,20250408,2025-04-08,2030-04-08,41400.0,0.084,60,847.39,Medical Imaging Scanner,57498.83,AAA - Low Risk,Delinquent (61-90 DPD),1,0.0
LN-11640,CUST-0784,PRD-MORT,BR-110,20250319,2025-03-19,2055-03-19,466800.0,0.0575,360,2724.12,Investment Property Buy,627806.23,BBB - Moderate Risk,Current / Performing,0,0.0
LN-11641,CUST-0471,PRD-SME,BR-105,20250216,2025-02-16,2032-02-16,283200.0,0.09,84,4556.43,New Branch Expansion,417111.74,AAA - Low Risk,Current / Performing,0,0.0
LN-11642,CUST-0018,PRD-EDU,BR-102,20241223,2024-12-23,2028-12-23,57500.0,0.094,48,1441.84,Medical Residency Program,0.0,DDD - High Default Probability,Current / Performing,0,0.0
LN-11643,CUST-0078,PRD-EQUIP,BR-102,20230707,2023-07-07,2028-07-06,124000.0,0.134,60,2846.84,Medical Imaging Scanner,176562.19,DDD - High Default Probability,Current / Performing,0,0.0
LN-11644,CUST-0445,PRD-AUTO,BR-103,20260126,2026-01-26,2032-01-26,19400.0,0.073,72,333.55,Fleet Commercial Van,28382.51,BBB - Moderate Risk,Current / Performing,0,0.0
LN-11645,CUST-0256,PRD-PERS,BR-107,20250610,2025-06-10,2029-06-10,5000.0,0.13,48,134.14,Wedding & Family,0.0,BBB - Moderate Risk,Current / Performing,0,0.0
LN-11646,CUST-0022,PRD-EDU,BR-110,20250413,2025-04-13,2030-04-13,45000.0,0.094,60,942.89,Master of Science in Data Analytics,0.0,CCC - Elevated Risk,Current / Performing,0,0.0
LN-11647,CUST-0570,PRD-PERS,BR-111,20241214,2024-12-14,2028-12-14,19800.0,0.13,48,531.18,Home Renovation,0.0,BBB - Moderate Risk,Current / Performing,0,0.0
LN-11648,CUST-0263,PRD-MORT,BR-107,20250624,2025-06-24,2045-06-24,369800.0,0.1075,240,3754.32,Refinance Existing Mortgage,496048.43,DDD - High Default Probability,Current / Performing,0,0.0
LN-11649,CUST-0148,PRD-EQUIP,BR-110,20260207,2026-02-07,2031-02-07,75800.0,0.114,60,1663.24,Medical Imaging Scanner,102665.42,CCC - Elevated Risk,Current / Performing,0,0.0
LN-11650,CUST-0683,PRD-AUTO,BR-102,20230901,2023-09-01,2026-08-31,37800.0,0.073,36,1172.35,New EV Purchase,51896.78,AAA - Low Risk,Fully Paid,0,0.0
LN-11651,CUST-0894,PRD-MORT,BR-105,20240123,2024-01-23,2044-01-23,724500.0,0.0575,240,5086.6,Refinance Existing Mortgage,868347.81,AAA - Low Risk,Current / Performing,0,0.0
LN-11652,CUST-0697,PRD-MORT,BR-109,20231213,2023-12-13,2053-12-12,732600.0,0.0575,360,4275.25,Primary Residence Purchase,1152595.56,BBB - Moderate Risk,Current / Performing,0,0.0
LN-11653,CUST-0347,PRD-AUTO,BR-112,20260517,2026-05-17,2029-05-16,56700.0,0.123,36,1891.39,New EV Purchase,82584.51,DDD - High Default Probability,Current / Performing,0,0.0
LN-11654,CUST-0046,PRD-SME,BR-108,20240619,2024-06-19,2026-06-19,292000.0,0.14,24,14019.76,New Branch Expansion,378609.18,DDD - High Default Probability,Fully Paid,0,0.0
LN-11655,CUST-0900,PRD-SME,BR-102,20241017,2024-10-17,2031-10-17,121400.0,0.09,84,1953.21,New Branch Expansion,141999.96,AAA - Low Risk,Current / Performing,0,0.0
LN-11656,CUST-0996,PRD-SME,BR-104,20251208,2025-12-08,2032-12-07,301900.0,0.1,84,5011.9,Inventory Stocking Q4,354129.38,CCC - Elevated Risk,Current / Performing,0,0.0
LN-11657,CUST-0376,PRD-PERS,BR-102,20230522,2023-05-22,2027-05-22,30200.0,0.13,48,810.19,Debt Consolidation,0.0,BBB - Moderate Risk,Delinquent (61-90 DPD),1,0.0
LN-11658,CUST-0419,PRD-AUTO,BR-103,20241111,2024-11-11,2030-11-11,53400.0,0.103,72,997.38,New EV Purchase,68771.62,CCC - Elevated Risk,Delinquent (31-60 DPD),0,0.0
LN-11659,CUST-0963,PRD-AUTO,BR-104,20250106,2025-01-06,2031-01-06,57500.0,0.123,72,1133.13,Fleet Commercial Van,75140.83,DDD - High Default Probability,Current / Performing,0,0.0
LN-11660,CUST-0375,PRD-AUTO,BR-110,20230207,2023-02-07,2026-02-06,44400.0,0.103,36,1438.92,New EV Purchase,56492.04,CCC - Elevated Risk,Fully Paid,0,0.0
LN-11661,CUST-0800,PRD-EDU,BR-103,20230716,2023-07-16,2028-07-15,33000.0,0.094,60,691.45,MBA Program Tuition,0.0,DDD - High Default Probability,Current / Performing,0,0.0
LN-11662,CUST-0591,PRD-AUTO,BR-105,20250511,2025-05-11,2028-05-10,42600.0,0.103,36,1380.59,Fleet Commercial Van,67587.93,CCC - Elevated Risk,Current / Performing,0,0.0
LN-11663,CUST-0988,PRD-EQUIP,BR-112,20241021,2024-10-21,2029-10-21,74800.0,0.114,60,1641.29,Industrial CNC Machine,108154.68,CCC - Elevated Risk,Current / Performing,0,0.0
LN-11664,CUST-0576,PRD-MORT,BR-111,20230919,2023-09-19,2043-09-19,447100.0,0.0575,240,3139.02,Primary Residence Purchase,569131.18,CCC - Elevated Risk,Current / Performing,0,0.0
LN-11665,CUST-0800,PRD-SME,BR-103,20230414,2023-04-14,2030-04-13,373500.0,0.12,84,6593.3,New Branch Expansion,545344.8,DDD - High Default Probability,Current / Performing,0,0.0
LN-11666,CUST-0804,PRD-EQUIP,BR-110,20230427,2023-04-27,2025-04-26,136000.0,0.084,24,6175.75,Warehouse Forklift Fleet,171690.57,BBB - Moderate Risk,Fully Paid,0,0.0
LN-11667,CUST-0353,PRD-SME,BR-110,20240525,2024-05-25,2028-05-25,443600.0,0.1,48,11250.84,New Branch Expansion,708293.96,BBB - Moderate Risk,Current / Performing,0,0.0
LN-11668,CUST-0980,PRD-SME,BR-104,20250226,2025-02-26,2030-02-26,444300.0,0.09,60,9222.94,New Branch Expansion,615939.52,AAA - Low Risk,Current / Performing,0,0.0
LN-11669,CUST-0600,PRD-PERS,BR-110,20251107,2025-11-07,2029-11-07,12200.0,0.12,48,321.27,Debt Consolidation,0.0,AAA - Low Risk,Current / Performing,0,0.0
LN-11670,CUST-0404,PRD-EQUIP,BR-107,20230905,2023-09-05,2027-09-05,107900.0,0.084,48,2654.46,Warehouse Forklift Fleet,165624.05,AAA - Low Risk,Current / Performing,0,0.0
LN-11671,CUST-0912,PRD-SME,BR-107,20230628,2023-06-28,2025-06-27,257900.0,0.09,24,11782.1,Working Capital Expansion,379428.35,AAA - Low Risk,Fully Paid,0,0.0
LN-11672,CUST-0265,PRD-AUTO,BR-104,20250501,2025-05-01,2030-05-01,38500.0,0.083,60,786.18,Fleet Commercial Van,47835.18,BBB - Moderate Risk,Current / Performing,0,0.0
LN-11673,CUST-0991,PRD-EQUIP,BR-109,20241009,2024-10-09,2029-10-09,129500.0,0.114,60,2841.55,Medical Imaging Scanner,165994.59,DDD - High Default Probability,Under Restructuring,1,0.0
LN-11674,CUST-0021,PRD-PERS,BR-103,20241014,2024-10-14,2028-10-14,12600.0,0.13,48,338.03,Home Renovation,0.0,CCC - Elevated Risk,Delinquent (61-90 DPD),1,0.0
LN-11675,CUST-0529,PRD-MORT,BR-107,20240410,2024-04-10,2044-04-10,522400.0,0.0575,240,3667.68,Primary Residence Purchase,706786.2,BBB - Moderate Risk,Current / Performing,0,0.0
LN-11676,CUST-0529,PRD-MORT,BR-107,20240106,2024-01-06,2044-01-06,425900.0,0.0575,240,2990.17,Refinance Existing Mortgage,504649.91,BBB - Moderate Risk,Current / Performing,0,0.0
LN-11677,CUST-0103,PRD-SME,BR-107,20240609,2024-06-09,2026-06-09,101900.0,0.1,24,4702.17,Working Capital Expansion,119224.25,BBB - Moderate Risk,Fully Paid,0,0.0
LN-11678,CUST-0376,PRD-SME,BR-102,20240722,2024-07-22,2026-07-22,334100.0,0.1,24,15417.02,Inventory Stocking Q4,473282.14,BBB - Moderate Risk,Fully Paid,0,0.0
LN-11679,CUST-0666,PRD-AUTO,BR-101,20250219,2025-02-19,2031-02-19,33300.0,0.123,72,656.23,Certified Pre-Owned Luxury Car,49237.37,DDD - High Default Probability,Current / Performing,0,0.0
LN-11680,CUST-0742,PRD-PERS,BR-103,20240430,2024-04-30,2025-04-30,27400.0,0.13,12,2447.29,Debt Consolidation,0.0,BBB - Moderate Risk,Fully Paid,0,0.0
LN-11681,CUST-0429,PRD-EDU,BR-102,20240406,2024-04-06,2028-04-06,33400.0,0.064,48,790.54,MBA Program Tuition,0.0,BBB - Moderate Risk,Current / Performing,0,0.0
LN-11682,CUST-0734,PRD-PERS,BR-112,20250927,2025-09-27,2029-09-27,29400.0,0.12,48,774.21,Home Renovation,0.0,AAA - Low Risk,Current / Performing,0,0.0
LN-11683,CUST-0342,PRD-SME,BR-102,20250313,2025-03-13,2032-03-12,362700.0,0.1,84,6021.25,Working Capital Expansion,522464.49,BBB - Moderate Risk,Delinquent (31-60 DPD),0,0.0
LN-11684,CUST-0108,PRD-MORT,BR-103,20250529,2025-05-29,2045-05-29,744800.0,0.0575,240,5229.12,Primary Residence Purchase,1104199.29,AAA - Low Risk,Current / Performing,0,0.0
LN-11685,CUST-0162,PRD-EDU,BR-103,20250422,2025-04-22,2029-04-22,28900.0,0.074,48,697.42,Medical Residency Program,0.0,BBB - Moderate Risk,Current / Performing,0,0.0
LN-11686,CUST-0133,PRD-SME,BR-106,20251214,2025-12-14,2028-12-13,267800.0,0.09,36,8515.97,Inventory Stocking Q4,339875.89,AAA - Low Risk,Current / Performing,0,0.0
LN-11687,CUST-0916,PRD-EQUIP,BR-103,20251129,2025-11-29,2030-11-29,88200.0,0.084,60,1805.31,Warehouse Forklift Fleet,133175.88,CCC - Elevated Risk,Delinquent (31-60 DPD),0,0.0
LN-11688,CUST-0612,PRD-MORT,BR-106,20250314,2025-03-14,2045-03-14,782500.0,0.0675,240,5949.85,Primary Residence Purchase,1032526.74,BBB - Moderate Risk,Delinquent (31-60 DPD),0,0.0
LN-11689,CUST-0613,PRD-EQUIP,BR-112,20260121,2026-01-21,2031-01-21,134700.0,0.114,60,2955.65,Warehouse Forklift Fleet,166754.17,DDD - High Default Probability,Current / Performing,0,0.0
LN-11690,CUST-0513,PRD-PERS,BR-108,20231228,2023-12-28,2026-12-27,10000.0,0.12,36,332.14,Debt Consolidation,0.0,AAA - Low Risk,Fully Paid,0,0.0
LN-11691,CUST-0165,PRD-AUTO,BR-109,20260423,2026-04-23,2029-04-22,27600.0,0.083,36,868.71,Certified Pre-Owned Luxury Car,36557.35,BBB - Moderate Risk,Current / Performing,0,0.0
LN-11692,CUST-0471,PRD-PERS,BR-105,20230820,2023-08-20,2027-08-20,32500.0,0.12,48,855.85,Emergency Medical Exp,0.0,AAA - Low Risk,Current / Performing,0,0.0
LN-11693,CUST-0781,PRD-MORT,BR-105,20260401,2026-04-01,2046-04-01,421200.0,0.0575,240,2957.18,Refinance Existing Mortgage,552881.36,AAA - Low Risk,Current / Performing,0,0.0
LN-11694,CUST-0833,PRD-PERS,BR-111,20251027,2025-10-27,2029-10-27,15600.0,0.13,48,418.51,Wedding & Family,0.0,CCC - Elevated Risk,Current / Performing,0,0.0
LN-11695,CUST-0859,PRD-AUTO,BR-105,20250727,2025-07-27,2028-07-26,52300.0,0.083,36,1646.14,Certified Pre-Owned Luxury Car,79414.55,BBB - Moderate Risk,Current / Performing,0,0.0
LN-11696,CUST-0074,PRD-AUTO,BR-105,20250515,2025-05-15,2031-05-15,37300.0,0.103,72,696.67,Fleet Commercial Van,51411.71,CCC - Elevated Risk,Delinquent (31-60 DPD),0,0.0
LN-11697,CUST-0733,PRD-AUTO,BR-101,20230218,2023-02-18,2029-02-17,31000.0,0.083,72,548.08,Fleet Commercial Van,45868.42,CCC - Elevated Risk,Current / Performing,0,0.0
LN-11698,CUST-0195,PRD-MORT,BR-108,20230330,2023-03-30,2043-03-30,417800.0,0.0675,240,3176.8,Refinance Existing Mortgage,580772.67,BBB - Moderate Risk,Current / Performing,0,0.0
LN-11699,CUST-0475,PRD-MORT,BR-111,20250609,2025-06-09,2045-06-09,622800.0,0.0575,240,4372.58,Investment Property Buy,823093.2,AAA - Low Risk,Current / Performing,0,0.0
LN-11700,CUST-0537,PRD-MORT,BR-103,20250131,2025-01-31,2045-01-31,593900.0,0.0675,240,4515.8,Refinance Existing Mortgage,934858.05,BBB - Moderate Risk,Current / Performing,0,0.0
LN-11701,CUST-0750,PRD-PERS,BR-111,20260313,2026-03-13,2029-03-12,35000.0,0.13,36,1179.29,Emergency Medical Exp,0.0,CCC - Elevated Risk,Current / Performing,0,0.0
LN-11702,CUST-0805,PRD-MORT,BR-101,20240320,2024-03-20,2044-03-20,436900.0,0.0675,240,3322.03,Investment Property Buy,603404.25,BBB - Moderate Risk,Current / Performing,0,0.0
LN-11703,CUST-0273,PRD-EQUIP,BR-110,20230927,2023-09-27,2028-09-26,98500.0,0.094,60,2063.87,Medical Imaging Scanner,120193.32,CCC - Elevated Risk,Current / Performing,0,0.0
LN-11704,CUST-0037,PRD-SME,BR-112,20230804,2023-08-04,2030-08-03,435400.0,0.1,84,7228.16,Working Capital Expansion,624499.37,BBB - Moderate Risk,Current / Performing,0,0.0
LN-11705,CUST-0314,PRD-PERS,BR-102,20231229,2023-12-29,2027-12-29,32600.0,0.13,48,874.58,Wedding & Family,0.0,BBB - Moderate Risk,Current / Performing,0,0.0
LN-11706,CUST-0801,PRD-MORT,BR-109,20260424,2026-04-24,2046-04-24,813500.0,0.0675,240,6185.56,Investment Property Buy,1242051.07,BBB - Moderate Risk,Current / Performing,0,0.0
LN-11707,CUST-0529,PRD-EDU,BR-107,20250705,2025-07-05,2030-07-05,61300.0,0.064,60,1196.54,MBA Program Tuition,0.0,BBB - Moderate Risk,Current / Performing,0,0.0
LN-11708,CUST-0444,PRD-EQUIP,BR-111,20260504,2026-05-04,2031-05-04,155200.0,0.134,60,3563.14,Warehouse Forklift Fleet,216801.54,DDD - High Default Probability,Current / Performing,0,0.0
LN-11709,CUST-0633,PRD-EDU,BR-108,20240423,2024-04-23,2034-04-23,41900.0,0.074,120,495.18,Medical Residency Program,0.0,CCC - Elevated Risk,Charged Off / Written Off,1,16817.41
LN-11710,CUST-0781,PRD-MORT,BR-105,20241228,2024-12-28,2044-12-28,574600.0,0.0575,240,4034.17,Primary Residence Purchase,806087.45,AAA - Low Risk,Current / Performing,0,0.0
LN-11711,CUST-0863,PRD-SME,BR-106,20230429,2023-04-29,2030-04-28,416500.0,0.09,84,6701.1,New Branch Expansion,657235.89,AAA - Low Risk,Current / Performing,0,0.0
LN-11712,CUST-0422,PRD-MORT,BR-105,20251218,2025-12-18,2045-12-18,348500.0,0.0575,240,2446.76,Primary Residence Purchase,435048.16,AAA - Low Risk,Current / Performing,0,0.0
LN-11713,CUST-0050,PRD-EQUIP,BR-111,20260531,2026-05-31,2028-05-30,110000.0,0.094,24,5045.53,Industrial CNC Machine,147096.43,BBB - Moderate Risk,Current / Performing,0,0.0
LN-11714,CUST-0794,PRD-MORT,BR-108,20230917,2023-09-17,2043-09-17,337300.0,0.0675,240,2564.71,Primary Residence Purchase,447461.22,CCC - Elevated Risk,Current / Performing,0,0.0
LN-11715,CUST-0423,PRD-SME,BR-111,20251204,2025-12-04,2030-12-04,294000.0,0.1,60,6246.63,Inventory Stocking Q4,355819.23,BBB - Moderate Risk,Current / Performing,0,0.0
LN-11716,CUST-0348,PRD-EQUIP,BR-101,20240212,2024-02-12,2026-02-11,76500.0,0.094,24,3508.94,Warehouse Forklift Fleet,100175.76,BBB - Moderate Risk,Fully Paid,0,0.0
LN-11717,CUST-0440,PRD-SME,BR-111,20250107,2025-01-07,2032-01-07,238800.0,0.1,84,3964.36,Technology & IT Modernization,366329.08,BBB - Moderate Risk,Current / Performing,0,0.0
LN-11718,CUST-0781,PRD-EQUIP,BR-105,20230222,2023-02-22,2027-02-22,101300.0,0.084,48,2492.09,Industrial CNC Machine,155527.02,AAA - Low Risk,Current / Performing,0,0.0
LN-11719,CUST-0533,PRD-EDU,BR-101,20241225,2024-12-25,2028-12-25,72100.0,0.064,48,1706.52,MBA Program Tuition,0.0,AAA - Low Risk,Current / Performing,0,0.0
LN-11720,CUST-0145,PRD-AUTO,BR-110,20231212,2023-12-12,2029-12-11,49500.0,0.073,72,851.07,Certified Pre-Owned Luxury Car,59870.5,AAA - Low Risk,Current / Performing,0,0.0
LN-11721,CUST-0925,PRD-MORT,BR-102,20251222,2025-12-22,2045-12-22,449000.0,0.0575,240,3152.35,Investment Property Buy,679667.31,BBB - Moderate Risk,Current / Performing,0,0.0
LN-11722,CUST-0421,PRD-MORT,BR-108,20240914,2024-09-14,2044-09-14,365800.0,0.0575,240,2568.22,Investment Property Buy,538547.35,CCC - Elevated Risk,Current / Performing,0,0.0
LN-11723,CUST-0222,PRD-MORT,BR-106,20251218,2025-12-18,2045-12-18,625100.0,0.0675,240,4753.04,Primary Residence Purchase,918719.6,BBB - Moderate Risk,In Default (90+ DPD),1,0.0
LN-11724,CUST-0081,PRD-PERS,BR-107,20230523,2023-05-23,2026-05-22,6600.0,0.13,36,222.38,Wedding & Family,0.0,BBB - Moderate Risk,Fully Paid,0,0.0
LN-11725,CUST-0318,PRD-AUTO,BR-101,20250126,2025-01-26,2031-01-26,33000.0,0.073,72,567.38,New EV Purchase,49168.59,AAA - Low Risk,Current / Performing,0,0.0
LN-11726,CUST-0765,PRD-PERS,BR-108,20250211,2025-02-11,2029-02-11,22300.0,0.17,48,643.47,Debt Consolidation,0.0,DDD - High Default Probability,Delinquent (61-90 DPD),1,0.0
LN-11727,CUST-0207,PRD-MORT,BR-102,20250908,2025-09-08,2045-09-08,503100.0,0.0675,240,3825.39,Investment Property Buy,759207.32,BBB - Moderate Risk,Current / Performing,0,0.0
LN-11728,CUST-0829,PRD-PERS,BR-106,20230525,2023-05-25,2026-05-24,22400.0,0.13,36,754.74,Home Renovation,0.0,CCC - Elevated Risk,Fully Paid,0,0.0
LN-11729,CUST-0359,PRD-MORT,BR-101,20250726,2025-07-26,2045-07-26,344500.0,0.0575,240,2418.68,Primary Residence Purchase,403278.83,BBB - Moderate Risk,Current / Performing,0,0.0
LN-11730,CUST-0930,PRD-EQUIP,BR-109,20250224,2025-02-24,2027-02-24,126100.0,0.084,24,5726.19,Warehouse Forklift Fleet,193737.87,AAA - Low Risk,Delinquent (61-90 DPD),1,0.0
LN-11731,CUST-0282,PRD-EDU,BR-102,20231117,2023-11-17,2028-11-16,55700.0,0.064,60,1087.23,MBA Program Tuition,0.0,AAA - Low Risk,Current / Performing,0,0.0
LN-11732,CUST-0785,PRD-MORT,BR-105,20260504,2026-05-04,2046-05-04,399300.0,0.0675,240,3036.13,Investment Property Buy,470011.29,CCC - Elevated Risk,Current / Performing,0,0.0
LN-11733,CUST-0827,PRD-EDU,BR-104,20250828,2025-08-28,2035-08-28,43500.0,0.074,120,514.09,MBA Program Tuition,0.0,CCC - Elevated Risk,Current / Performing,0,0.0
LN-11734,CUST-0365,PRD-EQUIP,BR-103,20250602,2025-06-02,2030-06-02,53000.0,0.094,60,1110.51,Industrial CNC Machine,82727.12,CCC - Elevated Risk,Current / Performing,0,0.0
LN-11735,CUST-0367,PRD-PERS,BR-103,20240430,2024-04-30,2028-04-30,24000.0,0.12,48,632.01,Home Renovation,0.0,BBB - Moderate Risk,Current / Performing,0,0.0
LN-11736,CUST-0012,PRD-MORT,BR-102,20260225,2026-02-25,2046-02-25,450300.0,0.0575,240,3161.48,Investment Property Buy,694907.13,AAA - Low Risk,Current / Performing,0,0.0
LN-11737,CUST-0665,PRD-PERS,BR-107,20240405,2024-04-05,2025-04-05,7200.0,0.12,12,639.71,Wedding & Family,0.0,AAA - Low Risk,Fully Paid,0,0.0
LN-11738,CUST-0435,PRD-EDU,BR-102,20251211,2025-12-11,2035-12-11,59200.0,0.094,120,762.8,Medical Residency Program,0.0,CCC - Elevated Risk,Delinquent (31-60 DPD),0,0.0
LN-11739,CUST-0564,PRD-SME,BR-110,20240201,2024-02-01,2031-01-31,362800.0,0.09,84,5837.12,Working Capital Expansion,472953.26,BBB - Moderate Risk,Current / Performing,0,0.0
LN-11740,CUST-0928,PRD-MORT,BR-104,20260311,2026-03-11,2046-03-11,458600.0,0.0875,240,4052.7,Refinance Existing Mortgage,706340.33,CCC - Elevated Risk,Current / Performing,0,0.0
LN-11741,CUST-0185,PRD-PERS,BR-112,20250809,2025-08-09,2028-08-08,7000.0,0.15,36,242.66,Wedding & Family,0.0,CCC - Elevated Risk,Delinquent (61-90 DPD),1,0.0
LN-11742,CUST-0380,PRD-EQUIP,BR-107,20231220,2023-12-20,2027-12-20,173300.0,0.084,48,4263.37,Industrial CNC Machine,245903.16,CCC - Elevated Risk,In Default (90+ DPD),1,0.0
LN-11743,CUST-0893,PRD-MORT,BR-101,20230515,2023-05-15,2043-05-15,769300.0,0.0675,240,5849.48,Investment Property Buy,1228066.41,BBB - Moderate Risk,Delinquent (31-60 DPD),0,0.0
LN-11744,CUST-0847,PRD-MORT,BR-109,20240305,2024-03-05,2044-03-05,715700.0,0.0675,240,5441.93,Refinance Existing Mortgage,1113475.01,CCC - Elevated Risk,Current / Performing,0,0.0
LN-11745,CUST-0091,PRD-MORT,BR-103,20230725,2023-07-25,2043-07-25,419200.0,0.0675,240,3187.45,Refinance Existing Mortgage,613771.06,BBB - Moderate Risk,Current / Performing,0,0.0
LN-11746,CUST-0546,PRD-EQUIP,BR-103,20230915,2023-09-15,2028-09-14,110500.0,0.084,60,2261.75,Industrial CNC Machine,129119.33,AAA - Low Risk,Current / Performing,0,0.0
LN-11747,CUST-0648,PRD-PERS,BR-109,20240930,2024-09-30,2028-09-30,31700.0,0.13,48,850.43,Debt Consolidation,0.0,BBB - Moderate Risk,Current / Performing,0,0.0
LN-11748,CUST-0631,PRD-EDU,BR-112,20231015,2023-10-15,2027-10-15,16300.0,0.094,48,408.73,Master of Science in Data Analytics,0.0,CCC - Elevated Risk,Current / Performing,0,0.0
LN-11749,CUST-0097,PRD-AUTO,BR-107,20230207,2023-02-07,2027-02-07,40600.0,0.083,48,996.89,Fleet Commercial Van,57506.67,CCC - Elevated Risk,Current / Performing,0,0.0
LN-11750,CUST-0437,PRD-MORT,BR-103,20250609,2025-06-09,2055-06-09,842000.0,0.0875,360,6624.02,Primary Residence Purchase,1242285.87,DDD - High Default Probability,Current / Performing,0,0.0
LN-11751,CUST-0840,PRD-PERS,BR-101,20240308,2024-03-08,2028-03-08,16300.0,0.13,48,437.29,Emergency Medical Exp,0.0,BBB - Moderate Risk,Current / Performing,0,0.0
LN-11752,CUST-0992,PRD-MORT,BR-111,20260506,2026-05-06,2046-05-06,747600.0,0.0675,240,5684.48,Investment Property Buy,1128648.95,BBB - Moderate Risk,Current / Performing,0,0.0
LN-11753,CUST-0650,PRD-AUTO,BR-105,20250325,2025-03-25,2028-03-24,60100.0,0.083,36,1891.64,New EV Purchase,93181.09,CCC - Elevated Risk,Current / Performing,0,0.0
LN-11754,CUST-0201,PRD-EQUIP,BR-104,20240630,2024-06-30,2029-06-30,57200.0,0.084,60,1170.79,Industrial CNC Machine,65856.77,CCC - Elevated Risk,Current / Performing,0,0.0
LN-11755,CUST-0575,PRD-EDU,BR-107,20260224,2026-02-24,2036-02-24,11200.0,0.114,120,156.83,MBA Program Tuition,0.0,DDD - High Default Probability,Current / Performing,0,0.0
LN-11756,CUST-0915,PRD-SME,BR-102,20240815,2024-08-15,2026-08-15,82200.0,0.1,24,3793.11,Inventory Stocking Q4,108201.69,BBB - Moderate Risk,Fully Paid,0,0.0
LN-11757,CUST-0520,PRD-PERS,BR-102,20251029,2025-10-29,2029-10-29,20000.0,0.17,48,577.1,Debt Consolidation,0.0,DDD - High Default Probability,In Default (90+ DPD),1,0.0
LN-11758,CUST-0602,PRD-AUTO,BR-108,20241030,2024-10-30,2030-10-30,56400.0,0.073,72,969.71,Certified Pre-Owned Luxury Car,77145.66,CCC - Elevated Risk,Current / Performing,0,0.0
LN-11759,CUST-0314,PRD-EDU,BR-102,20241227,2024-12-27,2028-12-27,58400.0,0.074,48,1409.32,MBA Program Tuition,0.0,BBB - Moderate Risk,Current / Performing,0,0.0
LN-11760,CUST-0865,PRD-EQUIP,BR-103,20250302,2025-03-02,2027-03-02,101600.0,0.084,24,4613.65,Industrial CNC Machine,116947.68,AAA - Low Risk,Current / Performing,0,0.0
LN-11761,CUST-0334,PRD-AUTO,BR-104,20241013,2024-10-13,2030-10-13,59200.0,0.083,72,1046.66,Fleet Commercial Van,83323.01,CCC - Elevated Risk,Current / Performing,0,0.0
LN-11762,CUST-0196,PRD-EQUIP,BR-101,20230922,2023-09-22,2025-09-21,76700.0,0.084,24,3482.94,Medical Imaging Scanner,97032.16,BBB - Moderate Risk,Fully Paid,0,0.0
LN-11763,CUST-0422,PRD-MORT,BR-105,20230927,2023-09-27,2043-09-27,452200.0,0.0575,240,3174.82,Refinance Existing Mortgage,722753.91,AAA - Low Risk,Current / Performing,0,0.0
LN-11764,CUST-0400,PRD-EQUIP,BR-106,20250809,2025-08-09,2029-08-09,53900.0,0.114,48,1403.57,Medical Imaging Scanner,79617.89,CCC - Elevated Risk,Delinquent (61-90 DPD),1,0.0
LN-11765,CUST-0205,PRD-EDU,BR-102,20260316,2026-03-16,2030-03-16,34000.0,0.074,48,820.5,Medical Residency Program,0.0,BBB - Moderate Risk,Current / Performing,0,0.0
LN-11766,CUST-0479,PRD-PERS,BR-112,20230908,2023-09-08,2024-09-07,29600.0,0.17,12,2699.66,Emergency Medical Exp,0.0,DDD - High Default Probability,Fully Paid,0,0.0
LN-11767,CUST-0999,PRD-PERS,BR-102,20231209,2023-12-09,2027-12-09,11200.0,0.15,48,311.7,Emergency Medical Exp,0.0,CCC - Elevated Risk,Current / Performing,0,0.0
LN-11768,CUST-0952,PRD-SME,BR-110,20231219,2023-12-19,2030-12-18,175700.0,0.1,84,2916.83,Working Capital Expansion,253745.43,BBB - Moderate Risk,Current / Performing,0,0.0
LN-11769,CUST-0905,PRD-AUTO,BR-106,20240728,2024-07-28,2027-07-28,26000.0,0.083,36,818.35,New EV Purchase,31252.14,CCC - Elevated Risk,Current / Performing,0,0.0
LN-11770,CUST-0913,PRD-SME,BR-106,20250829,2025-08-29,2027-08-29,427000.0,0.09,24,19507.38,Inventory Stocking Q4,573179.08,CCC - Elevated Risk,Current / Performing,0,0.0
LN-11771,CUST-0217,PRD-PERS,BR-106,20230201,2023-02-01,2027-02-01,25100.0,0.13,48,673.37,Emergency Medical Exp,0.0,CCC - Elevated Risk,Current / Performing,0,0.0
LN-11772,CUST-0972,PRD-PERS,BR-110,20240112,2024-01-12,2027-01-11,4500.0,0.13,36,151.62,Debt Consolidation,0.0,CCC - Elevated Risk,Fully Paid,0,0.0
LN-11773,CUST-0783,PRD-EDU,BR-111,20230625,2023-06-25,2028-06-24,26300.0,0.064,60,513.36,Master of Science in Data Analytics,0.0,BBB - Moderate Risk,Delinquent (61-90 DPD),1,0.0
LN-11774,CUST-0540,PRD-EQUIP,BR-102,20260402,2026-04-02,2031-04-02,164100.0,0.084,60,3358.86,Industrial CNC Machine,197406.85,AAA - Low Risk,Delinquent (31-60 DPD),0,0.0
LN-11775,CUST-0742,PRD-PERS,BR-103,20241125,2024-11-25,2028-11-25,20200.0,0.13,48,541.92,Emergency Medical Exp,0.0,BBB - Moderate Risk,Current / Performing,0,0.0
LN-11776,CUST-0999,PRD-SME,BR-102,20251218,2025-12-18,2030-12-18,302900.0,0.12,60,6737.84,Technology & IT Modernization,355025.14,CCC - Elevated Risk,Current / Performing,0,0.0
LN-11777,CUST-0805,PRD-EQUIP,BR-101,20250728,2025-07-28,2027-07-28,43500.0,0.094,24,1995.28,Medical Imaging Scanner,51513.12,BBB - Moderate Risk,Current / Performing,0,0.0
LN-11778,CUST-0249,PRD-EQUIP,BR-110,20230729,2023-07-29,2028-07-28,153600.0,0.094,60,3218.38,Medical Imaging Scanner,183866.8,BBB - Moderate Risk,Current / Performing,0,0.0
LN-11779,CUST-0737,PRD-MORT,BR-108,20250902,2025-09-02,2045-09-02,617300.0,0.0675,240,4693.73,Refinance Existing Mortgage,885153.07,BBB - Moderate Risk,Delinquent (61-90 DPD),1,0.0
LN-11780,CUST-0366,PRD-SME,BR-110,20250706,2025-07-06,2028-07-05,153300.0,0.09,36,4874.9,Technology & IT Modernization,201545.39,CCC - Elevated Risk,Delinquent (31-60 DPD),0,0.0
LN-11781,CUST-0222,PRD-SME,BR-106,20240922,2024-09-22,2027-09-22,252100.0,0.1,36,8134.56,Inventory Stocking Q4,378641.25,BBB - Moderate Risk,In Default (90+ DPD),1,0.0
LN-11782,CUST-0110,PRD-EQUIP,BR-105,20240724,2024-07-24,2029-07-24,96500.0,0.084,60,1975.2,Industrial CNC Machine,138024.82,AAA - Low Risk,Current / Performing,0,0.0
LN-11783,CUST-0746,PRD-PERS,BR-103,20230327,2023-03-27,2027-03-27,31600.0,0.15,48,879.45,Wedding & Family,0.0,CCC - Elevated Risk,Current / Performing,0,0.0
LN-11784,CUST-0035,PRD-EQUIP,BR-107,20231216,2023-12-16,2025-12-15,108400.0,0.094,24,4972.14,Warehouse Forklift Fleet,148643.9,BBB - Moderate Risk,Fully Paid,0,0.0
LN-11785,CUST-0184,PRD-EDU,BR-104,20250415,2025-04-15,2029-04-15,33600.0,0.064,48,795.27,MBA Program Tuition,0.0,AAA - Low Risk,Current / Performing,0,0.0
LN-11786,CUST-0147,PRD-EDU,BR-109,20250813,2025-08-13,2030-08-13,53300.0,0.074,60,1065.49,Medical Residency Program,0.0,CCC - Elevated Risk,Delinquent (31-60 DPD),0,0.0
LN-11787,CUST-0462,PRD-AUTO,BR-102,20251026,2025-10-26,2031-10-26,17900.0,0.083,72,316.47,New EV Purchase,21098.43,BBB - Moderate Risk,Current / Performing,0,0.0
LN-11788,CUST-0031,PRD-SME,BR-108,20240510,2024-05-10,2027-05-10,155600.0,0.1,36,5020.77,New Branch Expansion,217373.17,CCC - Elevated Risk,Current / Performing,0,0.0
LN-11789,CUST-0136,PRD-MORT,BR-108,20240901,2024-09-01,2044-09-01,250300.0,0.0575,240,1757.32,Refinance Existing Mortgage,356851.62,CCC - Elevated Risk,Current / Performing,0,0.0
LN-11790,CUST-0204,PRD-SME,BR-107,20250810,2025-08-10,2027-08-10,116800.0,0.12,24,5498.18,New Branch Expansion,158413.61,CCC - Elevated Risk,Current / Performing,0,0.0
LN-11791,CUST-0302,PRD-EDU,BR-110,20250101,2025-01-01,2029-01-01,16000.0,0.064,48,378.7,Medical Residency Program,0.0,CCC - Elevated Risk,Charged Off / Written Off,1,8705.63
LN-11792,CUST-0356,PRD-EDU,BR-110,20231217,2023-12-17,2033-12-16,22500.0,0.064,120,254.34,Medical Residency Program,0.0,BBB - Moderate Risk,Current / Performing,0,0.0
LN-11793,CUST-0502,PRD-SME,BR-109,20250205,2025-02-05,2032-02-05,114700.0,0.1,84,1904.16,Technology & IT Modernization,176439.96,BBB - Moderate Risk,Current / Performing,0,0.0
LN-11794,CUST-0484,PRD-EDU,BR-108,20240322,2024-03-22,2034-03-22,69500.0,0.064,120,785.63,Master of Science in Data Analytics,0.0,BBB - Moderate Risk,Current / Performing,0,0.0
LN-11795,CUST-0147,PRD-SME,BR-109,20250116,2025-01-16,2027-01-16,296400.0,0.1,24,13677.36,New Branch Expansion,428759.23,CCC - Elevated Risk,Charged Off / Written Off,1,235097.36
LN-11796,CUST-0484,PRD-PERS,BR-108,20250709,2025-07-09,2028-07-08,19000.0,0.12,36,631.07,Home Renovation,0.0,BBB - Moderate Risk,Current / Performing,0,0.0
LN-11797,CUST-0253,PRD-SME,BR-108,20260321,2026-03-21,2033-03-20,135700.0,0.09,84,2183.29,Technology & IT Modernization,157873.46,AAA - Low Risk,Current / Performing,0,0.0
LN-11798,CUST-0615,PRD-EDU,BR-110,20260223,2026-02-23,2030-02-23,28400.0,0.064,48,672.2,Medical Residency Program,0.0,CCC - Elevated Risk,Current / Performing,0,0.0
LN-11799,CUST-0496,PRD-AUTO,BR-111,20240115,2024-01-15,2027-01-14,20100.0,0.073,36,623.39,Certified Pre-Owned Luxury Car,32129.87,CCC - Elevated Risk,Fully Paid,0,0.0
LN-11800,CUST-0835,PRD-EQUIP,BR-101,20230521,2023-05-21,2028-05-20,25700.0,0.084,60,526.04,Warehouse Forklift Fleet,31561.41,BBB - Moderate Risk,Current / Performing,0,0.0
LN-11801,CUST-0762,PRD-PERS,BR-108,20250907,2025-09-07,2027-09-07,34200.0,0.13,24,1625.93,Debt Consolidation,0.0,CCC - Elevated Risk,Current / Performing,0,0.0
LN-11802,CUST-0223,PRD-SME,BR-103,20260403,2026-04-03,2033-04-02,186100.0,0.1,84,3089.48,Working Capital Expansion,295242.62,BBB - Moderate Risk,Current / Performing,0,0.0
LN-11803,CUST-0203,PRD-SME,BR-110,20240716,2024-07-16,2029-07-16,278800.0,0.12,60,6201.75,Technology & IT Modernization,406720.98,DDD - High Default Probability,Current / Performing,0,0.0
LN-11804,CUST-0726,PRD-PERS,BR-105,20231030,2023-10-30,2026-10-29,7600.0,0.17,36,270.96,Home Renovation,0.0,DDD - High Default Probability,Fully Paid,0,0.0
LN-11805,CUST-0455,PRD-AUTO,BR-101,20230801,2023-08-01,2029-07-31,31300.0,0.073,72,538.15,New EV Purchase,45314.14,AAA - Low Risk,Current / Performing,0,0.0
LN-11806,CUST-0437,PRD-EQUIP,BR-103,20240218,2024-02-18,2029-02-17,179400.0,0.114,60,3936.47,Industrial CNC Machine,262560.49,DDD - High Default Probability,Current / Performing,0,0.0
LN-11807,CUST-0655,PRD-EQUIP,BR-106,20251102,2025-11-02,2028-11-01,75200.0,0.114,36,2476.22,Industrial CNC Machine,102884.44,CCC - Elevated Risk,Current / Performing,0,0.0
LN-11808,CUST-0954,PRD-PERS,BR-112,20241210,2024-12-10,2028-12-10,6800.0,0.12,48,179.07,Wedding & Family,0.0,BBB - Moderate Risk,Current / Performing,0,0.0
LN-11809,CUST-0103,PRD-AUTO,BR-107,20240320,2024-03-20,2030-03-20,63300.0,0.083,72,1119.15,New EV Purchase,95203.93,BBB - Moderate Risk,Current / Performing,0,0.0
LN-11810,CUST-0081,PRD-AUTO,BR-107,20251017,2025-10-17,2030-10-17,39200.0,0.083,60,800.47,Certified Pre-Owned Luxury Car,55760.58,BBB - Moderate Risk,Current / Performing,0,0.0
LN-11811,CUST-0145,PRD-MORT,BR-110,20240712,2024-07-12,2044-07-12,560500.0,0.0575,240,3935.18,Primary Residence Purchase,799152.87,AAA - Low Risk,Current / Performing,0,0.0
LN-11812,CUST-0905,PRD-MORT,BR-106,20260529,2026-05-29,2046-05-29,614800.0,0.0675,240,4674.72,Refinance Existing Mortgage,775289.49,CCC - Elevated Risk,Delinquent (61-90 DPD),1,0.0
LN-11813,CUST-0894,PRD-SME,BR-105,20230915,2023-09-15,2030-09-14,240700.0,0.09,84,3872.64,Technology & IT Modernization,314248.87,AAA - Low Risk,Current / Performing,0,0.0
LN-11814,CUST-0165,PRD-EDU,BR-109,20251206,2025-12-06,2029-12-06,23300.0,0.074,48,562.28,Master of Science in Data Analytics,0.0,BBB - Moderate Risk,Current / Performing,0,0.0
LN-11815,CUST-0478,PRD-SME,BR-103,20240521,2024-05-21,2031-05-21,194800.0,0.09,84,3134.15,New Branch Expansion,285698.73,AAA - Low Risk,Current / Performing,0,0.0
LN-11816,CUST-0882,PRD-AUTO,BR-107,20241202,2024-12-02,2030-12-02,32400.0,0.123,72,638.49,New EV Purchase,46088.12,DDD - High Default Probability,Current / Performing,0,0.0
LN-11817,CUST-0534,PRD-PERS,BR-107,20241028,2024-10-28,2028-10-28,6900.0,0.17,48,199.1,Home Renovation,0.0,DDD - High Default Probability,Current / Performing,0,0.0
LN-11818,CUST-0399,PRD-AUTO,BR-105,20240929,2024-09-29,2027-09-29,42500.0,0.083,36,1337.69,Certified Pre-Owned Luxury Car,58334.67,BBB - Moderate Risk,Current / Performing,0,0.0
LN-11819,CUST-0834,PRD-AUTO,BR-110,20230413,2023-04-13,2029-04-12,54500.0,0.073,72,937.04,Fleet Commercial Van,84294.4,BBB - Moderate Risk,Current / Performing,0,0.0
LN-11820,CUST-0990,PRD-AUTO,BR-104,20240728,2024-07-28,2030-07-28,20100.0,0.103,72,375.42,Fleet Commercial Van,23492.68,CCC - Elevated Risk,Under Restructuring,1,0.0
LN-11821,CUST-0046,PRD-MORT,BR-108,20230711,2023-07-11,2043-07-11,486800.0,0.1075,240,4942.13,Investment Property Buy,741413.84,DDD - High Default Probability,Current / Performing,0,0.0
LN-11822,CUST-0951,PRD-EDU,BR-108,20240802,2024-08-02,2029-08-02,19500.0,0.094,60,408.58,MBA Program Tuition,0.0,CCC - Elevated Risk,Current / Performing,0,0.0
LN-11823,CUST-0055,PRD-EDU,BR-109,20231010,2023-10-10,2028-10-09,16200.0,0.114,60,355.47,Master of Science in Data Analytics,0.0,DDD - High Default Probability,In Default (90+ DPD),1,0.0
LN-11824,CUST-0580,PRD-AUTO,BR-103,20240818,2024-08-18,2027-08-18,63300.0,0.073,36,1963.21,Fleet Commercial Van,86582.62,AAA - Low Risk,Delinquent (61-90 DPD),1,0.0
LN-11825,CUST-0641,PRD-EDU,BR-107,20231123,2023-11-23,2027-11-23,66100.0,0.094,48,1657.48,Medical Residency Program,0.0,CCC - Elevated Risk,Charged Off / Written Off,1,46224.93
LN-11826,CUST-0678,PRD-MORT,BR-111,20260119,2026-01-19,2046-01-19,300300.0,0.0575,240,2108.36,Primary Residence Purchase,469453.62,AAA - Low Risk,Delinquent (31-60 DPD),0,0.0
LN-11827,CUST-0066,PRD-MORT,BR-107,20260525,2026-05-25,2046-05-25,426600.0,0.0575,240,2995.09,Refinance Existing Mortgage,623810.34,AAA - Low Risk,Current / Performing,0,0.0
LN-11828,CUST-0354,PRD-EDU,BR-112,20230604,2023-06-04,2028-06-03,32500.0,0.064,60,634.38,Medical Residency Program,0.0,CCC - Elevated Risk,Under Restructuring,1,0.0
LN-11829,CUST-0026,PRD-SME,BR-111,20250911,2025-09-11,2029-09-11,138100.0,0.12,48,3636.7,Inventory Stocking Q4,186447.42,CCC - Elevated Risk,Current / Performing,0,0.0
LN-11830,CUST-0354,PRD-EQUIP,BR-112,20241109,2024-11-09,2027-11-09,29200.0,0.084,36,920.42,Industrial CNC Machine,42516.47,CCC - Elevated Risk,Under Restructuring,1,0.0
LN-11831,CUST-0108,PRD-EQUIP,BR-103,20260130,2026-01-30,2031-01-30,27200.0,0.084,60,556.74,Industrial CNC Machine,39585.12,AAA - Low Risk,Current / Performing,0,0.0
LN-11832,CUST-0708,PRD-PERS,BR-110,20230805,2023-08-05,2024-08-04,10300.0,0.12,12,915.14,Wedding & Family,0.0,BBB - Moderate Risk,Fully Paid,0,0.0
LN-11833,CUST-0475,PRD-MORT,BR-111,20230425,2023-04-25,2043-04-25,695700.0,0.0575,240,4884.39,Refinance Existing Mortgage,1041154.03,AAA - Low Risk,Current / Performing,0,0.0
LN-11834,CUST-0102,PRD-AUTO,BR-110,20240314,2024-03-14,2029-03-14,33200.0,0.073,60,662.11,Fleet Commercial Van,43373.44,BBB - Moderate Risk,Current / Performing,0,0.0
LN-11835,CUST-0077,PRD-PERS,BR-109,20251017,2025-10-17,2029-10-17,32400.0,0.15,48,901.72,Wedding & Family,0.0,CCC - Elevated Risk,Current / Performing,0,0.0
LN-11836,CUST-0367,PRD-EQUIP,BR-103,20241024,2024-10-24,2029-10-24,100300.0,0.084,60,2052.98,Industrial CNC Machine,129858.47,BBB - Moderate Risk,Current / Performing,0,0.0
LN-11837,CUST-0864,PRD-PERS,BR-101,20250425,2025-04-25,2029-04-25,17600.0,0.13,48,472.16,Emergency Medical Exp,0.0,BBB - Moderate Risk,Current / Performing,0,0.0
LN-11838,CUST-0520,PRD-EQUIP,BR-102,20240111,2024-01-11,2029-01-10,82500.0,0.134,60,1894.06,Medical Imaging Scanner,105854.74,DDD - High Default Probability,Current / Performing,0,0.0
LN-11839,CUST-0837,PRD-EQUIP,BR-102,20240730,2024-07-30,2029-07-30,133500.0,0.094,60,2797.23,Warehouse Forklift Fleet,212342.27,BBB - Moderate Risk,Current / Performing,0,0.0
LN-11840,CUST-0971,PRD-PERS,BR-103,20240718,2024-07-18,2028-07-18,27100.0,0.12,48,713.65,Home Renovation,0.0,BBB - Moderate Risk,Current / Performing,0,0.0
LN-11841,CUST-0967,PRD-PERS,BR-110,20260513,2026-05-13,2030-05-13,7600.0,0.12,48,200.14,Wedding & Family,0.0,AAA - Low Risk,Current / Performing,0,0.0
LN-11842,CUST-0916,PRD-EDU,BR-103,20250516,2025-05-16,2029-05-16,24700.0,0.064,48,584.62,Master of Science in Data Analytics,0.0,CCC - Elevated Risk,Current / Performing,0,0.0
LN-11843,CUST-0064,PRD-MORT,BR-108,20250111,2025-01-11,2045-01-11,438600.0,0.0675,240,3334.96,Investment Property Buy,545430.5,CCC - Elevated Risk,Delinquent (61-90 DPD),1,0.0
LN-11844,CUST-0417,PRD-PERS,BR-107,20240709,2024-07-09,2025-07-09,29700.0,0.12,12,2638.81,Wedding & Family,0.0,AAA - Low Risk,Fully Paid,0,0.0
LN-11845,CUST-0876,PRD-SME,BR-108,20260401,2026-04-01,2033-03-31,312900.0,0.12,84,5523.54,Working Capital Expansion,498802.38,CCC - Elevated Risk,Current / Performing,0,0.0
LN-11846,CUST-0804,PRD-PERS,BR-110,20260419,2026-04-19,2030-04-19,20200.0,0.12,48,531.94,Home Renovation,0.0,BBB - Moderate Risk,Current / Performing,0,0.0
LN-11847,CUST-0908,PRD-MORT,BR-103,20251208,2025-12-08,2045-12-08,523300.0,0.0575,240,3674.0,Primary Residence Purchase,606372.14,CCC - Elevated Risk,Current / Performing,0,0.0
LN-11848,CUST-0268,PRD-EDU,BR-110,20240619,2024-06-19,2028-06-19,49400.0,0.094,48,1238.73,Medical Residency Program,0.0,CCC - Elevated Risk,Current / Performing,0,0.0
LN-11849,CUST-0529,PRD-MORT,BR-107,20230629,2023-06-29,2043-06-29,668600.0,0.0575,240,4694.13,Primary Residence Purchase,1008494.42,BBB - Moderate Risk,Current / Performing,0,0.0
LN-11850,CUST-0791,PRD-EDU,BR-110,20250502,2025-05-02,2029-05-02,27200.0,0.074,48,656.4,Medical Residency Program,0.0,CCC - Elevated Risk,Current / Performing,0,0.0
LN-11851,CUST-0834,PRD-EQUIP,BR-110,20240504,2024-05-04,2029-05-04,42400.0,0.084,60,867.86,Warehouse Forklift Fleet,58584.43,BBB - Moderate Risk,Current / Performing,0,0.0
LN-11852,CUST-0648,PRD-AUTO,BR-109,20251112,2025-11-12,2030-11-12,23200.0,0.083,60,473.75,Certified Pre-Owned Luxury Car,34665.17,BBB - Moderate Risk,Current / Performing,0,0.0
LN-11853,CUST-0860,PRD-PERS,BR-110,20250826,2025-08-26,2028-08-25,13600.0,0.17,36,484.88,Debt Consolidation,0.0,DDD - High Default Probability,Current / Performing,0,0.0
LN-11854,CUST-0377,PRD-PERS,BR-111,20250407,2025-04-07,2028-04-06,5600.0,0.13,36,188.69,Wedding & Family,0.0,CCC - Elevated Risk,Current / Performing,0,0.0
LN-11855,CUST-0219,PRD-SME,BR-106,20231109,2023-11-09,2026-11-08,96500.0,0.09,36,3068.67,Inventory Stocking Q4,149564.0,AAA - Low Risk,Fully Paid,0,0.0
LN-11856,CUST-0085,PRD-EDU,BR-111,20240807,2024-08-07,2034-08-07,75800.0,0.094,120,976.69,Medical Residency Program,0.0,CCC - Elevated Risk,Current / Performing,0,0.0
LN-11857,CUST-0129,PRD-EQUIP,BR-105,20230809,2023-08-09,2028-08-08,154700.0,0.114,60,3394.5,Warehouse Forklift Fleet,193981.37,DDD - High Default Probability,In Default (90+ DPD),1,0.0
LN-11858,CUST-0757,PRD-PERS,BR-104,20231124,2023-11-24,2027-11-24,7300.0,0.12,48,192.24,Wedding & Family,0.0,CCC - Elevated Risk,Current / Performing,0,0.0
LN-11859,CUST-0624,PRD-EDU,BR-107,20251019,2025-10-19,2032-10-18,28200.0,0.074,84,431.15,Master of Science in Data Analytics,0.0,CCC - Elevated Risk,Current / Performing,0,0.0
LN-11860,CUST-0209,PRD-EDU,BR-103,20240307,2024-03-07,2029-03-07,63000.0,0.064,60,1229.72,Master of Science in Data Analytics,0.0,BBB - Moderate Risk,Current / Performing,0,0.0
LN-11861,CUST-0242,PRD-AUTO,BR-108,20240425,2024-04-25,2030-04-25,48200.0,0.083,72,852.18,Fleet Commercial Van,75008.72,CCC - Elevated Risk,Current / Performing,0,0.0
LN-11862,CUST-0163,PRD-MORT,BR-105,20251216,2025-12-16,2045-12-16,720100.0,0.0675,240,5475.38,Refinance Existing Mortgage,1112956.96,BBB - Moderate Risk,Current / Performing,0,0.0
LN-11863,CUST-0509,PRD-EQUIP,BR-101,20260221,2026-02-21,2030-02-21,69200.0,0.114,48,1801.98,Medical Imaging Scanner,79644.46,DDD - High Default Probability,In Default (90+ DPD),1,0.0
LN-11864,CUST-0465,PRD-EQUIP,BR-112,20230722,2023-07-22,2028-07-21,44800.0,0.084,60,916.98,Industrial CNC Machine,56971.04,BBB - Moderate Risk,Current / Performing,0,0.0
LN-11865,CUST-0782,PRD-SME,BR-107,20240405,2024-04-05,2026-04-05,200500.0,0.1,24,9252.06,Inventory Stocking Q4,242645.07,BBB - Moderate Risk,Fully Paid,0,0.0
LN-11866,CUST-0086,PRD-AUTO,BR-106,20250119,2025-01-19,2031-01-19,46000.0,0.073,72,790.9,Fleet Commercial Van,72408.39,BBB - Moderate Risk,Current / Performing,0,0.0
LN-11867,CUST-0039,PRD-SME,BR-111,20250225,2025-02-25,2027-02-25,192300.0,0.12,24,9052.23,Inventory Stocking Q4,228522.98,CCC - Elevated Risk,Current / Performing,0,0.0
LN-11868,CUST-0478,PRD-SME,BR-103,20250309,2025-03-09,2027-03-09,96900.0,0.09,24,4426.85,Inventory Stocking Q4,121127.17,AAA - Low Risk,Current / Performing,0,0.0
LN-11869,CUST-0243,PRD-EDU,BR-102,20240707,2024-07-07,2034-07-07,78000.0,0.074,120,921.81,Master of Science in Data Analytics,0.0,BBB - Moderate Risk,Current / Performing,0,0.0
LN-11870,CUST-0486,PRD-AUTO,BR-104,20241107,2024-11-07,2027-11-07,19700.0,0.073,36,610.98,Fleet Commercial Van,28539.29,AAA - Low Risk,Current / Performing,0,0.0
LN-11871,CUST-0359,PRD-AUTO,BR-101,20231109,2023-11-09,2026-11-08,31300.0,0.073,36,970.75,Certified Pre-Owned Luxury Car,40736.94,BBB - Moderate Risk,Fully Paid,0,0.0
LN-11872,CUST-0766,PRD-PERS,BR-102,20231121,2023-11-21,2027-11-21,17100.0,0.15,48,475.91,Emergency Medical Exp,0.0,CCC - Elevated Risk,Current / Performing,0,0.0
LN-11873,CUST-0171,PRD-AUTO,BR-103,20240825,2024-08-25,2027-08-25,49600.0,0.123,36,1654.55,Certified Pre-Owned Luxury Car,70373.34,DDD - High Default Probability,Delinquent (61-90 DPD),1,0.0
LN-11874,CUST-0769,PRD-EDU,BR-102,20250921,2025-09-21,2029-09-21,14800.0,0.074,48,357.16,MBA Program Tuition,0.0,BBB - Moderate Risk,Current / Performing,0,0.0
LN-11875,CUST-0096,PRD-PERS,BR-102,20230216,2023-02-16,2027-02-16,9800.0,0.13,48,262.91,Wedding & Family,0.0,CCC - Elevated Risk,Current / Performing,0,0.0
LN-11876,CUST-0329,PRD-PERS,BR-108,20260224,2026-02-24,2030-02-24,14900.0,0.15,48,414.68,Wedding & Family,0.0,CCC - Elevated Risk,Current / Performing,0,0.0
LN-11877,CUST-0414,PRD-EDU,BR-109,20240607,2024-06-07,2034-06-07,72000.0,0.074,120,850.9,Medical Residency Program,0.0,BBB - Moderate Risk,Current / Performing,0,0.0
LN-11878,CUST-0880,PRD-SME,BR-102,20250618,2025-06-18,2032-06-17,319900.0,0.12,84,5647.11,Technology & IT Modernization,421599.29,CCC - Elevated Risk,Under Restructuring,1,0.0
LN-11879,CUST-0109,PRD-MORT,BR-111,20230118,2023-01-18,2043-01-18,673300.0,0.0875,240,5950.02,Investment Property Buy,1065567.39,CCC - Elevated Risk,Current / Performing,0,0.0
LN-11880,CUST-0647,PRD-MORT,BR-103,20230514,2023-05-14,2043-05-14,402600.0,0.1075,240,4087.31,Refinance Existing Mortgage,512556.92,DDD - High Default Probability,Current / Performing,0,0.0
LN-11881,CUST-0727,PRD-EQUIP,BR-110,20251209,2025-12-09,2030-12-09,31200.0,0.094,60,653.73,Industrial CNC Machine,42283.1,CCC - Elevated Risk,Delinquent (31-60 DPD),0,0.0
LN-11882,CUST-0995,PRD-EQUIP,BR-109,20230805,2023-08-05,2028-08-04,149300.0,0.094,60,3128.29,Industrial CNC Machine,201755.67,BBB - Moderate Risk,Current / Performing,0,0.0
LN-11883,CUST-0136,PRD-PERS,BR-108,20250326,2025-03-26,2029-03-26,26800.0,0.12,48,705.75,Debt Consolidation,0.0,CCC - Elevated Risk,Current / Performing,0,0.0
LN-11884,CUST-0720,PRD-SME,BR-102,20260220,2026-02-20,2030-02-20,399600.0,0.12,48,10523.0,Working Capital Expansion,516836.23,CCC - Elevated Risk,Current / Performing,0,0.0
LN-11885,CUST-0447,PRD-EDU,BR-107,20251127,2025-11-27,2035-11-27,69000.0,0.074,120,815.45,Master of Science in Data Analytics,0.0,BBB - Moderate Risk,Current / Performing,0,0.0
LN-11886,CUST-0994,PRD-EDU,BR-110,20241105,2024-11-05,2034-11-05,54200.0,0.064,120,612.68,Master of Science in Data Analytics,0.0,AAA - Low Risk,Current / Performing,0,0.0
LN-11887,CUST-0946,PRD-EQUIP,BR-111,20231117,2023-11-17,2025-11-16,155900.0,0.084,24,7079.41,Medical Imaging Scanner,246943.18,AAA - Low Risk,Fully Paid,0,0.0
LN-11888,CUST-0667,PRD-AUTO,BR-103,20250507,2025-05-07,2029-05-07,27300.0,0.083,48,670.32,Certified Pre-Owned Luxury Car,33599.39,BBB - Moderate Risk,Current / Performing,0,0.0
LN-11889,CUST-0109,PRD-EDU,BR-111,20250430,2025-04-30,2035-04-30,39800.0,0.094,120,512.83,Medical Residency Program,0.0,CCC - Elevated Risk,Current / Performing,0,0.0
LN-11890,CUST-0715,PRD-EDU,BR-110,20250302,2025-03-02,2035-03-02,37400.0,0.064,120,422.77,MBA Program Tuition,0.0,AAA - Low Risk,Current / Performing,0,0.0
LN-11891,CUST-0732,PRD-SME,BR-111,20230909,2023-09-09,2030-09-08,169100.0,0.12,84,2985.08,Technology & IT Modernization,260280.65,CCC - Elevated Risk,Delinquent (61-90 DPD),1,0.0
LN-11892,CUST-0477,PRD-EDU,BR-110,20260406,2026-04-06,2030-04-06,54500.0,0.074,48,1315.21,Master of Science in Data Analytics,0.0,BBB - Moderate Risk,Current / Performing,0,0.0
LN-11893,CUST-0609,PRD-PERS,BR-106,20250527,2025-05-27,2029-05-27,14000.0,0.13,48,375.58,Emergency Medical Exp,0.0,CCC - Elevated Risk,Current / Performing,0,0.0
LN-11894,CUST-0567,PRD-AUTO,BR-101,20240316,2024-03-16,2027-03-16,64000.0,0.083,36,2014.4,Certified Pre-Owned Luxury Car,96336.52,BBB - Moderate Risk,Current / Performing,0,0.0
LN-11895,CUST-0650,PRD-AUTO,BR-105,20230111,2023-01-11,2027-01-11,57100.0,0.083,48,1402.03,Fleet Commercial Van,79724.76,CCC - Elevated Risk,In Default (90+ DPD),1,0.0
LN-11896,CUST-0468,PRD-SME,BR-103,20230117,2023-01-17,2025-01-16,415700.0,0.09,24,18991.15,Working Capital Expansion,499604.87,BBB - Moderate Risk,Fully Paid,0,0.0
LN-11897,CUST-0415,PRD-PERS,BR-108,20230321,2023-03-21,2025-03-20,15000.0,0.13,24,713.13,Wedding & Family,0.0,CCC - Elevated Risk,Fully Paid,0,0.0
LN-11898,CUST-0064,PRD-MORT,BR-108,20260330,2026-03-30,2046-03-30,391700.0,0.0675,240,2978.35,Primary Residence Purchase,456711.03,CCC - Elevated Risk,Current / Performing,0,0.0
LN-11899,CUST-0169,PRD-SME,BR-102,20250630,2025-06-30,2032-06-29,344600.0,0.12,84,6083.13,Working Capital Expansion,409892.43,CCC - Elevated Risk,Current / Performing,0,0.0
LN-11900,CUST-0607,PRD-AUTO,BR-110,20230304,2023-03-04,2029-03-03,48500.0,0.083,72,857.48,Certified Pre-Owned Luxury Car,71718.96,BBB - Moderate Risk,Current / Performing,0,0.0
LN-11901,CUST-0319,PRD-MORT,BR-112,20241229,2024-12-29,2054-12-29,384900.0,0.0875,360,3028.01,Refinance Existing Mortgage,487592.92,CCC - Elevated Risk,Current / Performing,0,0.0
LN-11902,CUST-0192,PRD-PERS,BR-110,20241127,2024-11-27,2028-11-27,25100.0,0.12,48,660.98,Debt Consolidation,0.0,AAA - Low Risk,Delinquent (31-60 DPD),0,0.0
LN-11903,CUST-0757,PRD-EQUIP,BR-104,20230306,2023-03-06,2028-03-05,93200.0,0.084,60,1907.65,Medical Imaging Scanner,130095.72,CCC - Elevated Risk,Current / Performing,0,0.0
LN-11904,CUST-0355,PRD-EQUIP,BR-103,20241220,2024-12-20,2028-12-20,117200.0,0.094,48,2938.84,Medical Imaging Scanner,144447.34,CCC - Elevated Risk,Current / Performing,0,0.0
LN-11905,CUST-0098,PRD-EQUIP,BR-109,20230828,2023-08-28,2025-08-27,94000.0,0.094,24,4311.64,Industrial CNC Machine,128849.55,CCC - Elevated Risk,Fully Paid,0,0.0
LN-11906,CUST-0488,PRD-MORT,BR-102,20250726,2025-07-26,2045-07-26,350100.0,0.0575,240,2457.99,Investment Property Buy,541886.69,BBB - Moderate Risk,Delinquent (31-60 DPD),0,0.0
LN-11907,CUST-0219,PRD-EDU,BR-106,20250519,2025-05-19,2030-05-19,23900.0,0.064,60,466.51,Master of Science in Data Analytics,0.0,AAA - Low Risk,Current / Performing,0,0.0
LN-11908,CUST-0106,PRD-PERS,BR-111,20240331,2024-03-31,2028-03-31,24000.0,0.15,48,667.94,Home Renovation,0.0,CCC - Elevated Risk,Under Restructuring,1,0.0
LN-11909,CUST-0531,PRD-PERS,BR-110,20260303,2026-03-03,2030-03-03,12300.0,0.12,48,323.91,Wedding & Family,0.0,AAA - Low Risk,Current / Performing,0,0.0
LN-11910,CUST-0403,PRD-EQUIP,BR-108,20230121,2023-01-21,2027-01-21,141300.0,0.094,48,3543.16,Warehouse Forklift Fleet,178380.0,BBB - Moderate Risk,Fully Paid,0,0.0
LN-11911,CUST-0247,PRD-EDU,BR-109,20251121,2025-11-21,2035-11-21,15500.0,0.094,120,199.72,Medical Residency Program,0.0,DDD - High Default Probability,Current / Performing,0,0.0
LN-11912,CUST-0125,PRD-EQUIP,BR-108,20240824,2024-08-24,2029-08-24,152400.0,0.084,60,3119.38,Medical Imaging Scanner,231841.47,CCC - Elevated Risk,Current / Performing,0,0.0
LN-11913,CUST-0518,PRD-SME,BR-109,20250407,2025-04-07,2027-04-07,231300.0,0.1,24,10673.32,Working Capital Expansion,285442.15,BBB - Moderate Risk,Current / Performing,0,0.0
LN-11914,CUST-0632,PRD-SME,BR-110,20250201,2025-02-01,2032-02-01,393800.0,0.09,84,6335.88,Inventory Stocking Q4,476960.83,AAA - Low Risk,Current / Performing,0,0.0
LN-11915,CUST-0598,PRD-SME,BR-104,20230413,2023-04-13,2025-04-12,52100.0,0.09,24,2380.18,Working Capital Expansion,72860.71,AAA - Low Risk,Fully Paid,0,0.0
LN-11916,CUST-0519,PRD-EDU,BR-112,20260325,2026-03-25,2030-03-25,49100.0,0.074,48,1184.89,Master of Science in Data Analytics,0.0,BBB - Moderate Risk,Current / Performing,0,0.0
LN-11917,CUST-0442,PRD-EQUIP,BR-108,20250619,2025-06-19,2030-06-19,141200.0,0.084,60,2890.13,Industrial CNC Machine,188526.51,CCC - Elevated Risk,Current / Performing,0,0.0
LN-11918,CUST-0212,PRD-MORT,BR-112,20250801,2025-08-01,2045-08-01,570100.0,0.0875,240,5038.03,Primary Residence Purchase,717003.51,CCC - Elevated Risk,Delinquent (61-90 DPD),1,0.0
LN-11919,CUST-0772,PRD-SME,BR-111,20241122,2024-11-22,2026-11-22,203300.0,0.09,24,9287.71,Working Capital Expansion,275490.32,BBB - Moderate Risk,Fully Paid,0,0.0
LN-11920,CUST-0731,PRD-SME,BR-106,20240929,2024-09-29,2031-09-29,388200.0,0.09,84,6245.78,New Branch Expansion,503337.65,CCC - Elevated Risk,Current / Performing,0,0.0
LN-11921,CUST-0916,PRD-PERS,BR-103,20241029,2024-10-29,2028-10-29,20400.0,0.12,48,537.21,Wedding & Family,0.0,CCC - Elevated Risk,Current / Performing,0,0.0
LN-11922,CUST-0635,PRD-EDU,BR-103,20250528,2025-05-28,2029-05-28,48200.0,0.064,48,1140.84,MBA Program Tuition,0.0,CCC - Elevated Risk,Delinquent (31-60 DPD),0,0.0
LN-11923,CUST-0378,PRD-SME,BR-111,20231005,2023-10-05,2030-10-04,218600.0,0.09,84,3517.07,New Branch Expansion,287460.75,BBB - Moderate Risk,Delinquent (31-60 DPD),0,0.0
LN-11924,CUST-0098,PRD-MORT,BR-109,20260218,2026-02-18,2046-02-18,331900.0,0.0675,240,2523.65,Refinance Existing Mortgage,516404.79,CCC - Elevated Risk,Current / Performing,0,0.0
LN-11925,CUST-0117,PRD-SME,BR-101,20240210,2024-02-10,2027-02-09,376200.0,0.09,36,11963.06,Working Capital Expansion,468378.15,AAA - Low Risk,Current / Performing,0,0.0
LN-11926,CUST-0525,PRD-PERS,BR-108,20241217,2024-12-17,2028-12-17,23000.0,0.13,48,617.03,Wedding & Family,0.0,BBB - Moderate Risk,Current / Performing,0,0.0
LN-11927,CUST-0726,PRD-AUTO,BR-105,20240406,2024-04-06,2030-04-06,19800.0,0.123,72,390.19,Fleet Commercial Van,30435.3,DDD - High Default Probability,Current / Performing,0,0.0
LN-11928,CUST-0235,PRD-AUTO,BR-108,20250228,2025-02-28,2031-02-28,18000.0,0.123,72,354.72,New EV Purchase,28767.91,DDD - High Default Probability,Delinquent (31-60 DPD),0,0.0
LN-11929,CUST-0488,PRD-SME,BR-102,20230419,2023-04-19,2027-04-19,334800.0,0.09,48,8331.51,New Branch Expansion,515021.76,BBB - Moderate Risk,Current / Performing,0,0.0
LN-11930,CUST-0712,PRD-EDU,BR-107,20250707,2025-07-07,2035-07-07,44400.0,0.064,120,501.9,Master of Science in Data Analytics,0.0,AAA - Low Risk,Current / Performing,0,0.0
LN-11931,CUST-0901,PRD-PERS,BR-106,20260217,2026-02-17,2030-02-17,10800.0,0.12,48,284.41,Debt Consolidation,0.0,AAA - Low Risk,Delinquent (61-90 DPD),1,0.0
LN-11932,CUST-0250,PRD-SME,BR-101,20240523,2024-05-23,2028-05-23,81000.0,0.12,48,2133.04,Technology & IT Modernization,122938.76,CCC - Elevated Risk,Current / Performing,0,0.0
LN-11933,CUST-0835,PRD-EQUIP,BR-101,20240825,2024-08-25,2027-08-25,174100.0,0.084,36,5487.84,Medical Imaging Scanner,247981.84,BBB - Moderate Risk,Current / Performing,0,0.0
LN-11934,CUST-0432,PRD-AUTO,BR-112,20230614,2023-06-14,2027-06-14,22200.0,0.083,48,545.1,Fleet Commercial Van,26133.07,BBB - Moderate Risk,Delinquent (31-60 DPD),0,0.0
LN-11935,CUST-0325,PRD-EQUIP,BR-106,20251224,2025-12-24,2030-12-24,145700.0,0.084,60,2982.24,Warehouse Forklift Fleet,178236.12,BBB - Moderate Risk,Current / Performing,0,0.0
LN-11936,CUST-0807,PRD-MORT,BR-112,20251005,2025-10-05,2045-10-05,668900.0,0.0575,240,4696.24,Refinance Existing Mortgage,769548.38,CCC - Elevated Risk,Delinquent (61-90 DPD),1,0.0
LN-11937,CUST-0001,PRD-EQUIP,BR-101,20230122,2023-01-22,2027-01-22,119000.0,0.084,48,2927.53,Warehouse Forklift Fleet,163663.11,AAA - Low Risk,Current / Performing,0,0.0
LN-11938,CUST-0616,PRD-EQUIP,BR-111,20251112,2025-11-12,2030-11-12,133000.0,0.114,60,2918.34,Medical Imaging Scanner,195462.57,CCC - Elevated Risk,Current / Performing,0,0.0
LN-11939,CUST-0880,PRD-PERS,BR-102,20241102,2024-11-02,2028-11-02,25600.0,0.15,48,712.47,Wedding & Family,0.0,CCC - Elevated Risk,Current / Performing,0,0.0
LN-11940,CUST-0168,PRD-SME,BR-101,20250316,2025-03-16,2030-03-16,351000.0,0.09,60,7286.18,Technology & IT Modernization,519098.9,BBB - Moderate Risk,Charged Off / Written Off,1,272809.6
LN-11941,CUST-0155,PRD-EQUIP,BR-112,20250518,2025-05-18,2030-05-18,52500.0,0.094,60,1100.03,Medical Imaging Scanner,66357.72,CCC - Elevated Risk,Current / Performing,0,0.0
LN-11942,CUST-0116,PRD-EQUIP,BR-104,20250730,2025-07-30,2029-07-30,117700.0,0.094,48,2951.38,Warehouse Forklift Fleet,167801.83,CCC - Elevated Risk,Current / Performing,0,0.0
LN-11943,CUST-0816,PRD-SME,BR-103,20251205,2025-12-05,2032-12-04,109900.0,0.12,84,1940.04,Working Capital Expansion,173841.62,CCC - Elevated Risk,Current / Performing,0,0.0
LN-11944,CUST-0492,PRD-EDU,BR-108,20251001,2025-10-01,2029-10-01,61300.0,0.074,48,1479.31,MBA Program Tuition,0.0,BBB - Moderate Risk,Current / Performing,0,0.0
LN-11945,CUST-0059,PRD-EDU,BR-101,20250319,2025-03-19,2035-03-19,20800.0,0.094,120,268.01,Medical Residency Program,0.0,DDD - High Default Probability,Under Restructuring,1,0.0
LN-11946,CUST-0494,PRD-MORT,BR-111,20251227,2025-12-27,2045-12-27,839100.0,0.0675,240,6380.21,Primary Residence Purchase,1100477.36,BBB - Moderate Risk,Current / Performing,0,0.0
LN-11947,CUST-0057,PRD-EQUIP,BR-112,20240427,2024-04-27,2028-04-27,48500.0,0.094,48,1216.16,Medical Imaging Scanner,70898.02,BBB - Moderate Risk,Current / Performing,0,0.0
LN-11948,CUST-0187,PRD-PERS,BR-109,20250814,2025-08-14,2029-08-14,30200.0,0.12,48,795.28,Emergency Medical Exp,0.0,BBB - Moderate Risk,Current / Performing,0,0.0
LN-11949,CUST-0812,PRD-MORT,BR-104,20230225,2023-02-25,2053-02-24,478700.0,0.0575,360,2793.56,Investment Property Buy,751453.58,CCC - Elevated Risk,Current / Performing,0,0.0
LN-11950,CUST-0500,PRD-PERS,BR-101,20240713,2024-07-13,2028-07-13,29800.0,0.12,48,784.75,Emergency Medical Exp,0.0,BBB - Moderate Risk,Current / Performing,0,0.0
LN-11951,CUST-0930,PRD-SME,BR-109,20230623,2023-06-23,2030-06-22,423700.0,0.09,84,6816.94,Inventory Stocking Q4,668349.24,AAA - Low Risk,Current / Performing,0,0.0
LN-11952,CUST-0877,PRD-EDU,BR-106,20230321,2023-03-21,2030-03-20,17600.0,0.074,84,269.09,MBA Program Tuition,0.0,BBB - Moderate Risk,Current / Performing,0,0.0
LN-11953,CUST-0880,PRD-EDU,BR-102,20230615,2023-06-15,2030-06-14,35600.0,0.094,84,580.02,MBA Program Tuition,0.0,CCC - Elevated Risk,Current / Performing,0,0.0
LN-11954,CUST-0317,PRD-PERS,BR-103,20230621,2023-06-21,2027-06-21,22900.0,0.12,48,603.04,Emergency Medical Exp,0.0,AAA - Low Risk,Delinquent (31-60 DPD),0,0.0
LN-11955,CUST-0446,PRD-EDU,BR-103,20250126,2025-01-26,2029-01-26,10900.0,0.064,48,257.99,MBA Program Tuition,0.0,BBB - Moderate Risk,Current / Performing,0,0.0
LN-11956,CUST-0592,PRD-EDU,BR-107,20240414,2024-04-14,2034-04-14,20200.0,0.114,120,282.85,MBA Program Tuition,0.0,DDD - High Default Probability,Current / Performing,0,0.0
LN-11957,CUST-0148,PRD-MORT,BR-110,20251026,2025-10-26,2045-10-26,230800.0,0.0875,240,2039.6,Refinance Existing Mortgage,355193.1,CCC - Elevated Risk,Current / Performing,0,0.0
LN-11958,CUST-0997,PRD-PERS,BR-105,20240711,2024-07-11,2025-07-11,22000.0,0.13,12,1964.98,Home Renovation,0.0,BBB - Moderate Risk,Fully Paid,0,0.0
LN-11959,CUST-0038,PRD-PERS,BR-101,20250328,2025-03-28,2029-03-28,7900.0,0.13,48,211.94,Debt Consolidation,0.0,CCC - Elevated Risk,Delinquent (31-60 DPD),0,0.0
LN-11960,CUST-0689,PRD-EQUIP,BR-111,20240328,2024-03-28,2029-03-28,33200.0,0.134,60,762.22,Warehouse Forklift Fleet,47567.93,DDD - High Default Probability,Current / Performing,0,0.0
LN-11961,CUST-0846,PRD-SME,BR-110,20260319,2026-03-19,2030-03-19,283500.0,0.09,48,7054.91,Technology & IT Modernization,388219.58,AAA - Low Risk,Current / Performing,0,0.0
LN-11962,CUST-0028,PRD-AUTO,BR-110,20250722,2025-07-22,2031-07-22,60300.0,0.103,72,1126.25,Certified Pre-Owned Luxury Car,82833.54,CCC - Elevated Risk,Current / Performing,0,0.0
LN-11963,CUST-0197,PRD-EQUIP,BR-103,20260204,2026-02-04,2028-02-04,146300.0,0.084,24,6643.47,Industrial CNC Machine,168734.55,AAA - Low Risk,Current / Performing,0,0.0
LN-11964,CUST-0271,PRD-EQUIP,BR-106,20231111,2023-11-11,2028-11-10,89600.0,0.084,60,1833.97,Warehouse Forklift Fleet,141924.99,BBB - Moderate Risk,Current / Performing,0,0.0
LN-11965,CUST-0558,PRD-MORT,BR-111,20241101,2024-11-01,2044-11-01,740900.0,0.0575,240,5201.74,Primary Residence Purchase,1156388.92,BBB - Moderate Risk,Current / Performing,0,0.0
LN-11966,CUST-0742,PRD-MORT,BR-103,20240731,2024-07-31,2054-07-31,836900.0,0.0675,360,5428.12,Primary Residence Purchase,1093325.21,BBB - Moderate Risk,Current / Performing,0,0.0
LN-11967,CUST-0425,PRD-AUTO,BR-106,20250321,2025-03-21,2031-03-21,36400.0,0.073,72,625.84,Fleet Commercial Van,47790.14,BBB - Moderate Risk,Current / Performing,0,0.0
LN-11968,CUST-0235,PRD-PERS,BR-108,20240730,2024-07-30,2027-07-30,10500.0,0.17,36,374.35,Debt Consolidation,0.0,DDD - High Default Probability,Current / Performing,0,0.0
LN-11969,CUST-0344,PRD-EDU,BR-111,20230503,2023-05-03,2030-05-02,62600.0,0.074,84,957.09,Master of Science in Data Analytics,0.0,CCC - Elevated Risk,Charged Off / Written Off,1,27351.76
LN-11970,CUST-0851,PRD-EDU,BR-104,20240128,2024-01-28,2034-01-27,22000.0,0.064,120,248.69,Master of Science in Data Analytics,0.0,CCC - Elevated Risk,Current / Performing,0,0.0
LN-11971,CUST-0956,PRD-PERS,BR-106,20240208,2024-02-08,2026-02-07,9900.0,0.17,24,489.48,Emergency Medical Exp,0.0,DDD - High Default Probability,Fully Paid,0,0.0
LN-11972,CUST-0350,PRD-SME,BR-105,20250920,2025-09-20,2027-09-20,203900.0,0.14,24,9789.83,Inventory Stocking Q4,302454.74,DDD - High Default Probability,Charged Off / Written Off,1,92967.19
LN-11973,CUST-0982,PRD-SME,BR-105,20240430,2024-04-30,2029-04-30,268900.0,0.09,60,5581.92,Working Capital Expansion,317302.74,AAA - Low Risk,Current / Performing,0,0.0
LN-11974,CUST-0021,PRD-MORT,BR-103,20250106,2025-01-06,2045-01-06,598500.0,0.0675,240,4550.78,Refinance Existing Mortgage,805533.72,CCC - Elevated Risk,Current / Performing,0,0.0
LN-11975,CUST-0071,PRD-MORT,BR-103,20230112,2023-01-12,2043-01-12,272300.0,0.0575,240,1911.77,Refinance Existing Mortgage,372197.36,AAA - Low Risk,Delinquent (31-60 DPD),0,0.0
LN-11976,CUST-0979,PRD-SME,BR-110,20231225,2023-12-25,2030-12-24,220500.0,0.09,84,3547.64,Working Capital Expansion,337410.59,AAA - Low Risk,Current / Performing,0,0.0
LN-11977,CUST-0033,PRD-SME,BR-106,20230205,2023-02-05,2028-02-05,339400.0,0.09,60,7045.39,New Branch Expansion,432383.08,BBB - Moderate Risk,Current / Performing,0,0.0
LN-11978,CUST-0505,PRD-EQUIP,BR-110,20250212,2025-02-12,2029-02-12,135700.0,0.094,48,3402.73,Industrial CNC Machine,205381.52,CCC - Elevated Risk,Current / Performing,0,0.0
LN-11979,CUST-0366,PRD-AUTO,BR-110,20241101,2024-11-01,2027-11-01,23200.0,0.073,36,719.54,Fleet Commercial Van,36189.55,CCC - Elevated Risk,Current / Performing,0,0.0
LN-11980,CUST-0149,PRD-SME,BR-101,20230502,2023-05-02,2030-05-01,379600.0,0.09,84,6107.41,Working Capital Expansion,540751.03,CCC - Elevated Risk,Current / Performing,0,0.0
LN-11981,CUST-0205,PRD-SME,BR-102,20250121,2025-01-21,2032-01-21,174200.0,0.1,84,2891.93,Working Capital Expansion,276639.63,BBB - Moderate Risk,Current / Performing,0,0.0
LN-11982,CUST-0474,PRD-EDU,BR-105,20240120,2024-01-20,2034-01-19,55200.0,0.064,120,623.98,MBA Program Tuition,0.0,CCC - Elevated Risk,Current / Performing,0,0.0
LN-11983,CUST-0105,PRD-AUTO,BR-106,20251120,2025-11-20,2031-11-20,48700.0,0.123,72,959.71,Fleet Commercial Van,70716.03,DDD - High Default Probability,Current / Performing,0,0.0
LN-11984,CUST-0989,PRD-EDU,BR-106,20251006,2025-10-06,2032-10-05,65000.0,0.064,84,962.07,Medical Residency Program,0.0,CCC - Elevated Risk,Current / Performing,0,0.0
LN-11985,CUST-0237,PRD-EDU,BR-103,20250520,2025-05-20,2035-05-20,77900.0,0.074,120,920.63,Medical Residency Program,0.0,BBB - Moderate Risk,Current / Performing,0,0.0
LN-11986,CUST-0294,PRD-SME,BR-112,20250510,2025-05-10,2027-05-10,426100.0,0.1,24,19662.35,New Branch Expansion,672720.11,CCC - Elevated Risk,Current / Performing,0,0.0
LN-11987,CUST-0219,PRD-MORT,BR-106,20231129,2023-11-29,2043-11-29,778600.0,0.0575,240,5466.42,Investment Property Buy,944400.0,AAA - Low Risk,Delinquent (61-90 DPD),1,0.0
LN-11988,CUST-0643,PRD-AUTO,BR-109,20250424,2025-04-24,2028-04-23,20700.0,0.073,36,642.0,Certified Pre-Owned Luxury Car,26780.48,CCC - Elevated Risk,Current / Performing,0,0.0
LN-11989,CUST-0362,PRD-EDU,BR-106,20230725,2023-07-25,2027-07-25,22500.0,0.074,48,542.98,Medical Residency Program,0.0,BBB - Moderate Risk,Current / Performing,0,0.0
LN-11990,CUST-0898,PRD-PERS,BR-101,20250629,2025-06-29,2027-06-29,21200.0,0.12,24,997.96,Home Renovation,0.0,CCC - Elevated Risk,Current / Performing,0,0.0
LN-11991,CUST-0440,PRD-PERS,BR-111,20230214,2023-02-14,2027-02-14,3500.0,0.13,48,93.9,Wedding & Family,0.0,BBB - Moderate Risk,Delinquent (61-90 DPD),1,0.0
LN-11992,CUST-0127,PRD-EQUIP,BR-104,20260309,2026-03-09,2031-03-09,112100.0,0.134,60,2573.63,Medical Imaging Scanner,152125.91,DDD - High Default Probability,Current / Performing,0,0.0
LN-11993,CUST-0944,PRD-SME,BR-103,20240307,2024-03-07,2031-03-07,131700.0,0.1,84,2186.38,Inventory Stocking Q4,203581.36,BBB - Moderate Risk,Current / Performing,0,0.0
LN-11994,CUST-0936,PRD-MORT,BR-102,20230502,2023-05-02,2043-05-02,430400.0,0.0675,240,3272.61,Primary Residence Purchase,553973.64,CCC - Elevated Risk,Current / Performing,0,0.0
LN-11995,CUST-0057,PRD-EQUIP,BR-112,20231022,2023-10-22,2028-10-21,76200.0,0.094,60,1596.62,Warehouse Forklift Fleet,89052.74,BBB - Moderate Risk,Current / Performing,0,0.0
LN-11996,CUST-0172,PRD-EQUIP,BR-105,20230727,2023-07-27,2026-07-26,78600.0,0.114,36,2588.18,Medical Imaging Scanner,105713.74,DDD - High Default Probability,Fully Paid,0,0.0
LN-11997,CUST-0119,PRD-PERS,BR-106,20230912,2023-09-12,2027-09-12,26800.0,0.13,48,718.98,Emergency Medical Exp,0.0,BBB - Moderate Risk,In Default (90+ DPD),1,0.0
LN-11998,CUST-0412,PRD-AUTO,BR-103,20250429,2025-04-29,2030-04-29,18600.0,0.073,60,370.94,New EV Purchase,22827.63,BBB - Moderate Risk,Current / Performing,0,0.0
LN-11999,CUST-0978,PRD-MORT,BR-104,20250717,2025-07-17,2045-07-17,660100.0,0.1075,240,6701.53,Refinance Existing Mortgage,800176.05,DDD - High Default Probability,Delinquent (31-60 DPD),0,0.0
LN-12000,CUST-0101,PRD-EDU,BR-109,20260129,2026-01-29,2030-01-29,21600.0,0.064,48,511.25,MBA Program Tuition,0.0,BBB - Moderate Risk,Current / Performing,0,0.0
LN-12001,CUST-0446,PRD-EQUIP,BR-103,20240520,2024-05-20,2029-05-20,159400.0,0.084,60,3262.66,Industrial CNC Machine,242918.93,BBB - Moderate Risk,Current / Performing,0,0.0
LN-12002,CUST-0920,PRD-EQUIP,BR-111,20240427,2024-04-27,2029-04-27,143300.0,0.094,60,3002.57,Warehouse Forklift Fleet,200283.72,CCC - Elevated Risk,Current / Performing,0,0.0
LN-12003,CUST-0456,PRD-PERS,BR-106,20230518,2023-05-18,2027-05-18,32600.0,0.13,48,874.58,Home Renovation,0.0,BBB - Moderate Risk,Current / Performing,0,0.0
LN-12004,CUST-0019,PRD-EDU,BR-103,20230302,2023-03-02,2027-03-02,54900.0,0.074,48,1324.86,Medical Residency Program,0.0,CCC - Elevated Risk,Current / Performing,0,0.0
LN-12005,CUST-0337,PRD-MORT,BR-110,20240909,2024-09-09,2044-09-09,309700.0,0.0575,240,2174.35,Investment Property Buy,461357.01,BBB - Moderate Risk,Current / Performing,0,0.0
LN-12006,CUST-0997,PRD-SME,BR-105,20250723,2025-07-23,2032-07-22,269900.0,0.1,84,4480.66,Inventory Stocking Q4,352472.29,BBB - Moderate Risk,Current / Performing,0,0.0
LN-12007,CUST-0472,PRD-EDU,BR-101,20240223,2024-02-23,2028-02-23,71800.0,0.074,48,1732.7,MBA Program Tuition,0.0,BBB - Moderate Risk,Current / Performing,0,0.0
LN-12008,CUST-0841,PRD-SME,BR-111,20240901,2024-09-01,2027-09-01,235800.0,0.09,36,7498.38,Inventory Stocking Q4,348668.06,BBB - Moderate Risk,Current / Performing,0,0.0
LN-12009,CUST-0191,PRD-SME,BR-108,20260505,2026-05-05,2033-05-04,213300.0,0.1,84,3541.03,Inventory Stocking Q4,245752.51,BBB - Moderate Risk,Current / Performing,0,0.0
LN-12010,CUST-0428,PRD-EQUIP,BR-103,20250918,2025-09-18,2027-09-18,118500.0,0.084,24,5381.08,Warehouse Forklift Fleet,140035.0,AAA - Low Risk,Current / Performing,0,0.0
LN-12011,CUST-0154,PRD-SME,BR-110,20230301,2023-03-01,2030-02-28,256200.0,0.14,84,4801.19,Inventory Stocking Q4,391551.8,DDD - High Default Probability,Current / Performing,0,0.0
LN-12012,CUST-0346,PRD-SME,BR-107,20251216,2025-12-16,2027-12-16,414400.0,0.1,24,19122.46,Technology & IT Modernization,625157.63,BBB - Moderate Risk,Current / Performing,0,0.0
LN-12013,CUST-0481,PRD-AUTO,BR-106,20230220,2023-02-20,2026-02-19,60200.0,0.103,36,1950.97,Fleet Commercial Van,86170.06,CCC - Elevated Risk,Fully Paid,0,0.0
LN-12014,CUST-0381,PRD-EQUIP,BR-105,20260207,2026-02-07,2029-02-06,59500.0,0.134,36,2016.27,Medical Imaging Scanner,82908.75,DDD - High Default Probability,Current / Performing,0,0.0
LN-12015,CUST-0480,PRD-SME,BR-103,20250615,2025-06-15,2032-06-14,378700.0,0.1,84,6286.87,Inventory Stocking Q4,502222.62,BBB - Moderate Risk,Current / Performing,0,0.0
LN-12016,CUST-0025,PRD-SME,BR-111,20231114,2023-11-14,2025-11-13,202800.0,0.1,24,9358.19,Working Capital Expansion,261458.09,BBB - Moderate Risk,Fully Paid,0,0.0
LN-12017,CUST-0005,PRD-EDU,BR-105,20240710,2024-07-10,2028-07-10,74500.0,0.074,48,1797.85,Master of Science in Data Analytics,0.0,BBB - Moderate Risk,Delinquent (61-90 DPD),1,0.0
LN-12018,CUST-0772,PRD-PERS,BR-111,20260316,2026-03-16,2030-03-16,4700.0,0.12,48,123.77,Emergency Medical Exp,0.0,BBB - Moderate Risk,Current / Performing,0,0.0
LN-12019,CUST-0803,PRD-SME,BR-106,20230627,2023-06-27,2030-06-26,286800.0,0.1,84,4761.22,New Branch Expansion,434217.99,BBB - Moderate Risk,Current / Performing,0,0.0
LN-12020,CUST-0495,PRD-EQUIP,BR-108,20240825,2024-08-25,2026-08-25,30800.0,0.084,24,1398.63,Warehouse Forklift Fleet,41115.4,AAA - Low Risk,Fully Paid,0,0.0
LN-12021,CUST-0530,PRD-MORT,BR-108,20230831,2023-08-31,2043-08-31,383900.0,0.0575,240,2695.3,Refinance Existing Mortgage,564928.76,AAA - Low Risk,Current / Performing,0,0.0
LN-12022,CUST-0880,PRD-EQUIP,BR-102,20241129,2024-11-29,2026-11-29,155100.0,0.114,24,7257.71,Medical Imaging Scanner,204024.33,CCC - Elevated Risk,In Default (90+ DPD),1,0.0
LN-12023,CUST-0523,PRD-EDU,BR-109,20230131,2023-01-31,2027-01-31,64900.0,0.064,48,1536.11,Master of Science in Data Analytics,0.0,CCC - Elevated Risk,Current / Performing,0,0.0
LN-12024,CUST-0569,PRD-EDU,BR-108,20240716,2024-07-16,2034-07-16,45900.0,0.064,120,518.85,Medical Residency Program,0.0,AAA - Low Risk,Delinquent (31-60 DPD),0,0.0
LN-12025,CUST-0262,PRD-SME,BR-111,20240421,2024-04-21,2026-04-21,445900.0,0.1,24,20576.02,Working Capital Expansion,549857.6,CCC - Elevated Risk,Fully Paid,0,0.0
LN-12026,CUST-0317,PRD-SME,BR-103,20260307,2026-03-07,2033-03-06,263000.0,0.09,84,4231.43,Technology & IT Modernization,319810.05,AAA - Low Risk,Current / Performing,0,0.0
LN-12027,CUST-0107,PRD-EDU,BR-111,20250115,2025-01-15,2029-01-15,56700.0,0.064,48,1342.02,Master of Science in Data Analytics,0.0,BBB - Moderate Risk,Current / Performing,0,0.0
LN-12028,CUST-0552,PRD-EQUIP,BR-107,20231005,2023-10-05,2025-10-04,169300.0,0.084,24,7687.9,Medical Imaging Scanner,231930.3,AAA - Low Risk,Fully Paid,0,0.0
LN-12029,CUST-0146,PRD-PERS,BR-103,20251017,2025-10-17,2029-10-17,8500.0,0.12,48,223.84,Home Renovation,0.0,BBB - Moderate Risk,Current / Performing,0,0.0
LN-12030,CUST-0162,PRD-AUTO,BR-103,20230520,2023-05-20,2026-05-19,18100.0,0.083,36,569.7,New EV Purchase,26506.36,BBB - Moderate Risk,Fully Paid,0,0.0
LN-12031,CUST-0945,PRD-EQUIP,BR-102,20230415,2023-04-15,2028-04-14,99600.0,0.134,60,2286.65,Warehouse Forklift Fleet,145637.76,DDD - High Default Probability,In Default (90+ DPD),1,0.0
LN-12032,CUST-0430,PRD-SME,BR-107,20230714,2023-07-14,2030-07-13,233400.0,0.09,84,3755.19,Working Capital Expansion,370408.61,BBB - Moderate Risk,Current / Performing,0,0.0
LN-12033,CUST-0824,PRD-SME,BR-105,20240109,2024-01-09,2031-01-08,338600.0,0.12,84,5977.22,Technology & IT Modernization,410302.46,CCC - Elevated Risk,Current / Performing,0,0.0
LN-12034,CUST-0517,PRD-SME,BR-102,20251123,2025-11-23,2029-11-23,350700.0,0.09,48,8727.18,Technology & IT Modernization,435523.63,BBB - Moderate Risk,Current / Performing,0,0.0
LN-12035,CUST-0223,PRD-MORT,BR-103,20260303,2026-03-03,2046-03-03,382400.0,0.0675,240,2907.63,Primary Residence Purchase,482311.59,BBB - Moderate Risk,Current / Performing,0,0.0
LN-12036,CUST-0361,PRD-SME,BR-107,20260127,2026-01-27,2033-01-26,64900.0,0.1,84,1077.42,Working Capital Expansion,92470.28,BBB - Moderate Risk,Current / Performing,0,0.0
LN-12037,CUST-0431,PRD-PERS,BR-101,20251222,2025-12-22,2029-12-22,9000.0,0.12,48,237.0,Home Renovation,0.0,BBB - Moderate Risk,Delinquent (31-60 DPD),0,0.0
LN-12038,CUST-0724,PRD-PERS,BR-109,20240104,2024-01-04,2028-01-04,22900.0,0.15,48,637.32,Emergency Medical Exp,0.0,DDD - High Default Probability,Current / Performing,0,0.0
LN-12039,CUST-0371,PRD-MORT,BR-110,20251228,2025-12-28,2045-12-28,419600.0,0.0875,240,3708.05,Refinance Existing Mortgage,490270.49,CCC - Elevated Risk,Current / Performing,0,0.0
LN-12040,CUST-0885,PRD-MORT,BR-105,20230727,2023-07-27,2043-07-27,776600.0,0.0575,240,5452.38,Primary Residence Purchase,1214652.48,CCC - Elevated Risk,Current / Performing,0,0.0
LN-12041,CUST-0909,PRD-EQUIP,BR-107,20231224,2023-12-24,2028-12-23,127900.0,0.094,60,2679.89,Industrial CNC Machine,200933.97,CCC - Elevated Risk,Current / Performing,0,0.0
LN-12042,CUST-0514,PRD-EQUIP,BR-108,20260314,2026-03-14,2028-03-13,62500.0,0.114,24,2924.61,Warehouse Forklift Fleet,93715.97,CCC - Elevated Risk,Current / Performing,0,0.0
LN-12043,CUST-0472,PRD-EQUIP,BR-101,20240121,2024-01-21,2026-01-20,146200.0,0.094,24,6705.97,Warehouse Forklift Fleet,205385.24,BBB - Moderate Risk,Under Restructuring,1,0.0
LN-12044,CUST-0070,PRD-SME,BR-109,20230209,2023-02-09,2030-02-08,97200.0,0.12,84,1715.85,Working Capital Expansion,121201.0,CCC - Elevated Risk,Current / Performing,0,0.0
LN-12045,CUST-0352,PRD-PERS,BR-111,20230217,2023-02-17,2024-02-17,28700.0,0.13,12,2563.41,Emergency Medical Exp,0.0,CCC - Elevated Risk,Fully Paid,0,0.0
LN-12046,CUST-0927,PRD-AUTO,BR-102,20230214,2023-02-14,2026-02-13,20700.0,0.073,36,642.0,Certified Pre-Owned Luxury Car,28841.4,AAA - Low Risk,Fully Paid,0,0.0
LN-12047,CUST-0005,PRD-EQUIP,BR-105,20240319,2024-03-19,2027-03-19,163100.0,0.094,36,5216.95,Warehouse Forklift Fleet,225687.35,BBB - Moderate Risk,Current / Performing,0,0.0
LN-12048,CUST-0284,PRD-MORT,BR-103,20240824,2024-08-24,2054-08-24,383900.0,0.0675,360,2489.97,Refinance Existing Mortgage,553695.81,BBB - Moderate Risk,Current / Performing,0,0.0
LN-12049,CUST-0307,PRD-PERS,BR-102,20230629,2023-06-29,2026-06-28,11900.0,0.13,36,400.96,Wedding & Family,0.0,CCC - Elevated Risk,Fully Paid,0,0.0
LN-12050,CUST-0111,PRD-MORT,BR-104,20260201,2026-02-01,2046-02-01,512400.0,0.0575,240,3597.48,Refinance Existing Mortgage,644721.65,AAA - Low Risk,Current / Performing,0,0.0
LN-12051,CUST-0874,PRD-AUTO,BR-112,20251015,2025-10-15,2031-10-15,58700.0,0.073,72,1009.25,Certified Pre-Owned Luxury Car,93091.44,AAA - Low Risk,Current / Performing,0,0.0
LN-12052,CUST-0548,PRD-PERS,BR-101,20250406,2025-04-06,2028-04-05,7600.0,0.12,36,252.43,Debt Consolidation,0.0,BBB - Moderate Risk,Current / Performing,0,0.0
LN-12053,CUST-0644,PRD-EDU,BR-103,20251024,2025-10-24,2035-10-24,53600.0,0.064,120,605.89,Medical Residency Program,0.0,AAA - Low Risk,Current / Performing,0,0.0
LN-12054,CUST-0243,PRD-EDU,BR-102,20250429,2025-04-29,2035-04-29,12600.0,0.074,120,148.91,Medical Residency Program,0.0,BBB - Moderate Risk,Current / Performing,0,0.0
LN-12055,CUST-0464,PRD-AUTO,BR-112,20241011,2024-10-11,2027-10-11,34000.0,0.123,36,1134.16,New EV Purchase,41235.48,DDD - High Default Probability,Current / Performing,0,0.0
LN-12056,CUST-0261,PRD-SME,BR-104,20241007,2024-10-07,2031-10-07,194000.0,0.12,84,3424.63,New Branch Expansion,244628.12,DDD - High Default Probability,Current / Performing,0,0.0
LN-12057,CUST-0269,PRD-EDU,BR-101,20251125,2025-11-25,2029-11-25,35100.0,0.094,48,880.15,Medical Residency Program,0.0,DDD - High Default Probability,Current / Performing,0,0.0
LN-12058,CUST-0478,PRD-MORT,BR-103,20231022,2023-10-22,2043-10-22,794600.0,0.0575,240,5578.76,Refinance Existing Mortgage,1217481.36,AAA - Low Risk,Current / Performing,0,0.0
LN-12059,CUST-0436,PRD-PERS,BR-108,20250410,2025-04-10,2029-04-10,19100.0,0.13,48,512.41,Wedding & Family,0.0,CCC - Elevated Risk,Current / Performing,0,0.0
LN-12060,CUST-0252,PRD-EQUIP,BR-102,20260307,2026-03-07,2028-03-06,116300.0,0.084,24,5281.18,Industrial CNC Machine,169617.19,CCC - Elevated Risk,Current / Performing,0,0.0
LN-12061,CUST-0340,PRD-AUTO,BR-109,20240415,2024-04-15,2030-04-15,15400.0,0.073,72,264.78,Fleet Commercial Van,23667.11,CCC - Elevated Risk,Current / Performing,0,0.0
LN-12062,CUST-0479,PRD-PERS,BR-112,20251225,2025-12-25,2029-12-25,16500.0,0.17,48,476.11,Home Renovation,0.0,DDD - High Default Probability,In Default (90+ DPD),1,0.0
LN-12063,CUST-0446,PRD-SME,BR-103,20240428,2024-04-28,2026-04-28,348800.0,0.09,24,15934.84,Technology & IT Modernization,485574.19,BBB - Moderate Risk,Fully Paid,0,0.0
LN-12064,CUST-0976,PRD-PERS,BR-104,20251023,2025-10-23,2029-10-23,22600.0,0.12,48,595.14,Home Renovation,0.0,AAA - Low Risk,Current / Performing,0,0.0
LN-12065,CUST-0691,PRD-EQUIP,BR-106,20240117,2024-01-17,2029-01-16,64300.0,0.084,60,1316.12,Medical Imaging Scanner,97617.23,AAA - Low Risk,Current / Performing,0,0.0
LN-12066,CUST-0134,PRD-PERS,BR-104,20231119,2023-11-19,2027-11-19,28700.0,0.17,48,828.14,Emergency Medical Exp,0.0,DDD - High Default Probability,Current / Performing,0,0.0
LN-12067,CUST-0516,PRD-EQUIP,BR-101,20250902,2025-09-02,2028-09-01,83600.0,0.084,36,2635.17,Medical Imaging Scanner,103191.7,AAA - Low Risk,Current / Performing,0,0.0
LN-12068,CUST-0862,PRD-EDU,BR-105,20230305,2023-03-05,2033-03-04,27500.0,0.074,120,325.0,MBA Program Tuition,0.0,CCC - Elevated Risk,Delinquent (31-60 DPD),0,0.0
LN-12069,CUST-0679,PRD-EQUIP,BR-104,20240701,2024-07-01,2028-07-01,140500.0,0.094,48,3523.1,Medical Imaging Scanner,176728.92,BBB - Moderate Risk,Current / Performing,0,0.0
LN-12070,CUST-0131,PRD-MORT,BR-106,20250105,2025-01-05,2045-01-05,285300.0,0.0875,240,2521.23,Primary Residence Purchase,333553.27,CCC - Elevated Risk,Current / Performing,0,0.0
LN-12071,CUST-0550,PRD-AUTO,BR-110,20240623,2024-06-23,2030-06-23,56200.0,0.083,72,993.62,Fleet Commercial Van,80154.25,BBB - Moderate Risk,Current / Performing,0,0.0
LN-12072,CUST-0971,PRD-AUTO,BR-103,20230906,2023-09-06,2029-09-05,16000.0,0.073,72,275.09,Certified Pre-Owned Luxury Car,18783.06,BBB - Moderate Risk,Delinquent (31-60 DPD),0,0.0
LN-12073,CUST-0677,PRD-SME,BR-105,20260531,2026-05-31,2031-05-31,361200.0,0.12,60,8034.69,Technology & IT Modernization,485478.62,CCC - Elevated Risk,Current / Performing,0,0.0
LN-12074,CUST-0018,PRD-MORT,BR-102,20230128,2023-01-28,2043-01-28,337600.0,0.0875,240,2983.41,Refinance Existing Mortgage,428208.99,DDD - High Default Probability,Current / Performing,0,0.0
LN-12075,CUST-0438,PRD-AUTO,BR-109,20231017,2023-10-17,2027-10-17,51000.0,0.083,48,1252.25,Certified Pre-Owned Luxury Car,66212.08,BBB - Moderate Risk,Current / Performing,0,0.0
LN-12076,CUST-0543,PRD-SME,BR-105,20231130,2023-11-30,2028-11-29,249800.0,0.1,60,5307.51,Inventory Stocking Q4,357318.19,BBB - Moderate Risk,Current / Performing,0,0.0
LN-12077,CUST-0693,PRD-EDU,BR-103,20230408,2023-04-08,2027-04-08,45200.0,0.094,48,1133.41,MBA Program Tuition,0.0,CCC - Elevated Risk,Current / Performing,0,0.0
LN-12078,CUST-0398,PRD-EDU,BR-108,20241016,2024-10-16,2028-10-16,17400.0,0.094,48,436.31,Master of Science in Data Analytics,0.0,CCC - Elevated Risk,Current / Performing,0,0.0
LN-12079,CUST-0830,PRD-SME,BR-112,20240526,2024-05-26,2028-05-26,386400.0,0.12,48,10175.39,New Branch Expansion,559312.94,CCC - Elevated Risk,Charged Off / Written Off,1,217391.96
LN-12080,CUST-0039,PRD-EDU,BR-111,20231116,2023-11-16,2033-11-15,21600.0,0.094,120,278.32,Medical Residency Program,0.0,CCC - Elevated Risk,Current / Performing,0,0.0
LN-12081,CUST-0394,PRD-SME,BR-111,20230725,2023-07-25,2025-07-24,377900.0,0.1,24,17438.17,Inventory Stocking Q4,528226.06,BBB - Moderate Risk,Fully Paid,0,0.0
LN-12082,CUST-0269,PRD-EDU,BR-101,20231003,2023-10-03,2033-10-02,54100.0,0.094,120,697.08,MBA Program Tuition,0.0,DDD - High Default Probability,Current / Performing,0,0.0
LN-12083,CUST-0177,PRD-MORT,BR-102,20250502,2025-05-02,2045-05-02,419900.0,0.0575,240,2948.05,Refinance Existing Mortgage,582787.17,AAA - Low Risk,Current / Performing,0,0.0
LN-12084,CUST-0041,PRD-EDU,BR-105,20251126,2025-11-26,2032-11-25,69000.0,0.074,84,1054.94,MBA Program Tuition,0.0,BBB - Moderate Risk,Delinquent (31-60 DPD),0,0.0
LN-12085,CUST-0049,PRD-SME,BR-110,20260408,2026-04-08,2030-04-08,105100.0,0.09,48,2615.42,Working Capital Expansion,165268.67,CCC - Elevated Risk,Under Restructuring,1,0.0
LN-12086,CUST-0466,PRD-PERS,BR-102,20230805,2023-08-05,2027-08-05,23100.0,0.12,48,608.31,Debt Consolidation,0.0,AAA - Low Risk,Current / Performing,0,0.0
LN-12087,CUST-0019,PRD-PERS,BR-103,20230117,2023-01-17,2025-01-16,6000.0,0.13,24,285.25,Home Renovation,0.0,CCC - Elevated Risk,Fully Paid,0,0.0
LN-12088,CUST-0728,PRD-SME,BR-112,20240814,2024-08-14,2031-08-14,201000.0,0.09,84,3233.9,Technology & IT Modernization,269706.92,AAA - Low Risk,Current / Performing,0,0.0
LN-12089,CUST-0107,PRD-PERS,BR-111,20251121,2025-11-21,2029-11-21,26700.0,0.12,48,703.11,Debt Consolidation,0.0,BBB - Moderate Risk,Current / Performing,0,0.0
LN-12090,CUST-0595,PRD-SME,BR-109,20260117,2026-01-17,2028-01-17,104200.0,0.09,24,4760.35,New Branch Expansion,139121.9,CCC - Elevated Risk,Current / Performing,0,0.0
LN-12091,CUST-0467,PRD-PERS,BR-102,20260108,2026-01-08,2030-01-08,14900.0,0.12,48,392.37,Wedding & Family,0.0,AAA - Low Risk,Delinquent (31-60 DPD),0,0.0
LN-12092,CUST-0137,PRD-AUTO,BR-106,20240523,2024-05-23,2030-05-23,26800.0,0.083,72,473.83,New EV Purchase,37645.14,BBB - Moderate Risk,Current / Performing,0,0.0
LN-12093,CUST-0413,PRD-MORT,BR-108,20250106,2025-01-06,2045-01-06,252900.0,0.0575,240,1775.57,Refinance Existing Mortgage,404069.95,CCC - Elevated Risk,Current / Performing,0,0.0
LN-12094,CUST-0161,PRD-EDU,BR-107,20241210,2024-12-10,2031-12-10,64400.0,0.114,84,1116.28,MBA Program Tuition,0.0,DDD - High Default Probability,Current / Performing,0,0.0
LN-12095,CUST-0193,PRD-EQUIP,BR-106,20230620,2023-06-20,2028-06-19,139800.0,0.094,60,2929.23,Industrial CNC Machine,209394.99,BBB - Moderate Risk,Current / Performing,0,0.0
LN-12096,CUST-0542,PRD-EQUIP,BR-104,20241009,2024-10-09,2029-10-09,62100.0,0.094,60,1301.18,Industrial CNC Machine,83221.59,BBB - Moderate Risk,Delinquent (61-90 DPD),1,0.0
LN-12097,CUST-0681,PRD-SME,BR-111,20230427,2023-04-27,2025-04-26,406200.0,0.1,24,18744.07,Inventory Stocking Q4,493209.94,BBB - Moderate Risk,Fully Paid,0,0.0
LN-12098,CUST-0613,PRD-AUTO,BR-112,20230403,2023-04-03,2029-04-02,55500.0,0.103,72,1036.6,Fleet Commercial Van,85463.61,DDD - High Default Probability,Current / Performing,0,0.0
LN-12099,CUST-0303,PRD-MORT,BR-107,20250915,2025-09-15,2045-09-15,792300.0,0.0675,240,6024.36,Refinance Existing Mortgage,1056506.19,CCC - Elevated Risk,Current / Performing,0,0.0
LN-12100,CUST-0199,PRD-MORT,BR-112,20240207,2024-02-07,2044-02-07,329900.0,0.1075,240,3349.24,Investment Property Buy,440558.7,DDD - High Default Probability,Current / Performing,0,0.0
LN-12101,CUST-0473,PRD-MORT,BR-106,20250315,2025-03-15,2045-03-15,598700.0,0.0875,240,5290.78,Investment Property Buy,898577.59,CCC - Elevated Risk,Current / Performing,0,0.0
LN-12102,CUST-0222,PRD-PERS,BR-106,20230220,2023-02-20,2024-02-20,24400.0,0.13,12,2179.34,Home Renovation,0.0,BBB - Moderate Risk,Fully Paid,0,0.0
LN-12103,CUST-0210,PRD-AUTO,BR-112,20250722,2025-07-22,2028-07-21,17500.0,0.083,36,550.81,Certified Pre-Owned Luxury Car,24993.58,BBB - Moderate Risk,Current / Performing,0,0.0
LN-12104,CUST-0372,PRD-MORT,BR-112,20260525,2026-05-25,2046-05-25,846000.0,0.0675,240,6432.68,Primary Residence Purchase,1063938.81,BBB - Moderate Risk,Delinquent (31-60 DPD),0,0.0
LN-12105,CUST-0712,PRD-EDU,BR-107,20231212,2023-12-12,2028-12-11,78500.0,0.064,60,1532.27,Medical Residency Program,0.0,AAA - Low Risk,Current / Performing,0,0.0
LN-12106,CUST-0425,PRD-SME,BR-106,20260314,2026-03-14,2028-03-13,247400.0,0.09,24,11302.41,New Branch Expansion,298130.71,BBB - Moderate Risk,Current / Performing,0,0.0
LN-12107,CUST-0085,PRD-PERS,BR-111,20240521,2024-05-21,2028-05-21,16800.0,0.15,48,467.56,Wedding & Family,0.0,CCC - Elevated Risk,Current / Performing,0,0.0
LN-12108,CUST-0564,PRD-AUTO,BR-110,20251225,2025-12-25,2031-12-25,23700.0,0.073,72,407.48,Fleet Commercial Van,34192.87,BBB - Moderate Risk,Current / Performing,0,0.0
LN-12109,CUST-0658,PRD-SME,BR-106,20240417,2024-04-17,2027-04-17,438400.0,0.1,36,14145.93,Inventory Stocking Q4,547108.41,BBB - Moderate Risk,Current / Performing,0,0.0
LN-12110,CUST-0797,PRD-SME,BR-101,20260113,2026-01-13,2031-01-13,240700.0,0.12,60,5354.24,Working Capital Expansion,306865.18,DDD - High Default Probability,Current / Performing,0,0.0
LN-12111,CUST-0253,PRD-EQUIP,BR-108,20230920,2023-09-20,2028-09-19,71300.0,0.084,60,1459.39,Warehouse Forklift Fleet,103259.58,AAA - Low Risk,Current / Performing,0,0.0
LN-12112,CUST-0124,PRD-EQUIP,BR-108,20241021,2024-10-21,2029-10-21,29300.0,0.094,60,613.92,Warehouse Forklift Fleet,39279.08,BBB - Moderate Risk,Current / Performing,0,0.0
LN-12113,CUST-0599,PRD-AUTO,BR-108,20250529,2025-05-29,2028-05-28,32400.0,0.073,36,1004.87,Fleet Commercial Van,49966.48,AAA - Low Risk,Current / Performing,0,0.0
LN-12114,CUST-0920,PRD-AUTO,BR-111,20231217,2023-12-17,2026-12-16,44000.0,0.083,36,1384.9,New EV Purchase,57657.07,CCC - Elevated Risk,Fully Paid,0,0.0
LN-12115,CUST-0134,PRD-EDU,BR-104,20260403,2026-04-03,2030-04-03,21700.0,0.114,48,565.07,Master of Science in Data Analytics,0.0,DDD - High Default Probability,Under Restructuring,1,0.0
LN-12116,CUST-0628,PRD-EQUIP,BR-106,20240528,2024-05-28,2028-05-28,51200.0,0.084,48,1259.58,Industrial CNC Machine,64226.02,BBB - Moderate Risk,Current / Performing,0,0.0
LN-12117,CUST-0301,PRD-SME,BR-109,20230128,2023-01-28,2030-01-27,254000.0,0.12,84,4483.79,Technology & IT Modernization,386036.21,DDD - High Default Probability,Under Restructuring,1,0.0
LN-12118,CUST-0468,PRD-EQUIP,BR-103,20240816,2024-08-16,2029-08-16,167300.0,0.084,60,3424.36,Industrial CNC Machine,251061.21,BBB - Moderate Risk,Delinquent (61-90 DPD),1,0.0
LN-12119,CUST-0617,PRD-EDU,BR-111,20250522,2025-05-22,2035-05-22,29500.0,0.114,120,413.07,Medical Residency Program,0.0,DDD - High Default Probability,In Default (90+ DPD),1,0.0
LN-12120,CUST-0644,PRD-SME,BR-103,20230602,2023-06-02,2030-06-01,174900.0,0.09,84,2813.98,Inventory Stocking Q4,264842.99,AAA - Low Risk,Current / Performing,0,0.0
LN-12121,CUST-0479,PRD-MORT,BR-112,20260514,2026-05-14,2046-05-14,682100.0,0.1075,240,6924.88,Investment Property Buy,1012957.17,DDD - High Default Probability,Charged Off / Written Off,1,330747.24
LN-12122,CUST-0647,PRD-MORT,BR-103,20250202,2025-02-02,2045-02-02,546500.0,0.1075,240,5548.23,Investment Property Buy,857414.53,DDD - High Default Probability,Current / Performing,0,0.0
LN-12123,CUST-0922,PRD-EQUIP,BR-112,20251204,2025-12-04,2030-12-04,121200.0,0.134,60,2782.55,Warehouse Forklift Fleet,172748.65,DDD - High Default Probability,Delinquent (31-60 DPD),0,0.0
LN-12124,CUST-0808,PRD-SME,BR-101,20240624,2024-06-24,2026-06-24,446500.0,0.09,24,20398.24,Working Capital Expansion,654111.42,BBB - Moderate Risk,Fully Paid,0,0.0
LN-12125,CUST-0752,PRD-PERS,BR-111,20230614,2023-06-14,2027-06-14,22500.0,0.13,48,603.62,Debt Consolidation,0.0,BBB - Moderate Risk,Current / Performing,0,0.0
LN-12126,CUST-0376,PRD-EDU,BR-102,20240609,2024-06-09,2034-06-09,76900.0,0.074,120,908.81,Master of Science in Data Analytics,0.0,BBB - Moderate Risk,Charged Off / Written Off,1,52111.92
LN-12127,CUST-0222,PRD-AUTO,BR-106,20240126,2024-01-26,2027-01-25,34900.0,0.083,36,1098.48,Fleet Commercial Van,55203.24,BBB - Moderate Risk,Current / Performing,0,0.0
LN-12128,CUST-0119,PRD-MORT,BR-106,20250208,2025-02-08,2045-02-08,271700.0,0.0675,240,2065.91,Investment Property Buy,325238.7,BBB - Moderate Risk,Current / Performing,0,0.0
LN-12129,CUST-0609,PRD-AUTO,BR-106,20230624,2023-06-24,2029-06-23,33200.0,0.083,72,586.98,Fleet Commercial Van,44673.26,CCC - Elevated Risk,Current / Performing,0,0.0
LN-12130,CUST-0817,PRD-EQUIP,BR-103,20260216,2026-02-16,2031-02-16,179000.0,0.094,60,3750.59,Medical Imaging Scanner,256369.16,BBB - Moderate Risk,Current / Performing,0,0.0
LN-12131,CUST-0558,PRD-MORT,BR-111,20230623,2023-06-23,2043-06-23,307500.0,0.0575,240,2158.91,Refinance Existing Mortgage,417742.98,BBB - Moderate Risk,Current / Performing,0,0.0
LN-12132,CUST-0143,PRD-PERS,BR-112,20260530,2026-05-30,2030-05-30,31200.0,0.12,48,821.62,Emergency Medical Exp,0.0,CCC - Elevated Risk,Current / Performing,0,0.0
LN-12133,CUST-0924,PRD-EDU,BR-111,20230206,2023-02-06,2027-02-06,79000.0,0.064,48,1869.84,Medical Residency Program,0.0,AAA - Low Risk,Current / Performing,0,0.0
LN-12134,CUST-0565,PRD-EDU,BR-104,20250724,2025-07-24,2029-07-24,65600.0,0.064,48,1552.68,Medical Residency Program,0.0,CCC - Elevated Risk,Charged Off / Written Off,1,37763.85
LN-12135,CUST-0329,PRD-SME,BR-108,20260421,2026-04-21,2033-04-20,53600.0,0.12,84,946.19,Technology & IT Modernization,80540.34,CCC - Elevated Risk,In Default (90+ DPD),1,0.0
LN-12136,CUST-0432,PRD-EQUIP,BR-112,20251113,2025-11-13,2027-11-13,160500.0,0.094,24,7361.89,Medical Imaging Scanner,194618.14,BBB - Moderate Risk,Current / Performing,0,0.0
LN-12137,CUST-0352,PRD-PERS,BR-111,20251031,2025-10-31,2027-10-31,29800.0,0.13,24,1416.75,Home Renovation,0.0,CCC - Elevated Risk,Delinquent (61-90 DPD),1,0.0
LN-12138,CUST-0660,PRD-EQUIP,BR-109,20230428,2023-04-28,2025-04-27,50700.0,0.134,24,2419.91,Medical Imaging Scanner,63387.2,DDD - High Default Probability,Under Restructuring,1,0.0
LN-12139,CUST-0520,PRD-AUTO,BR-102,20241025,2024-10-25,2030-10-25,23900.0,0.123,72,470.99,Fleet Commercial Van,33459.92,DDD - High Default Probability,Current / Performing,0,0.0
LN-12140,CUST-0373,PRD-EDU,BR-111,20250814,2025-08-14,2029-08-14,36500.0,0.074,48,880.83,Master of Science in Data Analytics,0.0,BBB - Moderate Risk,Current / Performing,0,0.0
LN-12141,CUST-0844,PRD-PERS,BR-105,20241119,2024-11-19,2028-11-19,11400.0,0.17,48,328.95,Debt Consolidation,0.0,DDD - High Default Probability,Delinquent (31-60 DPD),0,0.0
LN-12142,CUST-0273,PRD-EQUIP,BR-110,20241201,2024-12-01,2029-12-01,161800.0,0.094,60,3390.2,Warehouse Forklift Fleet,239721.61,CCC - Elevated Risk,Current / Performing,0,0.0
LN-12143,CUST-0648,PRD-SME,BR-109,20241128,2024-11-28,2031-11-28,187800.0,0.1,84,3117.7,Inventory Stocking Q4,233564.18,BBB - Moderate Risk,In Default (90+ DPD),1,0.0
LN-12144,CUST-0980,PRD-EQUIP,BR-104,20241229,2024-12-29,2026-12-29,150700.0,0.084,24,6843.28,Medical Imaging Scanner,215364.26,AAA - Low Risk,Fully Paid,0,0.0
LN-12145,CUST-0057,PRD-SME,BR-112,20250822,2025-08-22,2032-08-21,302200.0,0.1,84,5016.88,Inventory Stocking Q4,353985.06,BBB - Moderate Risk,Current / Performing,0,0.0
LN-12146,CUST-0402,PRD-MORT,BR-105,20230409,2023-04-09,2043-04-09,320900.0,0.0575,240,2252.99,Primary Residence Purchase,413994.04,AAA - Low Risk,Current / Performing,0,0.0
LN-12147,CUST-0236,PRD-EDU,BR-111,20240110,2024-01-10,2028-01-10,21700.0,0.094,48,544.14,Master of Science in Data Analytics,0.0,CCC - Elevated Risk,Current / Performing,0,0.0
LN-12148,CUST-0986,PRD-EDU,BR-112,20231203,2023-12-03,2033-12-02,49700.0,0.074,120,587.36,MBA Program Tuition,0.0,BBB - Moderate Risk,Current / Performing,0,0.0
LN-12149,CUST-0696,PRD-SME,BR-101,20260119,2026-01-19,2028-01-19,273200.0,0.12,24,12860.47,Inventory Stocking Q4,334262.76,CCC - Elevated Risk,Current / Performing,0,0.0
LN-12150,CUST-0318,PRD-PERS,BR-101,20241103,2024-11-03,2026-11-03,25400.0,0.12,24,1195.67,Home Renovation,0.0,AAA - Low Risk,Fully Paid,0,0.0
LN-12151,CUST-0452,PRD-SME,BR-101,20240730,2024-07-30,2031-07-30,96100.0,0.09,84,1546.16,Inventory Stocking Q4,119663.99,AAA - Low Risk,Current / Performing,0,0.0
LN-12152,CUST-0654,PRD-EQUIP,BR-101,20240321,2024-03-21,2026-03-21,171300.0,0.114,24,8015.77,Medical Imaging Scanner,232520.44,CCC - Elevated Risk,Under Restructuring,1,0.0
LN-12153,CUST-0195,PRD-EDU,BR-108,20231120,2023-11-20,2033-11-19,75400.0,0.074,120,891.08,Medical Residency Program,0.0,BBB - Moderate Risk,Current / Performing,0,0.0
LN-12154,CUST-0097,PRD-EQUIP,BR-107,20230627,2023-06-27,2028-06-26,89200.0,0.094,60,1869.01,Warehouse Forklift Fleet,141483.08,CCC - Elevated Risk,Current / Performing,0,0.0
LN-12155,CUST-0313,PRD-PERS,BR-109,20250112,2025-01-12,2029-01-12,30800.0,0.12,48,811.08,Emergency Medical Exp,0.0,BBB - Moderate Risk,Current / Performing,0,0.0
LN-12156,CUST-0129,PRD-EQUIP,BR-105,20231019,2023-10-19,2026-10-18,36400.0,0.114,36,1198.6,Medical Imaging Scanner,57815.95,DDD - High Default Probability,Fully Paid,0,0.0
LN-12157,CUST-0580,PRD-EQUIP,BR-103,20231108,2023-11-08,2026-11-07,48500.0,0.084,36,1528.78,Industrial CNC Machine,59374.4,AAA - Low Risk,Fully Paid,0,0.0
LN-12158,CUST-0566,PRD-AUTO,BR-112,20250213,2025-02-13,2031-02-13,37400.0,0.073,72,643.03,New EV Purchase,54516.31,AAA - Low Risk,Current / Performing,0,0.0
LN-12159,CUST-0373,PRD-PERS,BR-111,20240122,2024-01-22,2025-01-21,6800.0,0.13,12,607.36,Emergency Medical Exp,0.0,BBB - Moderate Risk,Fully Paid,0,0.0
LN-12160,CUST-0275,PRD-EDU,BR-107,20231226,2023-12-26,2027-12-26,18400.0,0.074,48,444.03,Medical Residency Program,0.0,BBB - Moderate Risk,Delinquent (31-60 DPD),0,0.0
LN-12161,CUST-0929,PRD-EDU,BR-104,20241026,2024-10-26,2031-10-26,32200.0,0.094,84,524.63,Master of Science in Data Analytics,0.0,CCC - Elevated Risk,Delinquent (31-60 DPD),0,0.0
LN-12162,CUST-0594,PRD-AUTO,BR-112,20251225,2025-12-25,2031-12-25,51500.0,0.073,72,885.46,Fleet Commercial Van,68641.29,CCC - Elevated Risk,Current / Performing,0,0.0
LN-12163,CUST-0217,PRD-EQUIP,BR-106,20250520,2025-05-20,2027-05-20,172000.0,0.094,24,7889.38,Industrial CNC Machine,231249.93,CCC - Elevated Risk,Delinquent (61-90 DPD),1,0.0
LN-12164,CUST-0636,PRD-PERS,BR-108,20230110,2023-01-10,2027-01-10,21200.0,0.15,48,590.01,Home Renovation,0.0,CCC - Elevated Risk,Fully Paid,0,0.0
LN-12165,CUST-0904,PRD-PERS,BR-106,20260212,2026-02-12,2030-02-12,19700.0,0.12,48,518.78,Debt Consolidation,0.0,AAA - Low Risk,Current / Performing,0,0.0
LN-12166,CUST-0411,PRD-EDU,BR-102,20260420,2026-04-20,2030-04-20,19400.0,0.064,48,459.18,Master of Science in Data Analytics,0.0,BBB - Moderate Risk,Current / Performing,0,0.0
LN-12167,CUST-0953,PRD-EDU,BR-110,20240926,2024-09-26,2034-09-26,64200.0,0.074,120,758.72,Medical Residency Program,0.0,BBB - Moderate Risk,Current / Performing,0,0.0
LN-12168,CUST-0248,PRD-SME,BR-102,20240727,2024-07-27,2031-07-27,344000.0,0.09,84,5534.64,New Branch Expansion,481639.56,CCC - Elevated Risk,Current / Performing,0,0.0
LN-12169,CUST-0928,PRD-SME,BR-104,20230829,2023-08-29,2030-08-28,258900.0,0.12,84,4570.29,Technology & IT Modernization,354902.85,CCC - Elevated Risk,Current / Performing,0,0.0
LN-12170,CUST-0275,PRD-EDU,BR-107,20230519,2023-05-19,2028-05-18,15400.0,0.074,60,307.85,Master of Science in Data Analytics,0.0,BBB - Moderate Risk,Current / Performing,0,0.0
LN-12171,CUST-0194,PRD-EDU,BR-109,20230426,2023-04-26,2027-04-26,61700.0,0.094,48,1547.15,Master of Science in Data Analytics,0.0,CCC - Elevated Risk,Current / Performing,0,0.0
LN-12172,CUST-0420,PRD-EQUIP,BR-105,20240813,2024-08-13,2027-08-13,76200.0,0.094,36,2437.35,Industrial CNC Machine,110839.2,BBB - Moderate Risk,Current / Performing,0,0.0
LN-12173,CUST-0586,PRD-SME,BR-105,20231102,2023-11-02,2026-11-01,363500.0,0.1,36,11729.12,Inventory Stocking Q4,532656.77,BBB - Moderate Risk,Fully Paid,0,0.0
LN-12174,CUST-0048,PRD-EDU,BR-101,20231220,2023-12-20,2027-12-20,58200.0,0.064,48,1377.53,Medical Residency Program,0.0,AAA - Low Risk,Current / Performing,0,0.0
LN-12175,CUST-0930,PRD-EQUIP,BR-109,20240719,2024-07-19,2029-07-19,41900.0,0.084,60,857.62,Medical Imaging Scanner,64808.91,AAA - Low Risk,Current / Performing,0,0.0
LN-12176,CUST-0819,PRD-AUTO,BR-101,20240525,2024-05-25,2030-05-25,22300.0,0.073,72,383.41,Fleet Commercial Van,25808.37,BBB - Moderate Risk,Current / Performing,0,0.0
LN-12177,CUST-0124,PRD-AUTO,BR-108,20251118,2025-11-18,2031-11-18,20200.0,0.083,72,357.14,Fleet Commercial Van,23419.79,BBB - Moderate Risk,Current / Performing,0,0.0
LN-12178,CUST-0871,PRD-MORT,BR-110,20251122,2025-11-22,2045-11-22,561500.0,0.0675,240,4269.44,Investment Property Buy,814382.72,CCC - Elevated Risk,Current / Performing,0,0.0
LN-12179,CUST-0123,PRD-EDU,BR-112,20260410,2026-04-10,2036-04-09,15700.0,0.064,120,177.47,Medical Residency Program,0.0,AAA - Low Risk,Current / Performing,0,0.0
LN-12180,CUST-0678,PRD-PERS,BR-111,20240910,2024-09-10,2028-09-10,17300.0,0.12,48,455.58,Home Renovation,0.0,AAA - Low Risk,Current / Performing,0,0.0
LN-12181,CUST-0464,PRD-AUTO,BR-112,20230307,2023-03-07,2027-03-07,39600.0,0.123,48,1048.66,Fleet Commercial Van,60859.41,DDD - High Default Probability,Current / Performing,0,0.0
LN-12182,CUST-0003,PRD-EQUIP,BR-105,20250720,2025-07-20,2030-07-20,62700.0,0.114,60,1375.79,Warehouse Forklift Fleet,93172.16,CCC - Elevated Risk,Current / Performing,0,0.0
LN-12183,CUST-0511,PRD-EDU,BR-106,20230318,2023-03-18,2027-03-18,27300.0,0.114,48,710.9,Medical Residency Program,0.0,DDD - High Default Probability,Current / Performing,0,0.0
LN-12184,CUST-0123,PRD-AUTO,BR-112,20230331,2023-03-31,2029-03-30,45300.0,0.073,72,778.86,Certified Pre-Owned Luxury Car,55249.47,AAA - Low Risk,Current / Performing,0,0.0
LN-12185,CUST-0745,PRD-EQUIP,BR-112,20230216,2023-02-16,2025-02-15,42400.0,0.134,24,2023.75,Warehouse Forklift Fleet,60934.21,DDD - High Default Probability,Fully Paid,0,0.0
LN-12186,CUST-0578,PRD-MORT,BR-107,20251002,2025-10-02,2045-10-02,655600.0,0.0575,240,4602.86,Refinance Existing Mortgage,939178.71,AAA - Low Risk,Current / Performing,0,0.0
LN-12187,CUST-0124,PRD-EDU,BR-108,20250909,2025-09-09,2029-09-09,64600.0,0.074,48,1558.94,Medical Residency Program,0.0,BBB - Moderate Risk,Current / Performing,0,0.0
LN-12188,CUST-0754,PRD-AUTO,BR-110,20230812,2023-08-12,2026-08-11,61600.0,0.073,36,1910.49,Fleet Commercial Van,81072.78,BBB - Moderate Risk,Fully Paid,0,0.0
LN-12189,CUST-0142,PRD-EQUIP,BR-108,20231230,2023-12-30,2026-12-29,160600.0,0.084,36,5062.31,Warehouse Forklift Fleet,222644.97,AAA - Low Risk,Fully Paid,0,0.0
LN-12190,CUST-0851,PRD-SME,BR-104,20260224,2026-02-24,2033-02-23,414300.0,0.09,84,6665.71,Working Capital Expansion,619697.86,CCC - Elevated Risk,Current / Performing,0,0.0
LN-12191,CUST-0281,PRD-EDU,BR-103,20230512,2023-05-12,2027-05-12,48200.0,0.114,48,1255.14,Master of Science in Data Analytics,0.0,DDD - High Default Probability,Charged Off / Written Off,1,24978.47
LN-12192,CUST-0309,PRD-AUTO,BR-103,20240404,2024-04-04,2027-04-04,21600.0,0.073,36,669.91,Fleet Commercial Van,31952.41,AAA - Low Risk,Delinquent (31-60 DPD),0,0.0
LN-12193,CUST-0124,PRD-EQUIP,BR-108,20240629,2024-06-29,2028-06-29,69500.0,0.094,48,1742.74,Medical Imaging Scanner,92000.24,BBB - Moderate Risk,Current / Performing,0,0.0
LN-12194,CUST-0948,PRD-PERS,BR-112,20250318,2025-03-18,2029-03-18,23400.0,0.12,48,616.21,Wedding & Family,0.0,CCC - Elevated Risk,Current / Performing,0,0.0
LN-12195,CUST-0808,PRD-AUTO,BR-101,20230915,2023-09-15,2026-09-14,53200.0,0.073,36,1649.97,Certified Pre-Owned Luxury Car,79180.0,BBB - Moderate Risk,Fully Paid,0,0.0
LN-12196,CUST-0899,PRD-MORT,BR-108,20251127,2025-11-27,2045-11-27,676100.0,0.0875,240,5974.77,Primary Residence Purchase,922517.91,DDD - High Default Probability,Under Restructuring,1,0.0
LN-12197,CUST-0265,PRD-EQUIP,BR-104,20240819,2024-08-19,2029-08-19,66100.0,0.094,60,1385.0,Medical Imaging Scanner,86426.21,BBB - Moderate Risk,Current / Performing,0,0.0
LN-12198,CUST-0467,PRD-PERS,BR-102,20230218,2023-02-18,2027-02-18,32600.0,0.12,48,858.48,Wedding & Family,0.0,AAA - Low Risk,Current / Performing,0,0.0
LN-12199,CUST-0325,PRD-EQUIP,BR-106,20260524,2026-05-24,2030-05-24,166400.0,0.084,48,4093.63,Medical Imaging Scanner,228226.49,BBB - Moderate Risk,Current / Performing,0,0.0
LN-12200,CUST-0115,PRD-PERS,BR-105,20250608,2025-06-08,2029-06-08,5400.0,0.13,48,144.87,Home Renovation,0.0,BBB - Moderate Risk,Current / Performing,0,0.0
LN-12201,CUST-0817,PRD-EDU,BR-103,20240112,2024-01-12,2034-01-11,27800.0,0.074,120,328.54,Medical Residency Program,0.0,BBB - Moderate Risk,Current / Performing,0,0.0
LN-12202,CUST-0407,PRD-EQUIP,BR-105,20250507,2025-05-07,2030-05-07,166300.0,0.134,60,3817.98,Medical Imaging Scanner,226154.74,DDD - High Default Probability,In Default (90+ DPD),1,0.0
LN-12203,CUST-0499,PRD-SME,BR-103,20251231,2025-12-31,2030-12-31,262200.0,0.1,60,5570.98,Technology & IT Modernization,388462.34,BBB - Moderate Risk,Current / Performing,0,0.0
LN-12204,CUST-0256,PRD-EDU,BR-107,20241119,2024-11-19,2028-11-19,73500.0,0.074,48,1773.72,MBA Program Tuition,0.0,BBB - Moderate Risk,Delinquent (31-60 DPD),0,0.0
LN-12205,CUST-0464,PRD-EQUIP,BR-112,20260530,2026-05-30,2031-05-30,50500.0,0.134,60,1159.4,Warehouse Forklift Fleet,68814.76,DDD - High Default Probability,Current / Performing,0,0.0
LN-12206,CUST-0902,PRD-PERS,BR-107,20260313,2026-03-13,2030-03-13,32700.0,0.15,48,910.07,Debt Consolidation,0.0,CCC - Elevated Risk,Current / Performing,0,0.0
LN-12207,CUST-0083,PRD-SME,BR-107,20240217,2024-02-17,2031-02-16,51800.0,0.1,84,859.94,New Branch Expansion,63789.53,CCC - Elevated Risk,Current / Performing,0,0.0
LN-12208,CUST-0223,PRD-SME,BR-103,20230522,2023-05-22,2028-05-21,303800.0,0.1,60,6454.85,Technology & IT Modernization,390889.76,BBB - Moderate Risk,Under Restructuring,1,0.0
LN-12209,CUST-0828,PRD-AUTO,BR-109,20260106,2026-01-06,2030-01-06,56900.0,0.083,48,1397.12,Fleet Commercial Van,75716.56,BBB - Moderate Risk,Current / Performing,0,0.0
LN-12210,CUST-0552,PRD-PERS,BR-107,20250313,2025-03-13,2026-03-13,18200.0,0.12,12,1617.05,Emergency Medical Exp,0.0,AAA - Low Risk,Fully Paid,0,0.0
LN-12211,CUST-0661,PRD-MORT,BR-110,20240528,2024-05-28,2044-05-28,643400.0,0.0875,240,5685.79,Refinance Existing Mortgage,770017.78,DDD - High Default Probability,Charged Off / Written Off,1,271878.0
LN-12212,CUST-0328,PRD-AUTO,BR-112,20250826,2025-08-26,2031-08-26,64700.0,0.073,72,1112.41,Fleet Commercial Van,98836.4,AAA - Low Risk,Current / Performing,0,0.0
LN-12213,CUST-0656,PRD-SME,BR-105,20251108,2025-11-08,2032-11-07,167300.0,0.12,84,2953.3,New Branch Expansion,213864.41,CCC - Elevated Risk,Current / Performing,0,0.0
LN-12214,CUST-0737,PRD-AUTO,BR-108,20231208,2023-12-08,2029-12-07,50300.0,0.083,72,889.31,Certified Pre-Owned Luxury Car,59707.88,BBB - Moderate Risk,Current / Performing,0,0.0
LN-12215,CUST-0084,PRD-EDU,BR-110,20230427,2023-04-27,2030-04-26,18800.0,0.074,84,287.43,Medical Residency Program,0.0,BBB - Moderate Risk,Current / Performing,0,0.0
LN-12216,CUST-0206,PRD-AUTO,BR-107,20240503,2024-05-03,2030-05-03,31700.0,0.103,72,592.08,Fleet Commercial Van,48158.61,CCC - Elevated Risk,Current / Performing,0,0.0
LN-12217,CUST-0646,PRD-AUTO,BR-109,20230117,2023-01-17,2029-01-16,36500.0,0.073,72,627.56,Certified Pre-Owned Luxury Car,45385.51,AAA - Low Risk,Current / Performing,0,0.0
LN-12218,CUST-0478,PRD-EDU,BR-103,20230127,2023-01-27,2033-01-26,60200.0,0.064,120,680.5,MBA Program Tuition,0.0,AAA - Low Risk,Current / Performing,0,0.0
LN-12219,CUST-0957,PRD-AUTO,BR-110,20241226,2024-12-26,2027-12-26,52900.0,0.083,36,1665.02,New EV Purchase,64003.73,BBB - Moderate Risk,Current / Performing,0,0.0
LN-12220,CUST-0296,PRD-AUTO,BR-112,20260526,2026-05-26,2030-05-26,25600.0,0.083,48,628.58,New EV Purchase,30700.33,CCC - Elevated Risk,Current / Performing,0,0.0
LN-12221,CUST-0272,PRD-EDU,BR-107,20230828,2023-08-28,2033-08-27,62000.0,0.094,120,798.87,Master of Science in Data Analytics,0.0,CCC - Elevated Risk,Current / Performing,0,0.0
LN-12222,CUST-0654,PRD-MORT,BR-101,20240329,2024-03-29,2044-03-29,426500.0,0.0875,240,3769.03,Refinance Existing Mortgage,510904.61,CCC - Elevated Risk,Current / Performing,0,0.0
LN-12223,CUST-0164,PRD-EDU,BR-107,20240816,2024-08-16,2034-08-16,25100.0,0.074,120,296.63,MBA Program Tuition,0.0,BBB - Moderate Risk,Current / Performing,0,0.0
LN-12224,CUST-0923,PRD-PERS,BR-103,20260327,2026-03-27,2030-03-27,10600.0,0.15,48,295.01,Debt Consolidation,0.0,CCC - Elevated Risk,Under Restructuring,1,0.0
LN-12225,CUST-0073,PRD-MORT,BR-107,20231008,2023-10-08,2043-10-08,615900.0,0.0675,240,4683.08,Primary Residence Purchase,848077.58,BBB - Moderate Risk,Current / Performing,0,0.0
LN-12226,CUST-0497,PRD-EDU,BR-105,20250823,2025-08-23,2032-08-22,20100.0,0.114,84,348.4,Master of Science in Data Analytics,0.0,DDD - High Default Probability,Current / Performing,0,0.0
LN-12227,CUST-0827,PRD-PERS,BR-104,20240803,2024-08-03,2026-08-03,17700.0,0.13,24,841.49,Debt Consolidation,0.0,CCC - Elevated Risk,Fully Paid,0,0.0
LN-12228,CUST-0696,PRD-EDU,BR-101,20251005,2025-10-05,2029-10-05,60000.0,0.094,48,1504.52,MBA Program Tuition,0.0,CCC - Elevated Risk,Delinquent (61-90 DPD),1,0.0
LN-12229,CUST-0024,PRD-MORT,BR-104,20240919,2024-09-19,2054-09-19,327000.0,0.0875,360,2572.51,Primary Residence Purchase,477156.47,CCC - Elevated Risk,Current / Performing,0,0.0
LN-12230,CUST-0131,PRD-PERS,BR-106,20230430,2023-04-30,2027-04-30,30900.0,0.15,48,859.97,Home Renovation,0.0,CCC - Elevated Risk,Current / Performing,0,0.0
LN-12231,CUST-0255,PRD-EDU,BR-103,20230426,2023-04-26,2030-04-25,61800.0,0.074,84,944.86,Master of Science in Data Analytics,0.0,BBB - Moderate Risk,Current / Performing,0,0.0
LN-12232,CUST-0055,PRD-EDU,BR-109,20260418,2026-04-18,2030-04-18,67400.0,0.114,48,1755.11,Master of Science in Data Analytics,0.0,DDD - High Default Probability,Current / Performing,0,0.0
LN-12233,CUST-0870,PRD-SME,BR-106,20250619,2025-06-19,2032-06-18,259000.0,0.1,84,4299.71,New Branch Expansion,336960.75,CCC - Elevated Risk,Current / Performing,0,0.0
LN-12234,CUST-0141,PRD-AUTO,BR-109,20231221,2023-12-21,2026-12-20,36200.0,0.103,36,1173.18,New EV Purchase,51617.62,DDD - High Default Probability,Fully Paid,0,0.0
LN-12235,CUST-0511,PRD-SME,BR-106,20240327,2024-03-27,2026-03-27,120700.0,0.14,24,5795.16,Working Capital Expansion,154550.66,DDD - High Default Probability,Charged Off / Written Off,1,86908.76
LN-12236,CUST-0935,PRD-SME,BR-106,20250816,2025-08-16,2032-08-15,137100.0,0.1,84,2276.02,New Branch Expansion,177424.73,CCC - Elevated Risk,Current / Performing,0,0.0
LN-12237,CUST-0584,PRD-SME,BR-107,20240324,2024-03-24,2026-03-24,306100.0,0.1,24,14124.96,New Branch Expansion,455764.77,BBB - Moderate Risk,Fully Paid,0,0.0
LN-12238,CUST-0118,PRD-EDU,BR-110,20230213,2023-02-13,2033-02-12,31900.0,0.074,120,377.0,MBA Program Tuition,0.0,BBB - Moderate Risk,Current / Performing,0,0.0
LN-12239,CUST-0391,PRD-MORT,BR-112,20230626,2023-06-26,2043-06-26,560600.0,0.0575,240,3935.88,Investment Property Buy,651630.78,CCC - Elevated Risk,Current / Performing,0,0.0
LN-12240,CUST-0191,PRD-MORT,BR-108,20250310,2025-03-10,2045-03-10,443300.0,0.0675,240,3370.69,Primary Residence Purchase,665004.19,BBB - Moderate Risk,Current / Performing,0,0.0
LN-12241,CUST-0728,PRD-SME,BR-112,20230621,2023-06-21,2025-06-20,327000.0,0.09,24,14938.91,Inventory Stocking Q4,401523.63,AAA - Low Risk,Fully Paid,0,0.0
LN-12242,CUST-0521,PRD-EDU,BR-105,20260228,2026-02-28,2030-02-28,32700.0,0.064,48,773.97,Medical Residency Program,0.0,AAA - Low Risk,Current / Performing,0,0.0
LN-12243,CUST-0781,PRD-EQUIP,BR-105,20250720,2025-07-20,2027-07-20,126100.0,0.084,24,5726.19,Medical Imaging Scanner,175507.46,AAA - Low Risk,Current / Performing,0,0.0
LN-12244,CUST-0592,PRD-EDU,BR-107,20251020,2025-10-20,2029-10-20,27900.0,0.114,48,726.52,Master of Science in Data Analytics,0.0,DDD - High Default Probability,Under Restructuring,1,0.0
LN-12245,CUST-0646,PRD-EDU,BR-109,20240706,2024-07-06,2028-07-06,38600.0,0.064,48,913.62,Medical Residency Program,0.0,AAA - Low Risk,Current / Performing,0,0.0
LN-12246,CUST-0257,PRD-EQUIP,BR-106,20241211,2024-12-11,2029-12-11,67900.0,0.094,60,1422.71,Medical Imaging Scanner,87291.82,BBB - Moderate Risk,Current / Performing,0,0.0
LN-12247,CUST-0838,PRD-PERS,BR-110,20240605,2024-06-05,2028-06-05,14200.0,0.15,48,395.2,Debt Consolidation,0.0,DDD - High Default Probability,Current / Performing,0,0.0
LN-12248,CUST-0106,PRD-MORT,BR-111,20251128,2025-11-28,2045-11-28,308600.0,0.0875,240,2727.13,Refinance Existing Mortgage,476453.76,CCC - Elevated Risk,Delinquent (61-90 DPD),1,0.0
LN-12249,CUST-0667,PRD-EQUIP,BR-103,20240201,2024-02-01,2027-01-31,50000.0,0.094,36,1599.31,Warehouse Forklift Fleet,76595.88,BBB - Moderate Risk,Current / Performing,0,0.0
LN-12250,CUST-0010,PRD-PERS,BR-101,20251217,2025-12-17,2029-12-17,31200.0,0.12,48,821.62,Wedding & Family,0.0,AAA - Low Risk,Current / Performing,0,0.0
LN-12251,CUST-0952,PRD-MORT,BR-110,20240120,2024-01-20,2044-01-20,640600.0,0.0675,240,4870.89,Investment Property Buy,874649.16,BBB - Moderate Risk,Current / Performing,0,0.0
LN-12252,CUST-0774,PRD-AUTO,BR-101,20250413,2025-04-13,2031-04-13,40400.0,0.083,72,714.28,Fleet Commercial Van,57782.79,BBB - Moderate Risk,Current / Performing,0,0.0
LN-12253,CUST-0400,PRD-SME,BR-106,20251015,2025-10-15,2029-10-15,246600.0,0.12,48,6493.92,Technology & IT Modernization,348123.66,CCC - Elevated Risk,Current / Performing,0,0.0
LN-12254,CUST-0100,PRD-PERS,BR-103,20240615,2024-06-15,2026-06-15,15100.0,0.13,24,717.88,Home Renovation,0.0,BBB - Moderate Risk,Fully Paid,0,0.0
LN-12255,CUST-0659,PRD-PERS,BR-103,20251008,2025-10-08,2029-10-08,14300.0,0.17,48,412.63,Home Renovation,0.0,DDD - High Default Probability,Current / Performing,0,0.0
LN-12256,CUST-0579,PRD-AUTO,BR-101,20240328,2024-03-28,2029-03-28,48300.0,0.073,60,963.25,Certified Pre-Owned Luxury Car,64716.25,BBB - Moderate Risk,Current / Performing,0,0.0
LN-12257,CUST-0687,PRD-SME,BR-103,20230621,2023-06-21,2026-06-20,159300.0,0.1,36,5140.16,Inventory Stocking Q4,199692.84,BBB - Moderate Risk,Fully Paid,0,0.0
LN-12258,CUST-0294,PRD-EQUIP,BR-112,20260504,2026-05-04,2030-05-04,168500.0,0.094,48,4225.21,Industrial CNC Machine,250912.24,CCC - Elevated Risk,Current / Performing,0,0.0
LN-12259,CUST-0798,PRD-SME,BR-104,20251209,2025-12-09,2032-12-08,383500.0,0.1,84,6366.55,New Branch Expansion,475437.85,BBB - Moderate Risk,In Default (90+ DPD),1,0.0
LN-12260,CUST-0511,PRD-EQUIP,BR-106,20230618,2023-06-18,2028-06-17,135800.0,0.134,60,3117.75,Warehouse Forklift Fleet,198123.3,DDD - High Default Probability,Current / Performing,0,0.0
LN-12261,CUST-0617,PRD-EDU,BR-111,20241014,2024-10-14,2028-10-14,69300.0,0.114,48,1804.59,MBA Program Tuition,0.0,DDD - High Default Probability,Current / Performing,0,0.0
LN-12262,CUST-0796,PRD-AUTO,BR-111,20250731,2025-07-31,2028-07-30,43000.0,0.073,36,1333.62,New EV Purchase,63832.65,AAA - Low Risk,Current / Performing,0,0.0
LN-12263,CUST-0155,PRD-EDU,BR-112,20250104,2025-01-04,2030-01-04,56700.0,0.074,60,1133.46,Medical Residency Program,0.0,CCC - Elevated Risk,Current / Performing,0,0.0
LN-12264,CUST-0793,PRD-AUTO,BR-103,20260330,2026-03-30,2032-03-29,56300.0,0.083,72,995.39,Certified Pre-Owned Luxury Car,79914.87,BBB - Moderate Risk,Current / Performing,0,0.0
LN-12265,CUST-0971,PRD-EDU,BR-103,20230611,2023-06-11,2033-06-10,60300.0,0.064,120,681.63,MBA Program Tuition,0.0,BBB - Moderate Risk,Current / Performing,0,0.0
LN-12266,CUST-0150,PRD-SME,BR-104,20231021,2023-10-21,2027-10-21,183600.0,0.1,48,4656.57,New Branch Expansion,233477.39,BBB - Moderate Risk,Current / Performing,0,0.0
LN-12267,CUST-0510,PRD-EQUIP,BR-108,20250204,2025-02-04,2030-02-04,103100.0,0.094,60,2160.26,Industrial CNC Machine,152825.7,BBB - Moderate Risk,Current / Performing,0,0.0
LN-12268,CUST-0347,PRD-EDU,BR-112,20250427,2025-04-27,2035-04-27,78600.0,0.114,120,1100.59,MBA Program Tuition,0.0,DDD - High Default Probability,Current / Performing,0,0.0
LN-12269,CUST-0750,PRD-MORT,BR-111,20240522,2024-05-22,2054-05-22,801500.0,0.0675,360,5198.51,Investment Property Buy,1188543.68,CCC - Elevated Risk,Current / Performing,0,0.0
LN-12270,CUST-0463,PRD-MORT,BR-106,20250815,2025-08-15,2045-08-15,557400.0,0.1075,240,5658.89,Refinance Existing Mortgage,775994.95,DDD - High Default Probability,Current / Performing,0,0.0
LN-12271,CUST-0999,PRD-EQUIP,BR-102,20260204,2026-02-04,2028-02-04,57400.0,0.114,24,2685.96,Medical Imaging Scanner,69702.65,CCC - Elevated Risk,Current / Performing,0,0.0
LN-12272,CUST-0457,PRD-EDU,BR-106,20240316,2024-03-16,2034-03-16,60600.0,0.064,120,685.02,Master of Science in Data Analytics,0.0,AAA - Low Risk,Current / Performing,0,0.0
LN-12273,CUST-0697,PRD-EDU,BR-109,20230923,2023-09-23,2027-09-23,72200.0,0.064,48,1708.89,Master of Science in Data Analytics,0.0,BBB - Moderate Risk,Current / Performing,0,0.0
LN-12274,CUST-0992,PRD-MORT,BR-111,20240407,2024-04-07,2044-04-07,550100.0,0.0675,240,4182.76,Primary Residence Purchase,848737.72,BBB - Moderate Risk,Current / Performing,0,0.0
LN-12275,CUST-0241,PRD-SME,BR-111,20250722,2025-07-22,2029-07-22,427700.0,0.1,48,10847.58,New Branch Expansion,505358.01,CCC - Elevated Risk,Current / Performing,0,0.0
LN-12276,CUST-0717,PRD-EDU,BR-102,20260518,2026-05-18,2031-05-18,56300.0,0.064,60,1098.94,Master of Science in Data Analytics,0.0,AAA - Low Risk,Delinquent (31-60 DPD),0,0.0
LN-12277,CUST-0216,PRD-EQUIP,BR-111,20231029,2023-10-29,2025-10-28,35000.0,0.094,24,1605.4,Industrial CNC Machine,55932.18,BBB - Moderate Risk,Fully Paid,0,0.0
LN-12278,CUST-0451,PRD-EDU,BR-104,20240430,2024-04-30,2028-04-30,16300.0,0.094,48,408.73,MBA Program Tuition,0.0,CCC - Elevated Risk,Current / Performing,0,0.0
LN-12279,CUST-0487,PRD-EQUIP,BR-110,20251019,2025-10-19,2027-10-19,49100.0,0.084,24,2229.63,Medical Imaging Scanner,59350.39,CCC - Elevated Risk,Current / Performing,0,0.0
LN-12280,CUST-0246,PRD-PERS,BR-102,20230705,2023-07-05,2024-07-04,24400.0,0.13,12,2179.34,Home Renovation,0.0,BBB - Moderate Risk,Fully Paid,0,0.0
LN-12281,CUST-0480,PRD-SME,BR-103,20250603,2025-06-03,2032-06-02,294400.0,0.1,84,4887.39,Working Capital Expansion,429942.43,BBB - Moderate Risk,Current / Performing,0,0.0
LN-12282,CUST-0706,PRD-PERS,BR-109,20230510,2023-05-10,2024-05-09,26100.0,0.12,12,2318.95,Home Renovation,0.0,AAA - Low Risk,Fully Paid,0,0.0
LN-12283,CUST-0518,PRD-EDU,BR-109,20230223,2023-02-23,2027-02-23,31700.0,0.074,48,764.99,MBA Program Tuition,0.0,BBB - Moderate Risk,Current / Performing,0,0.0
LN-12284,CUST-0051,PRD-PERS,BR-106,20250908,2025-09-08,2029-09-08,29900.0,0.12,48,787.38,Wedding & Family,0.0,AAA - Low Risk,Current / Performing,0,0.0
LN-12285,CUST-0700,PRD-MORT,BR-110,20230503,2023-05-03,2043-05-03,512200.0,0.0875,240,4526.37,Refinance Existing Mortgage,592504.61,DDD - High Default Probability,In Default (90+ DPD),1,0.0
LN-12286,CUST-0831,PRD-PERS,BR-103,20250827,2025-08-27,2026-08-27,31600.0,0.17,12,2882.07,Home Renovation,0.0,DDD - High Default Probability,Charged Off / Written Off,1,24768.21
LN-12287,CUST-0516,PRD-EDU,BR-101,20231106,2023-11-06,2028-11-05,67700.0,0.064,60,1321.46,Medical Residency Program,0.0,AAA - Low Risk,Current / Performing,0,0.0
LN-12288,CUST-0797,PRD-MORT,BR-101,20251022,2025-10-22,2045-10-22,434200.0,0.0875,240,3837.07,Investment Property Buy,691893.5,DDD - High Default Probability,In Default (90+ DPD),1,0.0
LN-12289,CUST-0611,PRD-EDU,BR-101,20240719,2024-07-19,2028-07-19,77600.0,0.094,48,1945.85,Medical Residency Program,0.0,CCC - Elevated Risk,Current / Performing,0,0.0
LN-12290,CUST-0350,PRD-EQUIP,BR-105,20230502,2023-05-02,2026-05-01,163200.0,0.134,36,5530.35,Industrial CNC Machine,234570.61,DDD - High Default Probability,In Default (90+ DPD),1,0.0
LN-12291,CUST-0157,PRD-SME,BR-101,20260501,2026-05-01,2033-04-30,76100.0,0.1,84,1263.35,Inventory Stocking Q4,120239.59,BBB - Moderate Risk,Current / Performing,0,0.0
LN-12292,CUST-0232,PRD-PERS,BR-102,20230207,2023-02-07,2024-02-07,17400.0,0.13,12,1554.12,Wedding & Family,0.0,BBB - Moderate Risk,Fully Paid,0,0.0
LN-12293,CUST-0744,PRD-EDU,BR-106,20250531,2025-05-31,2029-05-31,22300.0,0.074,48,538.15,MBA Program Tuition,0.0,BBB - Moderate Risk,Current / Performing,0,0.0
LN-12294,CUST-0163,PRD-PERS,BR-105,20230217,2023-02-17,2024-02-17,4100.0,0.13,12,366.2,Emergency Medical Exp,0.0,BBB - Moderate Risk,Fully Paid,0,0.0
LN-12295,CUST-0503,PRD-PERS,BR-111,20250926,2025-09-26,2029-09-26,26100.0,0.13,48,700.2,Home Renovation,0.0,BBB - Moderate Risk,Current / Performing,0,0.0
LN-12296,CUST-0740,PRD-AUTO,BR-106,20240724,2024-07-24,2029-07-24,39600.0,0.103,60,847.24,Fleet Commercial Van,56079.89,CCC - Elevated Risk,Current / Performing,0,0.0
LN-12297,CUST-0477,PRD-MORT,BR-110,20240529,2024-05-29,2044-05-29,763900.0,0.0675,240,5808.42,Primary Residence Purchase,1131759.53,BBB - Moderate Risk,Current / Performing,0,0.0
LN-12298,CUST-0975,PRD-AUTO,BR-109,20230817,2023-08-17,2028-08-16,46500.0,0.073,60,927.35,New EV Purchase,56462.65,AAA - Low Risk,Delinquent (61-90 DPD),1,0.0
LN-12299,CUST-0074,PRD-SME,BR-105,20240316,2024-03-16,2029-03-16,252400.0,0.12,60,5614.5,Technology & IT Modernization,316869.22,CCC - Elevated Risk,In Default (90+ DPD),1,0.0
LN-12300,CUST-0149,PRD-EDU,BR-101,20251228,2025-12-28,2035-12-28,16800.0,0.064,120,189.91,MBA Program Tuition,0.0,CCC - Elevated Risk,Charged Off / Written Off,1,11656.25
LN-12301,CUST-0839,PRD-AUTO,BR-106,20250919,2025-09-19,2028-09-18,30400.0,0.123,36,1014.08,New EV Purchase,39730.11,DDD - High Default Probability,Current / Performing,0,0.0
LN-12302,CUST-0159,PRD-AUTO,BR-110,20250913,2025-09-13,2028-09-12,30600.0,0.083,36,963.13,Certified Pre-Owned Luxury Car,38481.94,CCC - Elevated Risk,Current / Performing,0,0.0
LN-12303,CUST-0102,PRD-EDU,BR-110,20241226,2024-12-26,2029-12-26,60500.0,0.064,60,1180.92,Medical Residency Program,0.0,BBB - Moderate Risk,Charged Off / Written Off,1,44517.53
LN-12304,CUST-0652,PRD-PERS,BR-111,20260330,2026-03-30,2027-03-30,21800.0,0.13,12,1947.12,Emergency Medical Exp,0.0,BBB - Moderate Risk,Current / Performing,0,0.0
LN-12305,CUST-0993,PRD-SME,BR-110,20230714,2023-07-14,2027-07-14,136600.0,0.12,48,3597.2,Technology & IT Modernization,184003.75,DDD - High Default Probability,Current / Performing,0,0.0
LN-12306,CUST-0475,PRD-SME,BR-111,20230815,2023-08-15,2030-08-14,72600.0,0.09,84,1168.07,New Branch Expansion,113390.93,AAA - Low Risk,Current / Performing,0,0.0
LN-12307,CUST-0943,PRD-AUTO,BR-110,20250706,2025-07-06,2030-07-06,30900.0,0.083,60,630.99,Certified Pre-Owned Luxury Car,39361.01,CCC - Elevated Risk,Current / Performing,0,0.0
LN-12308,CUST-0774,PRD-AUTO,BR-101,20251011,2025-10-11,2028-10-10,24000.0,0.083,36,755.4,Certified Pre-Owned Luxury Car,31856.7,BBB - Moderate Risk,Current / Performing,0,0.0
LN-12309,CUST-0368,PRD-EQUIP,BR-109,20241016,2024-10-16,2029-10-16,68600.0,0.094,60,1437.38,Warehouse Forklift Fleet,99973.7,BBB - Moderate Risk,Current / Performing,0,0.0
LN-12310,CUST-0859,PRD-EQUIP,BR-105,20260413,2026-04-13,2030-04-13,66300.0,0.094,48,1662.5,Medical Imaging Scanner,96864.97,BBB - Moderate Risk,Current / Performing,0,0.0
LN-12311,CUST-0137,PRD-SME,BR-106,20250719,2025-07-19,2027-07-19,431900.0,0.1,24,19929.99,Inventory Stocking Q4,677396.54,BBB - Moderate Risk,Current / Performing,0,0.0
LN-12312,CUST-0831,PRD-MORT,BR-103,20240903,2024-09-03,2044-09-03,516300.0,0.1075,240,5241.63,Investment Property Buy,635169.28,DDD - High Default Probability,Current / Performing,0,0.0
LN-12313,CUST-0675,PRD-MORT,BR-112,20250401,2025-04-01,2045-04-01,225100.0,0.0875,240,1989.23,Refinance Existing Mortgage,318579.18,CCC - Elevated Risk,Current / Performing,0,0.0
LN-12314,CUST-0112,PRD-EDU,BR-109,20250718,2025-07-18,2035-07-18,72800.0,0.094,120,938.03,Master of Science in Data Analytics,0.0,CCC - Elevated Risk,Current / Performing,0,0.0
LN-12315,CUST-0308,PRD-SME,BR-106,20251207,2025-12-07,2032-12-06,372200.0,0.1,84,6178.96,Working Capital Expansion,434200.03,BBB - Moderate Risk,Current / Performing,0,0.0
LN-12316,CUST-0930,PRD-EQUIP,BR-109,20260602,2026-06-02,2028-06-01,109400.0,0.084,24,4967.85,Medical Imaging Scanner,169496.29,AAA - Low Risk,Current / Performing,0,0.0
LN-12317,CUST-0885,PRD-PERS,BR-105,20230920,2023-09-20,2027-09-20,10600.0,0.12,48,279.14,Debt Consolidation,0.0,CCC - Elevated Risk,Charged Off / Written Off,1,5963.14
LN-12318,CUST-0471,PRD-PERS,BR-105,20231102,2023-11-02,2027-11-02,23700.0,0.12,48,624.11,Debt Consolidation,0.0,AAA - Low Risk,Delinquent (31-60 DPD),0,0.0
LN-12319,CUST-0425,PRD-SME,BR-106,20240618,2024-06-18,2026-06-18,405000.0,0.09,24,18502.32,Working Capital Expansion,489643.69,BBB - Moderate Risk,Fully Paid,0,0.0
LN-12320,CUST-0408,PRD-SME,BR-108,20240111,2024-01-11,2031-01-10,191900.0,0.14,84,3596.21,New Branch Expansion,291008.86,DDD - High Default Probability,Current / Performing,0,0.0
LN-12321,CUST-0467,PRD-SME,BR-102,20240605,2024-06-05,2031-06-05,196100.0,0.09,84,3155.07,New Branch Expansion,311596.77,AAA - Low Risk,Current / Performing,0,0.0
LN-12322,CUST-0137,PRD-SME,BR-106,20240702,2024-07-02,2031-07-02,325100.0,0.1,84,5397.04,Inventory Stocking Q4,459768.48,BBB - Moderate Risk,Current / Performing,0,0.0
LN-12323,CUST-0082,PRD-SME,BR-108,20260311,2026-03-11,2033-03-10,237900.0,0.1,84,3949.42,New Branch Expansion,374371.07,BBB - Moderate Risk,Current / Performing,0,0.0
LN-12324,CUST-0170,PRD-PERS,BR-102,20241119,2024-11-19,2028-11-19,9000.0,0.12,48,237.0,Debt Consolidation,0.0,BBB - Moderate Risk,Delinquent (31-60 DPD),0,0.0
LN-12325,CUST-0321,PRD-MORT,BR-111,20250629,2025-06-29,2045-06-29,407700.0,0.1075,240,4139.09,Investment Property Buy,581401.31,DDD - High Default Probability,Charged Off / Written Off,1,318675.46
LN-12326,CUST-0380,PRD-EQUIP,BR-107,20251002,2025-10-02,2028-10-01,34200.0,0.084,36,1078.03,Medical Imaging Scanner,49542.73,CCC - Elevated Risk,Delinquent (31-60 DPD),0,0.0
LN-12327,CUST-0833,PRD-MORT,BR-111,20250428,2025-04-28,2055-04-28,273900.0,0.0675,360,1776.51,Investment Property Buy,330835.04,CCC - Elevated Risk,Current / Performing,0,0.0
LN-12328,CUST-0528,PRD-PERS,BR-112,20260108,2026-01-08,2027-01-08,9100.0,0.15,12,821.35,Debt Consolidation,0.0,CCC - Elevated Risk,Current / Performing,0,0.0
LN-12329,CUST-0779,PRD-PERS,BR-105,20240105,2024-01-05,2028-01-05,23500.0,0.12,48,618.85,Debt Consolidation,0.0,CCC - Elevated Risk,Current / Performing,0,0.0
LN-12330,CUST-0794,PRD-EQUIP,BR-108,20250505,2025-05-05,2030-05-05,123500.0,0.094,60,2587.7,Industrial CNC Machine,185659.24,CCC - Elevated Risk,Current / Performing,0,0.0
LN-12331,CUST-0498,PRD-EDU,BR-111,20230518,2023-05-18,2027-05-18,30900.0,0.064,48,731.37,Master of Science in Data Analytics,0.0,CCC - Elevated Risk,Current / Performing,0,0.0
LN-12332,CUST-0952,PRD-AUTO,BR-110,20230626,2023-06-26,2026-06-25,29000.0,0.083,36,912.77,New EV Purchase,34861.23,BBB - Moderate Risk,Fully Paid,0,0.0
LN-12333,CUST-0341,PRD-SME,BR-110,20251202,2025-12-02,2030-12-02,99500.0,0.12,60,2213.32,New Branch Expansion,121412.08,CCC - Elevated Risk,Current / Performing,0,0.0
LN-12334,CUST-0854,PRD-PERS,BR-104,20230423,2023-04-23,2027-04-23,33300.0,0.13,48,893.36,Home Renovation,0.0,BBB - Moderate Risk,Current / Performing,0,0.0
LN-12335,CUST-0509,PRD-AUTO,BR-101,20240903,2024-09-03,2028-09-03,16700.0,0.103,48,425.97,New EV Purchase,22991.41,DDD - High Default Probability,Charged Off / Written Off,1,9197.36
LN-12336,CUST-0738,PRD-AUTO,BR-101,20230902,2023-09-02,2029-09-01,60200.0,0.123,72,1186.33,New EV Purchase,86713.03,DDD - High Default Probability,Under Restructuring,1,0.0
LN-12337,CUST-0957,PRD-SME,BR-110,20260526,2026-05-26,2033-05-25,422000.0,0.1,84,7005.7,Inventory Stocking Q4,652952.1,BBB - Moderate Risk,Current / Performing,0,0.0
LN-12338,CUST-0217,PRD-PERS,BR-106,20230529,2023-05-29,2025-05-28,34900.0,0.13,24,1659.21,Home Renovation,0.0,CCC - Elevated Risk,Fully Paid,0,0.0
LN-12339,CUST-0367,PRD-PERS,BR-103,20241228,2024-12-28,2025-12-28,28800.0,0.12,12,2558.85,Emergency Medical Exp,0.0,BBB - Moderate Risk,Fully Paid,0,0.0
LN-12340,CUST-0541,PRD-EDU,BR-109,20260526,2026-05-26,2031-05-26,53500.0,0.094,60,1120.99,Medical Residency Program,0.0,DDD - High Default Probability,Current / Performing,0,0.0
LN-12341,CUST-0136,PRD-MORT,BR-108,20260304,2026-03-04,2056-03-03,573000.0,0.0575,360,3343.87,Primary Residence Purchase,707252.01,CCC - Elevated Risk,Charged Off / Written Off,1,349086.14
LN-12342,CUST-0460,PRD-MORT,BR-104,20241208,2024-12-08,2044-12-08,566800.0,0.1075,240,5754.32,Investment Property Buy,686689.51,DDD - High Default Probability,Charged Off / Written Off,1,252513.46
LN-12343,CUST-0944,PRD-AUTO,BR-103,20231014,2023-10-14,2029-10-13,41000.0,0.083,72,724.88,Fleet Commercial Van,56545.99,BBB - Moderate Risk,Current / Performing,0,0.0
LN-12344,CUST-0668,PRD-PERS,BR-111,20240926,2024-09-26,2028-09-26,27100.0,0.13,48,727.03,Debt Consolidation,0.0,CCC - Elevated Risk,Current / Performing,0,0.0
LN-12345,CUST-0238,PRD-MORT,BR-107,20241116,2024-11-16,2044-11-16,658600.0,0.0575,240,4623.92,Investment Property Buy,1038906.29,AAA - Low Risk,Current / Performing,0,0.0
LN-12346,CUST-0435,PRD-EQUIP,BR-102,20240225,2024-02-25,2029-02-24,56000.0,0.114,60,1228.78,Industrial CNC Machine,71302.14,CCC - Elevated Risk,Current / Performing,0,0.0
LN-12347,CUST-0836,PRD-EDU,BR-111,20240217,2024-02-17,2034-02-16,26900.0,0.074,120,317.91,Master of Science in Data Analytics,0.0,BBB - Moderate Risk,Current / Performing,0,0.0
LN-12348,CUST-0116,PRD-EDU,BR-104,20250819,2025-08-19,2029-08-19,64900.0,0.074,48,1566.18,Medical Residency Program,0.0,CCC - Elevated Risk,Current / Performing,0,0.0
LN-12349,CUST-0530,PRD-EQUIP,BR-108,20231226,2023-12-26,2027-12-26,46900.0,0.084,48,1153.79,Warehouse Forklift Fleet,67281.53,AAA - Low Risk,Current / Performing,0,0.0
LN-12350,CUST-0169,PRD-EDU,BR-102,20231206,2023-12-06,2027-12-06,27300.0,0.094,48,684.56,Master of Science in Data Analytics,0.0,CCC - Elevated Risk,Current / Performing,0,0.0
LN-12351,CUST-0739,PRD-EQUIP,BR-110,20250412,2025-04-12,2030-04-12,128300.0,0.084,60,2626.09,Industrial CNC Machine,169620.35,AAA - Low Risk,Delinquent (31-60 DPD),0,0.0
LN-12352,CUST-0086,PRD-EDU,BR-106,20250625,2025-06-25,2030-06-25,43300.0,0.064,60,845.19,Master of Science in Data Analytics,0.0,BBB - Moderate Risk,Current / Performing,0,0.0
LN-12353,CUST-0028,PRD-SME,BR-110,20231125,2023-11-25,2028-11-24,235200.0,0.12,60,5231.89,New Branch Expansion,365012.8,CCC - Elevated Risk,Current / Performing,0,0.0
LN-12354,CUST-0505,PRD-SME,BR-110,20250913,2025-09-13,2028-09-12,172100.0,0.1,36,5553.18,Inventory Stocking Q4,267194.73,CCC - Elevated Risk,Current / Performing,0,0.0
LN-12355,CUST-0855,PRD-EQUIP,BR-106,20260409,2026-04-09,2031-04-09,96500.0,0.134,60,2215.48,Medical Imaging Scanner,135607.42,DDD - High Default Probability,Current / Performing,0,0.0
LN-12356,CUST-0573,PRD-SME,BR-110,20250825,2025-08-25,2029-08-25,107300.0,0.12,48,2825.62,New Branch Expansion,147697.44,CCC - Elevated Risk,Current / Performing,0,0.0
LN-12357,CUST-0953,PRD-AUTO,BR-110,20230222,2023-02-22,2029-02-21,28100.0,0.083,72,496.81,Certified Pre-Owned Luxury Car,42323.92,BBB - Moderate Risk,Current / Performing,0,0.0
LN-12358,CUST-0390,PRD-AUTO,BR-103,20251003,2025-10-03,2028-10-02,35000.0,0.073,36,1085.51,New EV Purchase,50859.32,CCC - Elevated Risk,Charged Off / Written Off,1,22505.85
LN-12359,CUST-0819,PRD-EDU,BR-101,20250501,2025-05-01,2029-05-01,59600.0,0.064,48,1410.66,MBA Program Tuition,0.0,BBB - Moderate Risk,Delinquent (31-60 DPD),0,0.0
LN-12360,CUST-0013,PRD-PERS,BR-104,20260213,2026-02-13,2030-02-13,4400.0,0.12,48,115.87,Emergency Medical Exp,0.0,AAA - Low Risk,Current / Performing,0,0.0
LN-12361,CUST-0767,PRD-SME,BR-106,20250404,2025-04-04,2027-04-04,114300.0,0.1,24,5274.37,Inventory Stocking Q4,158431.0,BBB - Moderate Risk,Current / Performing,0,0.0
LN-12362,CUST-0265,PRD-EQUIP,BR-104,20260205,2026-02-05,2030-02-05,174800.0,0.094,48,4383.18,Industrial CNC Machine,259257.84,BBB - Moderate Risk,Current / Performing,0,0.0
LN-12363,CUST-0966,PRD-SME,BR-108,20260125,2026-01-25,2031-01-25,374900.0,0.1,60,7965.52,New Branch Expansion,504394.22,CCC - Elevated Risk,Current / Performing,0,0.0
LN-12364,CUST-0428,PRD-MORT,BR-103,20230605,2023-06-05,2043-06-05,806200.0,0.0575,240,5660.2,Primary Residence Purchase,1172396.94,AAA - Low Risk,Current / Performing,0,0.0
LN-12365,CUST-0925,PRD-SME,BR-102,20240219,2024-02-19,2026-02-18,94700.0,0.09,24,4326.35,New Branch Expansion,135537.16,BBB - Moderate Risk,Fully Paid,0,0.0
LN-12366,CUST-0823,PRD-EDU,BR-102,20250517,2025-05-17,2035-05-17,30700.0,0.074,120,362.81,MBA Program Tuition,0.0,BBB - Moderate Risk,Current / Performing,0,0.0
LN-12367,CUST-0202,PRD-EDU,BR-112,20230515,2023-05-15,2030-05-14,54300.0,0.094,84,884.7,Medical Residency Program,0.0,CCC - Elevated Risk,Delinquent (31-60 DPD),0,0.0
LN-12368,CUST-0221,PRD-EDU,BR-106,20230704,2023-07-04,2033-07-03,59800.0,0.074,120,706.72,Medical Residency Program,0.0,CCC - Elevated Risk,Current / Performing,0,0.0
LN-12369,CUST-0083,PRD-EQUIP,BR-107,20250914,2025-09-14,2030-09-14,175400.0,0.094,60,3675.16,Warehouse Forklift Fleet,204785.19,CCC - Elevated Risk,Delinquent (61-90 DPD),1,0.0
LN-12370,CUST-0157,PRD-MORT,BR-101,20230313,2023-03-13,2043-03-13,776100.0,0.0675,240,5901.19,Primary Residence Purchase,1043843.85,BBB - Moderate Risk,Delinquent (61-90 DPD),1,0.0
LN-12371,CUST-0423,PRD-EDU,BR-111,20231224,2023-12-24,2028-12-23,23500.0,0.074,60,469.78,Medical Residency Program,0.0,BBB - Moderate Risk,Current / Performing,0,0.0
LN-12372,CUST-0480,PRD-MORT,BR-103,20230530,2023-05-30,2043-05-30,602100.0,0.0675,240,4578.15,Investment Property Buy,749690.89,BBB - Moderate Risk,Current / Performing,0,0.0
LN-12373,CUST-0936,PRD-AUTO,BR-102,20260128,2026-01-28,2032-01-28,60200.0,0.083,72,1064.34,New EV Purchase,70084.9,CCC - Elevated Risk,Current / Performing,0,0.0
LN-12374,CUST-0739,PRD-EQUIP,BR-110,20250906,2025-09-06,2030-09-06,72400.0,0.084,60,1481.91,Industrial CNC Machine,92933.12,AAA - Low Risk,Current / Performing,0,0.0
LN-12375,CUST-0855,PRD-EQUIP,BR-106,20250528,2025-05-28,2030-05-28,106400.0,0.134,60,2442.77,Warehouse Forklift Fleet,153099.88,DDD - High Default Probability,Under Restructuring,1,0.0
LN-12376,CUST-0520,PRD-AUTO,BR-102,20250324,2025-03-24,2031-03-24,45200.0,0.123,72,890.74,Fleet Commercial Van,52025.96,DDD - High Default Probability,Current / Performing,0,0.0
LN-12377,CUST-0557,PRD-SME,BR-101,20230509,2023-05-09,2025-05-08,105700.0,0.1,24,4877.52,Inventory Stocking Q4,162355.51,BBB - Moderate Risk,Fully Paid,0,0.0
LN-12378,CUST-0689,PRD-EDU,BR-111,20231025,2023-10-25,2028-10-24,58700.0,0.114,60,1288.02,MBA Program Tuition,0.0,DDD - High Default Probability,Under Restructuring,1,0.0
LN-12379,CUST-0615,PRD-SME,BR-110,20240116,2024-01-16,2026-01-15,139000.0,0.09,24,6350.18,Inventory Stocking Q4,196360.18,CCC - Elevated Risk,Fully Paid,0,0.0
LN-12380,CUST-0005,PRD-EDU,BR-105,20250730,2025-07-30,2029-07-30,36500.0,0.074,48,880.83,MBA Program Tuition,0.0,BBB - Moderate Risk,Current / Performing,0,0.0
LN-12381,CUST-0482,PRD-AUTO,BR-107,20260515,2026-05-15,2029-05-14,45000.0,0.083,36,1416.37,New EV Purchase,51948.68,CCC - Elevated Risk,Delinquent (61-90 DPD),1,0.0
LN-12382,CUST-0504,PRD-AUTO,BR-102,20240116,2024-01-16,2029-01-15,20400.0,0.083,60,416.57,Fleet Commercial Van,27036.29,CCC - Elevated Risk,Current / Performing,0,0.0
LN-12383,CUST-0708,PRD-PERS,BR-110,20240605,2024-06-05,2028-06-05,3900.0,0.12,48,102.7,Wedding & Family,0.0,BBB - Moderate Risk,Delinquent (31-60 DPD),0,0.0
LN-12384,CUST-0767,PRD-EDU,BR-106,20231211,2023-12-11,2030-12-10,66300.0,0.074,84,1013.66,MBA Program Tuition,0.0,BBB - Moderate Risk,Current / Performing,0,0.0
LN-12385,CUST-0424,PRD-MORT,BR-103,20250714,2025-07-14,2055-07-14,201400.0,0.0575,360,1175.32,Refinance Existing Mortgage,314850.79,CCC - Elevated Risk,Current / Performing,0,0.0
LN-12386,CUST-0384,PRD-EDU,BR-110,20240118,2024-01-18,2031-01-17,43500.0,0.114,84,754.01,MBA Program Tuition,0.0,DDD - High Default Probability,Current / Performing,0,0.0
LN-12387,CUST-0907,PRD-MORT,BR-106,20250615,2025-06-15,2045-06-15,794200.0,0.0875,240,7018.43,Investment Property Buy,1266637.24,CCC - Elevated Risk,Current / Performing,0,0.0
LN-12388,CUST-0100,PRD-MORT,BR-103,20251230,2025-12-30,2045-12-30,208600.0,0.0675,240,1586.12,Primary Residence Purchase,318214.44,BBB - Moderate Risk,Under Restructuring,1,0.0
LN-12389,CUST-0724,PRD-EDU,BR-109,20260501,2026-05-01,2030-05-01,26100.0,0.094,48,654.47,MBA Program Tuition,0.0,DDD - High Default Probability,Current / Performing,0,0.0
LN-12390,CUST-0520,PRD-SME,BR-102,20250328,2025-03-28,2032-03-27,408600.0,0.14,84,7657.17,Working Capital Expansion,472473.16,DDD - High Default Probability,Current / Performing,0,0.0
LN-12391,CUST-0602,PRD-EDU,BR-108,20230515,2023-05-15,2027-05-15,74100.0,0.064,48,1753.86,MBA Program Tuition,0.0,CCC - Elevated Risk,Delinquent (31-60 DPD),0,0.0
LN-12392,CUST-0211,PRD-PERS,BR-105,20240607,2024-06-07,2025-06-07,8600.0,0.12,12,764.1,Emergency Medical Exp,0.0,CCC - Elevated Risk,Fully Paid,0,0.0
LN-12393,CUST-0856,PRD-EQUIP,BR-104,20260504,2026-05-04,2031-05-04,69500.0,0.084,60,1422.55,Warehouse Forklift Fleet,101755.83,CCC - Elevated Risk,Current / Performing,0,0.0
LN-12394,CUST-0550,PRD-AUTO,BR-110,20250124,2025-01-24,2029-01-24,21500.0,0.083,48,527.91,Certified Pre-Owned Luxury Car,29795.15,BBB - Moderate Risk,Current / Performing,0,0.0
LN-12395,CUST-0207,PRD-MORT,BR-102,20250508,2025-05-08,2055-05-08,650100.0,0.0675,360,4216.54,Investment Property Buy,848530.75,BBB - Moderate Risk,Current / Performing,0,0.0
LN-12396,CUST-0390,PRD-EQUIP,BR-103,20250521,2025-05-21,2027-05-21,156800.0,0.084,24,7120.28,Medical Imaging Scanner,181284.93,CCC - Elevated Risk,Current / Performing,0,0.0
LN-12397,CUST-0995,PRD-EQUIP,BR-109,20240830,2024-08-30,2029-08-30,166400.0,0.094,60,3486.58,Medical Imaging Scanner,234792.83,BBB - Moderate Risk,Current / Performing,0,0.0
LN-12398,CUST-0996,PRD-MORT,BR-104,20240427,2024-04-27,2044-04-27,347200.0,0.0675,240,2639.98,Investment Property Buy,545049.77,CCC - Elevated Risk,Current / Performing,0,0.0
LN-12399,CUST-0485,PRD-SME,BR-102,20231120,2023-11-20,2025-11-19,173200.0,0.09,24,7912.6,New Branch Expansion,265908.13,AAA - Low Risk,Fully Paid,0,0.0
LN-12400,CUST-0167,PRD-EDU,BR-108,20240618,2024-06-18,2028-06-18,71100.0,0.114,48,1851.46,MBA Program Tuition,0.0,DDD - High Default Probability,Delinquent (31-60 DPD),0,0.0
LN-12401,CUST-0407,PRD-EDU,BR-105,20240420,2024-04-20,2028-04-20,70800.0,0.114,48,1843.65,Medical Residency Program,0.0,DDD - High Default Probability,In Default (90+ DPD),1,0.0
LN-12402,CUST-0194,PRD-EQUIP,BR-109,20230204,2023-02-04,2026-02-03,30500.0,0.114,36,1004.32,Industrial CNC Machine,46196.39,CCC - Elevated Risk,Fully Paid,0,0.0
LN-12403,CUST-0873,PRD-AUTO,BR-102,20250602,2025-06-02,2030-06-02,63800.0,0.103,60,1365.0,Fleet Commercial Van,85230.33,CCC - Elevated Risk,Current / Performing,0,0.0
LN-12404,CUST-0310,PRD-EDU,BR-109,20250731,2025-07-31,2030-07-31,14500.0,0.064,60,283.03,Master of Science in Data Analytics,0.0,AAA - Low Risk,Delinquent (61-90 DPD),1,0.0
LN-12405,CUST-0893,PRD-EQUIP,BR-101,20230709,2023-07-09,2028-07-08,122700.0,0.094,60,2570.94,Medical Imaging Scanner,148494.45,BBB - Moderate Risk,Current / Performing,0,0.0
LN-12406,CUST-0471,PRD-EQUIP,BR-105,20260323,2026-03-23,2031-03-23,128500.0,0.084,60,2630.19,Medical Imaging Scanner,167020.67,AAA - Low Risk,Delinquent (61-90 DPD),1,0.0
LN-12407,CUST-0849,PRD-PERS,BR-106,20241027,2024-10-27,2028-10-27,8000.0,0.17,48,230.84,Emergency Medical Exp,0.0,DDD - High Default Probability,In Default (90+ DPD),1,0.0
LN-12408,CUST-0415,PRD-AUTO,BR-108,20240427,2024-04-27,2029-04-27,64900.0,0.083,60,1325.28,New EV Purchase,85323.2,CCC - Elevated Risk,Current / Performing,0,0.0
LN-12409,CUST-0515,PRD-MORT,BR-109,20260101,2026-01-01,2046-01-01,677000.0,0.0575,240,4753.11,Refinance Existing Mortgage,808320.53,BBB - Moderate Risk,Current / Performing,0,0.0
LN-12410,CUST-0383,PRD-AUTO,BR-109,20241019,2024-10-19,2030-10-19,52100.0,0.073,72,895.78,Certified Pre-Owned Luxury Car,77275.54,AAA - Low Risk,Current / Performing,0,0.0
LN-12411,CUST-0662,PRD-AUTO,BR-109,20250218,2025-02-18,2028-02-18,45300.0,0.083,36,1425.82,Certified Pre-Owned Luxury Car,63406.29,BBB - Moderate Risk,Current / Performing,0,0.0
LN-12412,CUST-0378,PRD-PERS,BR-111,20240711,2024-07-11,2028-07-11,32000.0,0.12,48,842.68,Wedding & Family,0.0,BBB - Moderate Risk,Current / Performing,0,0.0
LN-12413,CUST-0366,PRD-MORT,BR-110,20250915,2025-09-15,2045-09-15,307200.0,0.0575,240,2156.8,Investment Property Buy,465302.76,CCC - Elevated Risk,Current / Performing,0,0.0
LN-12414,CUST-0670,PRD-PERS,BR-105,20250806,2025-08-06,2029-08-06,26300.0,0.17,48,758.89,Wedding & Family,0.0,DDD - High Default Probability,In Default (90+ DPD),1,0.0
LN-12415,CUST-0102,PRD-EQUIP,BR-110,20240310,2024-03-10,2029-03-10,139000.0,0.084,60,2845.1,Medical Imaging Scanner,187662.08,BBB - Moderate Risk,Current / Performing,0,0.0
LN-12416,CUST-0585,PRD-PERS,BR-102,20230903,2023-09-03,2027-09-03,11600.0,0.13,48,311.2,Emergency Medical Exp,0.0,CCC - Elevated Risk,Delinquent (31-60 DPD),0,0.0
LN-12417,CUST-0306,PRD-PERS,BR-106,20231112,2023-11-12,2027-11-12,26900.0,0.13,48,721.66,Debt Consolidation,0.0,BBB - Moderate Risk,Current / Performing,0,0.0
LN-12418,CUST-0534,PRD-PERS,BR-107,20241111,2024-11-11,2028-11-11,14100.0,0.17,48,406.86,Emergency Medical Exp,0.0,DDD - High Default Probability,Current / Performing,0,0.0
LN-12419,CUST-0406,PRD-EDU,BR-110,20240427,2024-04-27,2031-04-27,13800.0,0.064,84,204.25,Master of Science in Data Analytics,0.0,AAA - Low Risk,Current / Performing,0,0.0
LN-12420,CUST-0439,PRD-EDU,BR-109,20240516,2024-05-16,2034-05-16,48100.0,0.064,120,543.72,MBA Program Tuition,0.0,AAA - Low Risk,Current / Performing,0,0.0
LN-12421,CUST-0219,PRD-MORT,BR-106,20250516,2025-05-16,2045-05-16,763500.0,0.0575,240,5360.41,Primary Residence Purchase,984498.62,AAA - Low Risk,Current / Performing,0,0.0
LN-12422,CUST-0642,PRD-AUTO,BR-111,20230601,2023-06-01,2026-05-31,49300.0,0.103,36,1597.73,Fleet Commercial Van,57734.48,CCC - Elevated Risk,Fully Paid,0,0.0
LN-12423,CUST-0616,PRD-EDU,BR-111,20230712,2023-07-12,2033-07-11,48600.0,0.094,120,626.21,MBA Program Tuition,0.0,CCC - Elevated Risk,Current / Performing,0,0.0
LN-12424,CUST-0185,PRD-SME,BR-112,20231015,2023-10-15,2028-10-14,292500.0,0.12,60,6506.5,Working Capital Expansion,350601.28,CCC - Elevated Risk,Current / Performing,0,0.0
LN-12425,CUST-0878,PRD-SME,BR-112,20231231,2023-12-31,2030-12-30,338700.0,0.1,84,5622.82,Working Capital Expansion,403277.71,BBB - Moderate Risk,Current / Performing,0,0.0
LN-12426,CUST-0673,PRD-EDU,BR-110,20250327,2025-03-27,2029-03-27,69200.0,0.074,48,1669.95,MBA Program Tuition,0.0,CCC - Elevated Risk,Current / Performing,0,0.0
LN-12427,CUST-0396,PRD-SME,BR-106,20231011,2023-10-11,2028-10-10,172300.0,0.09,60,3576.66,New Branch Expansion,236484.17,BBB - Moderate Risk,Current / Performing,0,0.0
LN-12428,CUST-0604,PRD-SME,BR-101,20240613,2024-06-13,2031-06-13,287100.0,0.09,84,4619.17,New Branch Expansion,364519.55,AAA - Low Risk,Current / Performing,0,0.0
LN-12429,CUST-0979,PRD-PERS,BR-110,20240128,2024-01-28,2028-01-28,20500.0,0.12,48,539.84,Debt Consolidation,0.0,AAA - Low Risk,Current / Performing,0,0.0
LN-12430,CUST-0137,PRD-PERS,BR-106,20260407,2026-04-07,2030-04-07,34200.0,0.13,48,917.5,Wedding & Family,0.0,BBB - Moderate Risk,Current / Performing,0,0.0
LN-12431,CUST-0727,PRD-EDU,BR-110,20240608,2024-06-08,2028-06-08,56200.0,0.074,48,1356.23,MBA Program Tuition,0.0,CCC - Elevated Risk,Current / Performing,0,0.0
LN-12432,CUST-0581,PRD-EDU,BR-104,20230604,2023-06-04,2027-06-04,36900.0,0.074,48,890.48,Master of Science in Data Analytics,0.0,BBB - Moderate Risk,Current / Performing,0,0.0
LN-12433,CUST-0534,PRD-SME,BR-107,20230406,2023-04-06,2027-04-06,392000.0,0.14,48,10711.98,Inventory Stocking Q4,575049.66,DDD - High Default Probability,Delinquent (31-60 DPD),0,0.0
LN-12434,CUST-0393,PRD-PERS,BR-111,20250911,2025-09-11,2029-09-11,21200.0,0.12,48,558.28,Emergency Medical Exp,0.0,CCC - Elevated Risk,Current / Performing,0,0.0
LN-12435,CUST-0168,PRD-AUTO,BR-101,20250521,2025-05-21,2031-05-21,41300.0,0.073,72,710.09,Certified Pre-Owned Luxury Car,48110.03,BBB - Moderate Risk,Delinquent (61-90 DPD),1,0.0
LN-12436,CUST-0082,PRD-SME,BR-108,20250403,2025-04-03,2032-04-02,313600.0,0.1,84,5206.13,Working Capital Expansion,476159.06,BBB - Moderate Risk,Delinquent (61-90 DPD),1,0.0
LN-12437,CUST-0726,PRD-PERS,BR-105,20240714,2024-07-14,2028-07-14,30600.0,0.17,48,882.96,Debt Consolidation,0.0,DDD - High Default Probability,Current / Performing,0,0.0
LN-12438,CUST-0401,PRD-PERS,BR-111,20241118,2024-11-18,2026-11-18,28300.0,0.15,24,1372.17,Home Renovation,0.0,CCC - Elevated Risk,Fully Paid,0,0.0
LN-12439,CUST-0129,PRD-EDU,BR-105,20240804,2024-08-04,2031-08-04,24000.0,0.094,84,391.03,Master of Science in Data Analytics,0.0,DDD - High Default Probability,Current / Performing,0,0.0
LN-12440,CUST-0828,PRD-MORT,BR-109,20260524,2026-05-24,2046-05-24,700000.0,0.0675,240,5322.55,Primary Residence Purchase,1051076.49,BBB - Moderate Risk,Current / Performing,0,0.0
LN-12441,CUST-0232,PRD-MORT,BR-102,20230804,2023-08-04,2053-08-03,774900.0,0.0675,360,5025.99,Primary Residence Purchase,1231636.63,BBB - Moderate Risk,Current / Performing,0,0.0
LN-12442,CUST-0539,PRD-SME,BR-112,20250531,2025-05-31,2032-05-30,374800.0,0.1,84,6222.12,Technology & IT Modernization,450963.62,BBB - Moderate Risk,Current / Performing,0,0.0
LN-12443,CUST-0086,PRD-EQUIP,BR-106,20250123,2025-01-23,2027-01-23,86800.0,0.084,24,3941.58,Medical Imaging Scanner,121598.28,BBB - Moderate Risk,Current / Performing,0,0.0
LN-12444,CUST-0414,PRD-SME,BR-109,20250716,2025-07-16,2032-07-15,233200.0,0.1,84,3871.4,Working Capital Expansion,341200.07,BBB - Moderate Risk,Current / Performing,0,0.0
LN-12445,CUST-0473,PRD-MORT,BR-106,20240326,2024-03-26,2044-03-26,501600.0,0.0875,240,4432.69,Primary Residence Purchase,600839.56,CCC - Elevated Risk,Current / Performing,0,0.0
LN-12446,CUST-0551,PRD-MORT,BR-106,20240828,2024-08-28,2044-08-28,455100.0,0.0575,240,3195.18,Primary Residence Purchase,579673.58,AAA - Low Risk,Current / Performing,0,0.0
LN-12447,CUST-0878,PRD-MORT,BR-112,20260303,2026-03-03,2056-03-02,756700.0,0.0675,360,4907.94,Primary Residence Purchase,931923.23,BBB - Moderate Risk,Current / Performing,0,0.0
LN-12448,CUST-0484,PRD-PERS,BR-108,20250205,2025-02-05,2026-02-05,33300.0,0.12,12,2958.66,Home Renovation,0.0,BBB - Moderate Risk,Charged Off / Written Off,1,21722.45
LN-12449,CUST-0153,PRD-EDU,BR-104,20240903,2024-09-03,2028-09-03,41200.0,0.064,48,975.16,Medical Residency Program,0.0,CCC - Elevated Risk,Delinquent (31-60 DPD),0,0.0
LN-12450,CUST-0960,PRD-EDU,BR-106,20260214,2026-02-14,2030-02-14,79200.0,0.074,48,1911.28,Medical Residency Program,0.0,BBB - Moderate Risk,Delinquent (31-60 DPD),0,0.0
LN-12451,CUST-0090,PRD-MORT,BR-101,20230916,2023-09-16,2043-09-16,727300.0,0.0675,240,5530.13,Primary Residence Purchase,843479.06,BBB - Moderate Risk,Current / Performing,0,0.0
LN-12452,CUST-0709,PRD-EDU,BR-105,20230907,2023-09-07,2033-09-06,14200.0,0.094,120,182.97,MBA Program Tuition,0.0,DDD - High Default Probability,Charged Off / Written Off,1,6348.64
LN-12453,CUST-0809,PRD-EDU,BR-109,20230928,2023-09-28,2033-09-27,54600.0,0.074,120,645.27,Medical Residency Program,0.0,CCC - Elevated Risk,Current / Performing,0,0.0
LN-12454,CUST-0175,PRD-AUTO,BR-109,20231217,2023-12-17,2029-12-16,34900.0,0.073,72,600.05,Certified Pre-Owned Luxury Car,42727.62,BBB - Moderate Risk,Current / Performing,0,0.0
LN-12455,CUST-0991,PRD-SME,BR-109,20250610,2025-06-10,2027-06-10,414900.0,0.12,24,19530.78,Technology & IT Modernization,541540.07,DDD - High Default Probability,Charged Off / Written Off,1,290758.11
LN-12456,CUST-0183,PRD-EQUIP,BR-101,20230727,2023-07-27,2025-07-26,115600.0,0.114,24,5409.36,Warehouse Forklift Fleet,164693.94,DDD - High Default Probability,Fully Paid,0,0.0
LN-12457,CUST-0134,PRD-PERS,BR-104,20240610,2024-06-10,2028-06-10,8800.0,0.17,48,253.92,Emergency Medical Exp,0.0,DDD - High Default Probability,Delinquent (61-90 DPD),1,0.0
LN-12458,CUST-0778,PRD-SME,BR-106,20231009,2023-10-09,2030-10-08,320000.0,0.12,84,5648.87,Working Capital Expansion,443572.09,CCC - Elevated Risk,Current / Performing,0,0.0
LN-12459,CUST-0205,PRD-PERS,BR-102,20231031,2023-10-31,2025-10-30,11100.0,0.13,24,527.71,Debt Consolidation,0.0,BBB - Moderate Risk,Fully Paid,0,0.0
LN-12460,CUST-0228,PRD-EDU,BR-105,20240820,2024-08-20,2028-08-20,42400.0,0.074,48,1023.21,Medical Residency Program,0.0,CCC - Elevated Risk,Current / Performing,0,0.0
LN-12461,CUST-0298,PRD-MORT,BR-111,20230227,2023-02-27,2043-02-27,752700.0,0.0675,240,5723.26,Investment Property Buy,1059142.55,BBB - Moderate Risk,Current / Performing,0,0.0
LN-12462,CUST-0093,PRD-AUTO,BR-110,20230402,2023-04-02,2029-04-01,25400.0,0.083,72,449.07,Certified Pre-Owned Luxury Car,39885.86,BBB - Moderate Risk,Current / Performing,0,0.0
LN-12463,CUST-0988,PRD-EDU,BR-112,20230710,2023-07-10,2027-07-10,31200.0,0.094,48,782.35,Medical Residency Program,0.0,CCC - Elevated Risk,Under Restructuring,1,0.0
LN-12464,CUST-0894,PRD-EQUIP,BR-105,20240804,2024-08-04,2029-08-04,132100.0,0.084,60,2703.87,Industrial CNC Machine,159048.1,AAA - Low Risk,Current / Performing,0,0.0
LN-12465,CUST-0410,PRD-EDU,BR-108,20230428,2023-04-28,2030-04-27,51700.0,0.074,84,790.44,Master of Science in Data Analytics,0.0,BBB - Moderate Risk,Current / Performing,0,0.0
LN-12466,CUST-0924,PRD-EDU,BR-111,20241110,2024-11-10,2028-11-10,56100.0,0.064,48,1327.82,Master of Science in Data Analytics,0.0,AAA - Low Risk,Current / Performing,0,0.0
LN-12467,CUST-0600,PRD-PERS,BR-110,20230106,2023-01-06,2027-01-06,34700.0,0.12,48,913.78,Debt Consolidation,0.0,AAA - Low Risk,Fully Paid,0,0.0
LN-12468,CUST-0114,PRD-SME,BR-108,20250312,2025-03-12,2032-03-11,179100.0,0.09,84,2881.55,Inventory Stocking Q4,236516.84,AAA - Low Risk,Current / Performing,0,0.0
LN-12469,CUST-0713,PRD-EQUIP,BR-108,20230906,2023-09-06,2028-09-05,114800.0,0.094,60,2405.41,Industrial CNC Machine,165822.44,BBB - Moderate Risk,Current / Performing,0,0.0
LN-12470,CUST-0126,PRD-PERS,BR-107,20240303,2024-03-03,2028-03-03,29600.0,0.12,48,779.48,Emergency Medical Exp,0.0,CCC - Elevated Risk,Current / Performing,0,0.0
LN-12471,CUST-0190,PRD-PERS,BR-106,20240210,2024-02-10,2028-02-10,25700.0,0.12,48,676.78,Wedding & Family,0.0,AAA - Low Risk,Current / Performing,0,0.0
LN-12472,CUST-0299,PRD-SME,BR-105,20230820,2023-08-20,2026-08-19,53700.0,0.1,36,1732.75,Technology & IT Modernization,76156.54,BBB - Moderate Risk,Fully Paid,0,0.0
LN-12473,CUST-0251,PRD-SME,BR-101,20240717,2024-07-17,2026-07-17,398400.0,0.1,24,18384.14,Technology & IT Modernization,478070.06,CCC - Elevated Risk,In Default (90+ DPD),1,0.0
LN-12474,CUST-0572,PRD-EQUIP,BR-103,20250208,2025-02-08,2027-02-08,46800.0,0.114,24,2189.95,Medical Imaging Scanner,60988.08,CCC - Elevated Risk,Current / Performing,0,0.0
LN-12475,CUST-0255,PRD-SME,BR-103,20250522,2025-05-22,2032-05-21,226800.0,0.1,84,3765.15,Working Capital Expansion,353976.05,BBB - Moderate Risk,Current / Performing,0,0.0
LN-12476,CUST-0368,PRD-EDU,BR-109,20240126,2024-01-26,2028-01-26,49900.0,0.074,48,1204.2,Master of Science in Data Analytics,0.0,BBB - Moderate Risk,Delinquent (61-90 DPD),1,0.0
LN-12477,CUST-0180,PRD-EDU,BR-111,20250809,2025-08-09,2030-08-09,31400.0,0.074,60,627.7,MBA Program Tuition,0.0,BBB - Moderate Risk,Current / Performing,0,0.0
LN-12478,CUST-0794,PRD-MORT,BR-108,20250411,2025-04-11,2055-04-11,536100.0,0.0675,360,3477.13,Primary Residence Purchase,799309.25,CCC - Elevated Risk,Current / Performing,0,0.0
LN-12479,CUST-0482,PRD-EQUIP,BR-107,20251025,2025-10-25,2030-10-25,68200.0,0.094,60,1429.0,Warehouse Forklift Fleet,103125.68,CCC - Elevated Risk,Current / Performing,0,0.0
LN-12480,CUST-0319,PRD-EDU,BR-112,20230822,2023-08-22,2027-08-22,52400.0,0.094,48,1313.95,MBA Program Tuition,0.0,CCC - Elevated Risk,Delinquent (61-90 DPD),1,0.0
LN-12481,CUST-0233,PRD-SME,BR-112,20240901,2024-09-01,2029-09-01,321700.0,0.09,60,6677.96,New Branch Expansion,393231.6,CCC - Elevated Risk,Under Restructuring,1,0.0
LN-12482,CUST-0113,PRD-SME,BR-111,20231021,2023-10-21,2030-10-20,254800.0,0.12,84,4497.92,Inventory Stocking Q4,371298.55,CCC - Elevated Risk,Current / Performing,0,0.0
LN-12483,CUST-0579,PRD-PERS,BR-101,20230826,2023-08-26,2026-08-25,6500.0,0.12,36,215.89,Wedding & Family,0.0,BBB - Moderate Risk,Fully Paid,0,0.0
LN-12484,CUST-0311,PRD-SME,BR-112,20230328,2023-03-28,2026-03-27,127100.0,0.09,36,4041.75,New Branch Expansion,189842.83,AAA - Low Risk,Fully Paid,0,0.0
LN-12485,CUST-0950,PRD-EDU,BR-105,20250629,2025-06-29,2032-06-28,15800.0,0.064,84,233.86,Medical Residency Program,0.0,BBB - Moderate Risk,Current / Performing,0,0.0
LN-12486,CUST-0823,PRD-EDU,BR-102,20241005,2024-10-05,2031-10-05,21000.0,0.074,84,321.07,Master of Science in Data Analytics,0.0,BBB - Moderate Risk,Current / Performing,0,0.0
LN-12487,CUST-0747,PRD-EDU,BR-108,20250715,2025-07-15,2029-07-15,68800.0,0.114,48,1791.57,Medical Residency Program,0.0,DDD - High Default Probability,Under Restructuring,1,0.0
LN-12488,CUST-0212,PRD-MORT,BR-112,20230108,2023-01-08,2043-01-08,486300.0,0.0875,240,4297.49,Investment Property Buy,772625.97,CCC - Elevated Risk,Delinquent (61-90 DPD),1,0.0
LN-12489,CUST-0868,PRD-SME,BR-111,20240706,2024-07-06,2031-07-06,345600.0,0.09,84,5560.39,Inventory Stocking Q4,474705.78,AAA - Low Risk,Current / Performing,0,0.0
LN-12490,CUST-0265,PRD-MORT,BR-104,20241114,2024-11-14,2044-11-14,828700.0,0.0675,240,6301.14,Primary Residence Purchase,1151182.69,BBB - Moderate Risk,Current / Performing,0,0.0
LN-12491,CUST-0383,PRD-EDU,BR-109,20260214,2026-02-14,2030-02-14,66300.0,0.064,48,1569.25,MBA Program Tuition,0.0,AAA - Low Risk,Current / Performing,0,0.0
LN-12492,CUST-0052,PRD-EQUIP,BR-112,20250826,2025-08-26,2027-08-26,124200.0,0.114,24,5811.79,Medical Imaging Scanner,160734.48,CCC - Elevated Risk,Delinquent (61-90 DPD),1,0.0
LN-12493,CUST-0117,PRD-PERS,BR-101,20260205,2026-02-05,2028-02-05,6700.0,0.12,24,315.39,Debt Consolidation,0.0,AAA - Low Risk,Delinquent (61-90 DPD),1,0.0
LN-12494,CUST-0888,PRD-AUTO,BR-104,20240622,2024-06-22,2030-06-22,54600.0,0.083,72,965.33,New EV Purchase,83221.02,BBB - Moderate Risk,Current / Performing,0,0.0
LN-12495,CUST-0781,PRD-MORT,BR-105,20250526,2025-05-26,2045-05-26,804200.0,0.0575,240,5646.16,Investment Property Buy,1241900.52,AAA - Low Risk,Current / Performing,0,0.0
LN-12496,CUST-0935,PRD-EDU,BR-106,20260303,2026-03-03,2030-03-03,32500.0,0.074,48,784.3,Master of Science in Data Analytics,0.0,CCC - Elevated Risk,Current / Performing,0,0.0
LN-12497,CUST-0107,PRD-AUTO,BR-111,20250429,2025-04-29,2031-04-29,43300.0,0.073,72,744.48,Certified Pre-Owned Luxury Car,57002.85,BBB - Moderate Risk,Current / Performing,0,0.0
LN-12498,CUST-0626,PRD-PERS,BR-111,20241027,2024-10-27,2028-10-27,19300.0,0.12,48,508.24,Emergency Medical Exp,0.0,BBB - Moderate Risk,Delinquent (61-90 DPD),1,0.0
LN-12499,CUST-0664,PRD-EDU,BR-106,20240606,2024-06-06,2028-06-06,10300.0,0.064,48,243.79,Medical Residency Program,0.0,AAA - Low Risk,Current / Performing,0,0.0
LN-12500,CUST-0804,PRD-PERS,BR-110,20250301,2025-03-01,2029-03-01,32500.0,0.12,48,855.85,Debt Consolidation,0.0,BBB - Moderate Risk,Current / Performing,0,0.0
LN-12501,CUST-0553,PRD-MORT,BR-110,20240324,2024-03-24,2044-03-24,543200.0,0.0875,240,4800.32,Primary Residence Purchase,651766.74,CCC - Elevated Risk,Current / Performing,0,0.0
LN-12502,CUST-0933,PRD-EQUIP,BR-105,20230512,2023-05-12,2028-05-11,36800.0,0.094,60,771.07,Industrial CNC Machine,42445.4,CCC - Elevated Risk,Current / Performing,0,0.0
LN-12503,CUST-0871,PRD-MORT,BR-110,20230115,2023-01-15,2053-01-14,849900.0,0.0675,360,5512.44,Investment Property Buy,1263720.81,CCC - Elevated Risk,Delinquent (31-60 DPD),0,0.0
LN-12504,CUST-0081,PRD-PERS,BR-107,20260228,2026-02-28,2030-02-28,14400.0,0.13,48,386.32,Debt Consolidation,0.0,BBB - Moderate Risk,Current / Performing,0,0.0
LN-12505,CUST-0100,PRD-MORT,BR-103,20231215,2023-12-15,2043-12-15,648700.0,0.0675,240,4932.48,Primary Residence Purchase,974442.8,BBB - Moderate Risk,Current / Performing,0,0.0
LN-12506,CUST-0840,PRD-SME,BR-101,20250826,2025-08-26,2028-08-25,140900.0,0.1,36,4546.45,New Branch Expansion,211020.74,BBB - Moderate Risk,Delinquent (31-60 DPD),0,0.0
LN-12507,CUST-0786,PRD-EDU,BR-105,20250114,2025-01-14,2032-01-14,47500.0,0.114,84,823.34,Medical Residency Program,0.0,DDD - High Default Probability,Current / Performing,0,0.0
LN-12508,CUST-0402,PRD-SME,BR-105,20230303,2023-03-03,2030-03-02,363900.0,0.09,84,5854.82,Inventory Stocking Q4,508195.45,AAA - Low Risk,Delinquent (31-60 DPD),0,0.0
LN-12509,CUST-0394,PRD-EQUIP,BR-111,20250301,2025-03-01,2030-03-01,122700.0,0.094,60,2570.94,Medical Imaging Scanner,151116.32,BBB - Moderate Risk,Current / Performing,0,0.0
LN-12510,CUST-0519,PRD-EDU,BR-112,20260322,2026-03-22,2033-03-21,75600.0,0.074,84,1155.85,Medical Residency Program,0.0,BBB - Moderate Risk,Current / Performing,0,0.0
LN-12511,CUST-0708,PRD-EDU,BR-110,20241210,2024-12-10,2034-12-10,27600.0,0.064,120,311.99,MBA Program Tuition,0.0,BBB - Moderate Risk,Current / Performing,0,0.0
LN-12512,CUST-0738,PRD-SME,BR-101,20240812,2024-08-12,2026-08-12,244800.0,0.14,24,11753.55,Working Capital Expansion,288394.27,DDD - High Default Probability,Under Restructuring,1,0.0
LN-12513,CUST-0513,PRD-MORT,BR-108,20260101,2026-01-01,2046-01-01,472200.0,0.0575,240,3315.24,Primary Residence Purchase,702959.87,AAA - Low Risk,Current / Performing,0,0.0
LN-12514,CUST-0710,PRD-SME,BR-107,20250804,2025-08-04,2028-08-03,110600.0,0.09,36,3517.05,New Branch Expansion,165754.54,AAA - Low Risk,Delinquent (31-60 DPD),0,0.0
LN-12515,CUST-0778,PRD-PERS,BR-106,20260324,2026-03-24,2028-03-23,25800.0,0.15,24,1250.96,Wedding & Family,0.0,CCC - Elevated Risk,Current / Performing,0,0.0
LN-12516,CUST-0600,PRD-SME,BR-110,20251031,2025-10-31,2029-10-31,393200.0,0.09,48,9784.8,New Branch Expansion,477007.82,AAA - Low Risk,Current / Performing,0,0.0
LN-12517,CUST-0093,PRD-AUTO,BR-110,20230207,2023-02-07,2026-02-06,30200.0,0.083,36,950.54,New EV Purchase,46742.2,BBB - Moderate Risk,Fully Paid,0,0.0
LN-12518,CUST-0512,PRD-EQUIP,BR-104,20250217,2025-02-17,2028-02-17,167300.0,0.094,36,5351.3,Industrial CNC Machine,213531.29,BBB - Moderate Risk,Current / Performing,0,0.0
LN-12519,CUST-0588,PRD-EQUIP,BR-104,20260114,2026-01-14,2031-01-14,75300.0,0.094,60,1577.76,Warehouse Forklift Fleet,120171.25,BBB - Moderate Risk,Current / Performing,0,0.0
LN-12520,CUST-0068,PRD-PERS,BR-108,20231207,2023-12-07,2027-12-07,31000.0,0.12,48,816.35,Debt Consolidation,0.0,CCC - Elevated Risk,Current / Performing,0,0.0
LN-12521,CUST-0241,PRD-EQUIP,BR-111,20231124,2023-11-24,2028-11-23,116400.0,0.094,60,2438.93,Medical Imaging Scanner,174842.12,CCC - Elevated Risk,Delinquent (31-60 DPD),0,0.0
LN-12522,CUST-0130,PRD-PERS,BR-109,20260601,2026-06-01,2030-06-01,26800.0,0.13,48,718.98,Home Renovation,0.0,BBB - Moderate Risk,Current / Performing,0,0.0
LN-12523,CUST-0384,PRD-PERS,BR-110,20240817,2024-08-17,2028-08-17,28900.0,0.17,48,833.91,Home Renovation,0.0,DDD - High Default Probability,Delinquent (61-90 DPD),1,0.0
LN-12524,CUST-0219,PRD-MORT,BR-106,20241213,2024-12-13,2044-12-13,264700.0,0.0575,240,1858.42,Investment Property Buy,411726.81,AAA - Low Risk,Current / Performing,0,0.0
LN-12525,CUST-0760,PRD-PERS,BR-103,20231227,2023-12-27,2026-12-26,5400.0,0.12,36,179.36,Debt Consolidation,0.0,CCC - Elevated Risk,Under Restructuring,1,0.0
LN-12526,CUST-0825,PRD-EQUIP,BR-103,20260523,2026-05-23,2028-05-22,122700.0,0.084,24,5571.8,Medical Imaging Scanner,172150.18,AAA - Low Risk,Current / Performing,0,0.0
LN-12527,CUST-0123,PRD-PERS,BR-112,20240428,2024-04-28,2028-04-28,27500.0,0.12,48,724.18,Wedding & Family,0.0,AAA - Low Risk,Current / Performing,0,0.0
LN-12528,CUST-0570,PRD-SME,BR-111,20260311,2026-03-11,2028-03-10,121400.0,0.1,24,5601.99,Technology & IT Modernization,162485.02,BBB - Moderate Risk,Delinquent (31-60 DPD),0,0.0
LN-12529,CUST-0591,PRD-MORT,BR-105,20250919,2025-09-19,2045-09-19,366200.0,0.0875,240,3236.15,Primary Residence Purchase,552313.79,CCC - Elevated Risk,Delinquent (31-60 DPD),0,0.0
LN-12530,CUST-0111,PRD-PERS,BR-104,20250313,2025-03-13,2029-03-13,27500.0,0.12,48,724.18,Wedding & Family,0.0,AAA - Low Risk,Current / Performing,0,0.0
LN-12531,CUST-0177,PRD-SME,BR-102,20240125,2024-01-25,2028-01-25,154200.0,0.09,48,3837.27,New Branch Expansion,181368.91,AAA - Low Risk,Current / Performing,0,0.0
LN-12532,CUST-0538,PRD-EQUIP,BR-106,20260527,2026-05-27,2031-05-27,97900.0,0.084,60,2003.85,Industrial CNC Machine,133880.94,BBB - Moderate Risk,Current / Performing,0,0.0
LN-12533,CUST-0875,PRD-PERS,BR-110,20231222,2023-12-22,2026-12-21,31400.0,0.12,36,1042.93,Emergency Medical Exp,0.0,AAA - Low Risk,Fully Paid,0,0.0
LN-12534,CUST-0508,PRD-PERS,BR-109,20241023,2024-10-23,2028-10-23,26900.0,0.13,48,721.66,Wedding & Family,0.0,BBB - Moderate Risk,Delinquent (31-60 DPD),0,0.0
LN-12535,CUST-0364,PRD-EDU,BR-104,20230313,2023-03-13,2033-03-12,42800.0,0.074,120,505.81,MBA Program Tuition,0.0,BBB - Moderate Risk,Delinquent (31-60 DPD),0,0.0
LN-12536,CUST-0998,PRD-PERS,BR-106,20240410,2024-04-10,2026-04-10,34400.0,0.15,24,1667.94,Wedding & Family,0.0,CCC - Elevated Risk,Fully Paid,0,0.0
LN-12537,CUST-0695,PRD-MORT,BR-106,20230908,2023-09-08,2043-09-08,684500.0,0.0875,240,6049.0,Refinance Existing Mortgage,1085099.5,DDD - High Default Probability,In Default (90+ DPD),1,0.0
LN-12538,CUST-0939,PRD-PERS,BR-104,20250819,2025-08-19,2029-08-19,19500.0,0.13,48,523.14,Emergency Medical Exp,0.0,BBB - Moderate Risk,Delinquent (61-90 DPD),1,0.0
LN-12539,CUST-0522,PRD-EDU,BR-106,20230708,2023-07-08,2028-07-07,49600.0,0.074,60,991.53,Medical Residency Program,0.0,BBB - Moderate Risk,Current / Performing,0,0.0
LN-12540,CUST-0174,PRD-EQUIP,BR-105,20260107,2026-01-07,2031-01-07,143500.0,0.084,60,2937.21,Warehouse Forklift Fleet,191820.59,AAA - Low Risk,Current / Performing,0,0.0
LN-12541,CUST-0858,PRD-SME,BR-109,20240807,2024-08-07,2031-08-07,234300.0,0.09,84,3769.67,Technology & IT Modernization,357378.17,AAA - Low Risk,Current / Performing,0,0.0
LN-12542,CUST-0526,PRD-MORT,BR-108,20231024,2023-10-24,2043-10-24,415500.0,0.0575,240,2917.16,Refinance Existing Mortgage,653052.86,AAA - Low Risk,Current / Performing,0,0.0
LN-12543,CUST-0405,PRD-PERS,BR-110,20240203,2024-02-03,2027-02-02,10800.0,0.12,36,358.71,Debt Consolidation,0.0,AAA - Low Risk,Current / Performing,0,0.0
LN-12544,CUST-0591,PRD-SME,BR-105,20260424,2026-04-24,2033-04-23,257200.0,0.12,84,4540.28,New Branch Expansion,342932.89,CCC - Elevated Risk,Under Restructuring,1,0.0
LN-12545,CUST-0732,PRD-MORT,BR-111,20251008,2025-10-08,2055-10-08,588200.0,0.0875,360,4627.37,Investment Property Buy,901461.36,CCC - Elevated Risk,Current / Performing,0,0.0
LN-12546,CUST-0194,PRD-SME,BR-109,20230924,2023-09-24,2028-09-23,52200.0,0.12,60,1161.16,Inventory Stocking Q4,61950.09,CCC - Elevated Risk,Current / Performing,0,0.0
LN-12547,CUST-0938,PRD-EQUIP,BR-107,20241104,2024-11-04,2026-11-04,81600.0,0.084,24,3705.45,Medical Imaging Scanner,107865.4,BBB - Moderate Risk,Fully Paid,0,0.0
LN-12548,CUST-0131,PRD-EDU,BR-106,20260313,2026-03-13,2030-03-13,25700.0,0.094,48,644.44,Master of Science in Data Analytics,0.0,CCC - Elevated Risk,Current / Performing,0,0.0
LN-12549,CUST-0280,PRD-EDU,BR-102,20231118,2023-11-18,2033-11-17,48700.0,0.074,120,575.54,MBA Program Tuition,0.0,BBB - Moderate Risk,Current / Performing,0,0.0
LN-12550,CUST-0141,PRD-MORT,BR-109,20241012,2024-10-12,2054-10-12,611700.0,0.0875,360,4812.25,Primary Residence Purchase,794282.22,DDD - High Default Probability,In Default (90+ DPD),1,0.0
LN-12551,CUST-0878,PRD-AUTO,BR-112,20250808,2025-08-08,2031-08-08,58800.0,0.083,72,1039.59,New EV Purchase,69196.14,BBB - Moderate Risk,Current / Performing,0,0.0
LN-12552,CUST-0039,PRD-EQUIP,BR-111,20251221,2025-12-21,2028-12-20,127000.0,0.114,36,4181.92,Warehouse Forklift Fleet,161329.9,CCC - Elevated Risk,Current / Performing,0,0.0
LN-12553,CUST-0392,PRD-PERS,BR-108,20230721,2023-07-21,2027-07-21,29900.0,0.15,48,832.14,Debt Consolidation,0.0,CCC - Elevated Risk,Current / Performing,0,0.0
LN-12554,CUST-0831,PRD-MORT,BR-103,20240321,2024-03-21,2044-03-21,802100.0,0.1075,240,8143.15,Investment Property Buy,1036002.51,DDD - High Default Probability,Current / Performing,0,0.0
LN-12555,CUST-0087,PRD-EDU,BR-105,20260404,2026-04-04,2033-04-03,25700.0,0.074,84,392.93,Master of Science in Data Analytics,0.0,CCC - Elevated Risk,Current / Performing,0,0.0
LN-12556,CUST-0861,PRD-MORT,BR-109,20240915,2024-09-15,2044-09-15,606100.0,0.0575,240,4255.33,Investment Property Buy,824747.91,AAA - Low Risk,Current / Performing,0,0.0
LN-12557,CUST-0446,PRD-EQUIP,BR-103,20250702,2025-07-02,2027-07-02,37100.0,0.084,24,1684.71,Warehouse Forklift Fleet,44496.21,BBB - Moderate Risk,Delinquent (31-60 DPD),0,0.0
LN-12558,CUST-0648,PRD-AUTO,BR-109,20251010,2025-10-10,2029-10-10,36700.0,0.083,48,901.13,Certified Pre-Owned Luxury Car,44601.12,BBB - Moderate Risk,Current / Performing,0,0.0
LN-12559,CUST-0781,PRD-SME,BR-105,20250629,2025-06-29,2027-06-29,407400.0,0.09,24,18611.96,Inventory Stocking Q4,553559.89,AAA - Low Risk,Delinquent (31-60 DPD),0,0.0
LN-12560,CUST-0826,PRD-MORT,BR-102,20250727,2025-07-27,2045-07-27,210600.0,0.0575,240,1478.59,Investment Property Buy,282498.58,CCC - Elevated Risk,Current / Performing,0,0.0
LN-12561,CUST-0275,PRD-MORT,BR-107,20231017,2023-10-17,2043-10-17,687700.0,0.0675,240,5229.02,Refinance Existing Mortgage,1058233.55,BBB - Moderate Risk,Current / Performing,0,0.0
LN-12562,CUST-0341,PRD-EQUIP,BR-110,20260602,2026-06-02,2031-06-02,53800.0,0.114,60,1180.5,Warehouse Forklift Fleet,75168.28,CCC - Elevated Risk,Current / Performing,0,0.0
LN-12563,CUST-0577,PRD-EDU,BR-107,20230715,2023-07-15,2030-07-14,67700.0,0.074,84,1035.06,Master of Science in Data Analytics,0.0,CCC - Elevated Risk,Delinquent (61-90 DPD),1,0.0
LN-12564,CUST-0788,PRD-MORT,BR-112,20251027,2025-10-27,2045-10-27,646900.0,0.0575,240,4541.78,Primary Residence Purchase,931017.8,BBB - Moderate Risk,Current / Performing,0,0.0
LN-12565,CUST-0250,PRD-EDU,BR-101,20241208,2024-12-08,2028-12-08,27600.0,0.094,48,692.08,MBA Program Tuition,0.0,CCC - Elevated Risk,Delinquent (61-90 DPD),1,0.0
LN-12566,CUST-0773,PRD-EDU,BR-103,20240307,2024-03-07,2028-03-07,68400.0,0.074,48,1650.65,MBA Program Tuition,0.0,BBB - Moderate Risk,Current / Performing,0,0.0
LN-12567,CUST-0304,PRD-AUTO,BR-102,20250616,2025-06-16,2031-06-16,52100.0,0.083,72,921.13,New EV Purchase,79893.79,CCC - Elevated Risk,Current / Performing,0,0.0
LN-12568,CUST-0519,PRD-EQUIP,BR-112,20230511,2023-05-11,2025-05-10,179600.0,0.094,24,8237.98,Warehouse Forklift Fleet,264716.62,BBB - Moderate Risk,Fully Paid,0,0.0
LN-12569,CUST-0849,PRD-PERS,BR-106,20250310,2025-03-10,2029-03-10,31500.0,0.17,48,908.93,Wedding & Family,0.0,DDD - High Default Probability,Current / Performing,0,0.0
LN-12570,CUST-0858,PRD-PERS,BR-109,20250406,2025-04-06,2029-04-06,30200.0,0.12,48,795.28,Emergency Medical Exp,0.0,AAA - Low Risk,Delinquent (61-90 DPD),1,0.0
LN-12571,CUST-0104,PRD-EQUIP,BR-103,20250315,2025-03-15,2027-03-15,150100.0,0.114,24,7023.74,Warehouse Forklift Fleet,234779.09,CCC - Elevated Risk,Current / Performing,0,0.0
LN-12572,CUST-0471,PRD-EDU,BR-105,20250310,2025-03-10,2029-03-10,53100.0,0.064,48,1256.82,Master of Science in Data Analytics,0.0,AAA - Low Risk,Current / Performing,0,0.0
LN-12573,CUST-0292,PRD-SME,BR-104,20250705,2025-07-05,2030-07-05,77700.0,0.12,60,1728.39,Inventory Stocking Q4,97165.71,CCC - Elevated Risk,Current / Performing,0,0.0
LN-12574,CUST-0708,PRD-MORT,BR-110,20250526,2025-05-26,2045-05-26,798400.0,0.0575,240,5605.43,Investment Property Buy,1177194.99,BBB - Moderate Risk,Delinquent (31-60 DPD),0,0.0
LN-12575,CUST-0401,PRD-PERS,BR-111,20250528,2025-05-28,2026-05-28,9500.0,0.15,12,857.45,Wedding & Family,0.0,CCC - Elevated Risk,Fully Paid,0,0.0
LN-12576,CUST-0766,PRD-PERS,BR-102,20250610,2025-06-10,2029-06-10,17600.0,0.15,48,489.82,Debt Consolidation,0.0,CCC - Elevated Risk,Current / Performing,0,0.0
LN-12577,CUST-0443,PRD-SME,BR-107,20241223,2024-12-23,2031-12-23,301500.0,0.1,84,5005.26,New Branch Expansion,381342.27,CCC - Elevated Risk,Current / Performing,0,0.0
LN-12578,CUST-0609,PRD-MORT,BR-106,20250721,2025-07-21,2045-07-21,376100.0,0.0675,240,2859.73,Investment Property Buy,586255.15,CCC - Elevated Risk,Current / Performing,0,0.0
LN-12579,CUST-0013,PRD-AUTO,BR-104,20240504,2024-05-04,2027-05-04,32500.0,0.073,36,1007.97,Certified Pre-Owned Luxury Car,51553.03,AAA - Low Risk,Current / Performing,0,0.0
LN-12580,CUST-0633,PRD-EDU,BR-108,20260523,2026-05-23,2033-05-22,39200.0,0.074,84,599.33,Medical Residency Program,0.0,CCC - Elevated Risk,In Default (90+ DPD),1,0.0
LN-12581,CUST-0368,PRD-EDU,BR-109,20250227,2025-02-27,2029-02-27,48900.0,0.074,48,1180.07,Medical Residency Program,0.0,BBB - Moderate Risk,Delinquent (31-60 DPD),0,0.0
LN-12582,CUST-0358,PRD-AUTO,BR-110,20260320,2026-03-20,2032-03-19,19400.0,0.083,72,342.99,New EV Purchase,24848.21,BBB - Moderate Risk,Current / Performing,0,0.0
LN-12583,CUST-0055,PRD-AUTO,BR-109,20240906,2024-09-06,2028-09-06,40100.0,0.123,48,1061.9,New EV Purchase,61034.93,DDD - High Default Probability,Current / Performing,0,0.0
LN-12584,CUST-0351,PRD-EQUIP,BR-110,20250615,2025-06-15,2029-06-15,126100.0,0.114,48,3283.67,Industrial CNC Machine,178576.79,CCC - Elevated Risk,Current / Performing,0,0.0
LN-12585,CUST-0142,PRD-EDU,BR-108,20230621,2023-06-21,2033-06-20,23700.0,0.064,120,267.9,MBA Program Tuition,0.0,AAA - Low Risk,Current / Performing,0,0.0
LN-12586,CUST-0750,PRD-EQUIP,BR-111,20230503,2023-05-03,2025-05-02,76000.0,0.094,24,3486.01,Industrial CNC Machine,116178.64,CCC - Elevated Risk,Fully Paid,0,0.0
LN-12587,CUST-0816,PRD-AUTO,BR-103,20230203,2023-02-03,2029-02-02,39400.0,0.103,72,735.89,Fleet Commercial Van,47593.17,CCC - Elevated Risk,Under Restructuring,1,0.0
LN-12588,CUST-0336,PRD-AUTO,BR-111,20230902,2023-09-02,2026-09-01,38500.0,0.083,36,1211.79,Fleet Commercial Van,54402.31,CCC - Elevated Risk,In Default (90+ DPD),1,0.0
LN-12589,CUST-0660,PRD-PERS,BR-109,20260415,2026-04-15,2030-04-15,11900.0,0.17,48,343.38,Wedding & Family,0.0,DDD - High Default Probability,Current / Performing,0,0.0
LN-12590,CUST-0249,PRD-EQUIP,BR-110,20231202,2023-12-02,2027-12-02,35800.0,0.094,48,897.7,Industrial CNC Machine,41516.9,BBB - Moderate Risk,Current / Performing,0,0.0
LN-12591,CUST-0150,PRD-EDU,BR-104,20260603,2026-06-03,2033-06-02,61100.0,0.074,84,934.16,Medical Residency Program,0.0,BBB - Moderate Risk,In Default (90+ DPD),1,0.0
LN-12592,CUST-0539,PRD-EQUIP,BR-112,20260217,2026-02-17,2030-02-17,115600.0,0.094,48,2898.72,Industrial CNC Machine,175248.93,BBB - Moderate Risk,Current / Performing,0,0.0
LN-12593,CUST-0132,PRD-EDU,BR-105,20240301,2024-03-01,2028-03-01,79500.0,0.074,48,1918.51,Medical Residency Program,0.0,BBB - Moderate Risk,Current / Performing,0,0.0
LN-12594,CUST-0032,PRD-PERS,BR-107,20240628,2024-06-28,2028-06-28,28000.0,0.13,48,751.17,Emergency Medical Exp,0.0,BBB - Moderate Risk,Current / Performing,0,0.0
LN-12595,CUST-0665,PRD-EQUIP,BR-107,20240624,2024-06-24,2029-06-24,116500.0,0.084,60,2384.56,Industrial CNC Machine,134320.78,AAA - Low Risk,Current / Performing,0,0.0
LN-12596,CUST-0385,PRD-SME,BR-110,20250517,2025-05-17,2027-05-17,432700.0,0.12,24,20368.69,Technology & IT Modernization,532921.89,CCC - Elevated Risk,Under Restructuring,1,0.0
LN-12597,CUST-0783,PRD-EDU,BR-111,20230117,2023-01-17,2030-01-16,25200.0,0.064,84,372.99,MBA Program Tuition,0.0,BBB - Moderate Risk,Current / Performing,0,0.0
LN-12598,CUST-0702,PRD-EQUIP,BR-105,20240926,2024-09-26,2029-09-26,78900.0,0.094,60,1653.19,Industrial CNC Machine,111531.85,BBB - Moderate Risk,Current / Performing,0,0.0
LN-12599,CUST-0493,PRD-SME,BR-108,20251202,2025-12-02,2032-12-01,373000.0,0.14,84,6990.02,Technology & IT Modernization,563711.53,DDD - High Default Probability,Charged Off / Written Off,1,291135.15
LN-12600,CUST-0782,PRD-PERS,BR-107,20230831,2023-08-31,2024-08-30,13500.0,0.13,12,1205.78,Wedding & Family,0.0,BBB - Moderate Risk,Fully Paid,0,0.0
LN-12601,CUST-0346,PRD-AUTO,BR-107,20241117,2024-11-17,2030-11-17,42600.0,0.083,72,753.17,Certified Pre-Owned Luxury Car,56487.18,BBB - Moderate Risk,Current / Performing,0,0.0
LN-12602,CUST-0520,PRD-PERS,BR-102,20240627,2024-06-27,2026-06-27,20400.0,0.17,24,1008.62,Emergency Medical Exp,0.0,DDD - High Default Probability,Under Restructuring,1,0.0
LN-12603,CUST-0113,PRD-MORT,BR-111,20250204,2025-02-04,2045-02-04,207300.0,0.0875,240,1831.93,Primary Residence Purchase,256803.02,CCC - Elevated Risk,Current / Performing,0,0.0
LN-12604,CUST-0101,PRD-MORT,BR-109,20250522,2025-05-22,2045-05-22,423600.0,0.0575,240,2974.03,Refinance Existing Mortgage,662317.09,BBB - Moderate Risk,Current / Performing,0,0.0
LN-12605,CUST-0537,PRD-MORT,BR-103,20260501,2026-05-01,2046-05-01,292500.0,0.0675,240,2224.06,Investment Property Buy,455186.09,BBB - Moderate Risk,Current / Performing,0,0.0
LN-12606,CUST-0657,PRD-EQUIP,BR-108,20230404,2023-04-04,2028-04-03,162500.0,0.094,60,3404.87,Industrial CNC Machine,211216.84,CCC - Elevated Risk,Current / Performing,0,0.0
LN-12607,CUST-0002,PRD-PERS,BR-101,20250112,2025-01-12,2029-01-12,32600.0,0.15,48,907.28,Home Renovation,0.0,CCC - Elevated Risk,Current / Performing,0,0.0
LN-12608,CUST-0315,PRD-MORT,BR-105,20240214,2024-02-14,2044-02-14,517500.0,0.0575,240,3633.28,Primary Residence Purchase,782117.4,AAA - Low Risk,Current / Performing,0,0.0
LN-12609,CUST-0625,PRD-EDU,BR-108,20230812,2023-08-12,2027-08-12,16500.0,0.074,48,398.18,MBA Program Tuition,0.0,BBB - Moderate Risk,Current / Performing,0,0.0
LN-12610,CUST-0029,PRD-MORT,BR-104,20230904,2023-09-04,2043-09-04,444800.0,0.0575,240,3122.87,Refinance Existing Mortgage,596927.68,CCC - Elevated Risk,Current / Performing,0,0.0
LN-12611,CUST-0039,PRD-SME,BR-111,20250507,2025-05-07,2032-05-06,154200.0,0.12,84,2722.05,New Branch Expansion,238495.17,CCC - Elevated Risk,Current / Performing,0,0.0
LN-12612,CUST-0362,PRD-AUTO,BR-106,20251105,2025-11-05,2031-11-05,62600.0,0.083,72,1106.77,New EV Purchase,99690.66,BBB - Moderate Risk,Current / Performing,0,0.0
LN-12613,CUST-0705,PRD-MORT,BR-108,20250825,2025-08-25,2055-08-25,252600.0,0.0875,360,1987.21,Investment Property Buy,345926.7,CCC - Elevated Risk,Current / Performing,0,0.0
LN-12614,CUST-0373,PRD-SME,BR-111,20230611,2023-06-11,2030-06-10,393200.0,0.1,84,6527.59,Inventory Stocking Q4,586932.4,BBB - Moderate Risk,In Default (90+ DPD),1,0.0
LN-12615,CUST-0672,PRD-PERS,BR-112,20250606,2025-06-06,2029-06-06,13900.0,0.13,48,372.9,Debt Consolidation,0.0,CCC - Elevated Risk,Current / Performing,0,0.0
LN-12616,CUST-0301,PRD-AUTO,BR-109,20240320,2024-03-20,2030-03-20,54800.0,0.103,72,1023.53,Fleet Commercial Van,67806.41,DDD - High Default Probability,Current / Performing,0,0.0
LN-12617,CUST-0161,PRD-EDU,BR-107,20230921,2023-09-21,2033-09-20,37100.0,0.114,120,519.49,Master of Science in Data Analytics,0.0,DDD - High Default Probability,Current / Performing,0,0.0
LN-12618,CUST-0113,PRD-MORT,BR-111,20260202,2026-02-02,2046-02-02,331400.0,0.0875,240,2928.62,Investment Property Buy,439363.98,CCC - Elevated Risk,Current / Performing,0,0.0
LN-12619,CUST-0923,PRD-AUTO,BR-103,20240831,2024-08-31,2030-08-31,49300.0,0.103,72,920.8,New EV Purchase,70179.88,CCC - Elevated Risk,Current / Performing,0,0.0
LN-12620,CUST-0095,PRD-AUTO,BR-104,20251221,2025-12-21,2031-12-21,17500.0,0.073,72,300.88,Certified Pre-Owned Luxury Car,22374.21,BBB - Moderate Risk,Current / Performing,0,0.0
LN-12621,CUST-0657,PRD-PERS,BR-108,20260410,2026-04-10,2028-04-09,11900.0,0.13,24,565.75,Debt Consolidation,0.0,CCC - Elevated Risk,Charged Off / Written Off,1,9391.83
LN-12622,CUST-0769,PRD-PERS,BR-102,20240222,2024-02-22,2028-02-22,32300.0,0.13,48,866.53,Debt Consolidation,0.0,BBB - Moderate Risk,Current / Performing,0,0.0
LN-12623,CUST-0895,PRD-PERS,BR-105,20240216,2024-02-16,2028-02-16,7700.0,0.13,48,206.57,Emergency Medical Exp,0.0,BBB - Moderate Risk,Delinquent (31-60 DPD),0,0.0
LN-12624,CUST-0062,PRD-EDU,BR-110,20230717,2023-07-17,2027-07-17,79400.0,0.094,48,1990.99,Medical Residency Program,0.0,CCC - Elevated Risk,Current / Performing,0,0.0
LN-12625,CUST-0680,PRD-PERS,BR-112,20230313,2023-03-13,2025-03-12,9600.0,0.17,24,474.65,Wedding & Family,0.0,DDD - High Default Probability,Under Restructuring,1,0.0
LN-12626,CUST-0662,PRD-AUTO,BR-109,20230817,2023-08-17,2029-08-16,60400.0,0.083,72,1067.88,Certified Pre-Owned Luxury Car,87594.9,BBB - Moderate Risk,Current / Performing,0,0.0
LN-12627,CUST-0166,PRD-SME,BR-102,20230122,2023-01-22,2030-01-21,80200.0,0.12,84,1415.75,Technology & IT Modernization,93658.85,DDD - High Default Probability,Current / Performing,0,0.0
LN-12628,CUST-0592,PRD-SME,BR-107,20250114,2025-01-14,2029-01-14,80000.0,0.14,48,2186.12,Working Capital Expansion,105051.42,DDD - High Default Probability,Current / Performing,0,0.0
LN-12629,CUST-0467,PRD-PERS,BR-102,20230804,2023-08-04,2027-08-04,20500.0,0.12,48,539.84,Home Renovation,0.0,AAA - Low Risk,Current / Performing,0,0.0
LN-12630,CUST-0350,PRD-EQUIP,BR-105,20241211,2024-12-11,2029-12-11,153500.0,0.134,60,3524.11,Warehouse Forklift Fleet,233623.6,DDD - High Default Probability,Charged Off / Written Off,1,120786.83
LN-12631,CUST-0023,PRD-SME,BR-102,20250526,2025-05-26,2032-05-25,118800.0,0.12,84,2097.14,Inventory Stocking Q4,158898.94,CCC - Elevated Risk,Under Restructuring,1,0.0
LN-12632,CUST-0320,PRD-EDU,BR-109,20231111,2023-11-11,2033-11-10,13800.0,0.114,120,193.23,Master of Science in Data Analytics,0.0,DDD - High Default Probability,Current / Performing,0,0.0
LN-12633,CUST-0426,PRD-EDU,BR-105,20230808,2023-08-08,2027-08-08,25600.0,0.074,48,617.79,MBA Program Tuition,0.0,BBB - Moderate Risk,Current / Performing,0,0.0
LN-12634,CUST-0956,PRD-EDU,BR-106,20230506,2023-05-06,2027-05-06,54100.0,0.114,48,1408.78,Master of Science in Data Analytics,0.0,DDD - High Default Probability,Charged Off / Written Off,1,36868.9
LN-12635,CUST-0973,PRD-MORT,BR-105,20230504,2023-05-04,2043-05-04,220600.0,0.0575,240,1548.8,Investment Property Buy,280766.28,AAA - Low Risk,Current / Performing,0,0.0
LN-12636,CUST-0995,PRD-EQUIP,BR-109,20230510,2023-05-10,2028-05-09,28600.0,0.094,60,599.26,Medical Imaging Scanner,36786.8,BBB - Moderate Risk,Current / Performing,0,0.0
LN-12637,CUST-0604,PRD-SME,BR-101,20240519,2024-05-19,2031-05-19,53300.0,0.09,84,857.55,Working Capital Expansion,68112.73,AAA - Low Risk,Current / Performing,0,0.0
LN-12638,CUST-0066,PRD-MORT,BR-107,20260305,2026-03-05,2046-03-05,561100.0,0.0575,240,3939.39,Refinance Existing Mortgage,781472.69,AAA - Low Risk,Delinquent (31-60 DPD),0,0.0
LN-12639,CUST-0700,PRD-AUTO,BR-110,20240922,2024-09-22,2030-09-22,31900.0,0.103,72,595.81,Fleet Commercial Van,48895.42,DDD - High Default Probability,Current / Performing,0,0.0
LN-12640,CUST-0381,PRD-PERS,BR-105,20250711,2025-07-11,2029-07-11,5700.0,0.17,48,164.47,Debt Consolidation,0.0,DDD - High Default Probability,Current / Performing,0,0.0
LN-12641,CUST-0256,PRD-MORT,BR-107,20250826,2025-08-26,2045-08-26,798700.0,0.0675,240,6073.03,Investment Property Buy,1043909.57,BBB - Moderate Risk,Current / Performing,0,0.0
LN-12642,CUST-0001,PRD-MORT,BR-101,20251202,2025-12-02,2045-12-02,359500.0,0.0575,240,2523.99,Investment Property Buy,488868.85,AAA - Low Risk,Current / Performing,0,0.0
LN-12643,CUST-0916,PRD-PERS,BR-103,20230716,2023-07-16,2027-07-16,6400.0,0.12,48,168.54,Home Renovation,0.0,CCC - Elevated Risk,Delinquent (31-60 DPD),0,0.0
LN-12644,CUST-0695,PRD-SME,BR-106,20230702,2023-07-02,2027-07-02,197800.0,0.12,48,5208.83,New Branch Expansion,237917.85,DDD - High Default Probability,Current / Performing,0,0.0
LN-12645,CUST-0657,PRD-EDU,BR-108,20231206,2023-12-06,2027-12-06,14100.0,0.074,48,340.26,Master of Science in Data Analytics,0.0,CCC - Elevated Risk,Current / Performing,0,0.0
LN-12646,CUST-0722,PRD-SME,BR-102,20250319,2025-03-19,2027-03-19,183700.0,0.1,24,8476.82,Working Capital Expansion,245666.54,CCC - Elevated Risk,Delinquent (31-60 DPD),0,0.0
LN-12647,CUST-0270,PRD-MORT,BR-112,20260405,2026-04-05,2046-04-05,312700.0,0.0675,240,2377.66,Refinance Existing Mortgage,475288.34,BBB - Moderate Risk,Current / Performing,0,0.0
LN-12648,CUST-0119,PRD-EQUIP,BR-106,20260425,2026-04-25,2029-04-24,76100.0,0.094,36,2434.15,Medical Imaging Scanner,121166.6,BBB - Moderate Risk,Current / Performing,0,0.0
LN-12649,CUST-0935,PRD-SME,BR-106,20250103,2025-01-03,2027-01-03,137300.0,0.1,24,6335.7,New Branch Expansion,164017.23,CCC - Elevated Risk,Fully Paid,0,0.0
LN-12650,CUST-0921,PRD-MORT,BR-101,20241014,2024-10-14,2044-10-14,462900.0,0.0575,240,3249.94,Primary Residence Purchase,542335.39,BBB - Moderate Risk,Current / Performing,0,0.0
LN-12651,CUST-0827,PRD-MORT,BR-104,20250612,2025-06-12,2045-06-12,359000.0,0.0675,240,2729.71,Refinance Existing Mortgage,564411.58,CCC - Elevated Risk,Current / Performing,0,0.0
LN-12652,CUST-0506,PRD-EDU,BR-108,20240210,2024-02-10,2028-02-10,79700.0,0.074,48,1923.34,MBA Program Tuition,0.0,BBB - Moderate Risk,Current / Performing,0,0.0
LN-12653,CUST-0823,PRD-SME,BR-102,20250212,2025-02-12,2027-02-12,218400.0,0.1,24,10078.05,New Branch Expansion,258764.05,BBB - Moderate Risk,Current / Performing,0,0.0
LN-12654,CUST-0980,PRD-AUTO,BR-104,20240706,2024-07-06,2029-07-06,30300.0,0.073,60,604.27,Certified Pre-Owned Luxury Car,35682.56,AAA - Low Risk,Current / Performing,0,0.0
LN-12655,CUST-0863,PRD-AUTO,BR-106,20251105,2025-11-05,2028-11-04,41900.0,0.073,36,1299.51,Fleet Commercial Van,51991.57,AAA - Low Risk,Current / Performing,0,0.0
LN-12656,CUST-0140,PRD-AUTO,BR-108,20240620,2024-06-20,2030-06-20,35400.0,0.083,72,625.88,Fleet Commercial Van,53127.03,CCC - Elevated Risk,Current / Performing,0,0.0
LN-12657,CUST-0773,PRD-SME,BR-103,20230806,2023-08-06,2030-08-05,427900.0,0.1,84,7103.65,New Branch Expansion,556707.32,BBB - Moderate Risk,Current / Performing,0,0.0
LN-12658,CUST-0594,PRD-MORT,BR-112,20230508,2023-05-08,2043-05-08,736600.0,0.0575,240,5171.55,Refinance Existing Mortgage,1040370.14,CCC - Elevated Risk,Current / Performing,0,0.0
LN-12659,CUST-0888,PRD-EQUIP,BR-104,20231006,2023-10-06,2025-10-05,130200.0,0.094,24,5972.08,Industrial CNC Machine,190478.06,BBB - Moderate Risk,Fully Paid,0,0.0
LN-12660,CUST-0183,PRD-MORT,BR-101,20251011,2025-10-11,2045-10-11,700600.0,0.0875,240,6191.28,Investment Property Buy,829887.6,DDD - High Default Probability,Current / Performing,0,0.0
LN-12661,CUST-0503,PRD-AUTO,BR-111,20231213,2023-12-13,2028-12-12,31600.0,0.083,60,645.28,New EV Purchase,49859.67,BBB - Moderate Risk,Current / Performing,0,0.0
LN-12662,CUST-0490,PRD-SME,BR-103,20230815,2023-08-15,2030-08-14,86100.0,0.09,84,1385.27,Technology & IT Modernization,109541.53,CCC - Elevated Risk,Delinquent (31-60 DPD),0,0.0
LN-12663,CUST-0481,PRD-MORT,BR-106,20231205,2023-12-05,2043-12-05,223700.0,0.0875,240,1976.86,Primary Residence Purchase,355846.76,CCC - Elevated Risk,Under Restructuring,1,0.0
LN-12664,CUST-0639,PRD-EDU,BR-108,20260306,2026-03-06,2036-03-05,25500.0,0.064,120,288.25,Master of Science in Data Analytics,0.0,CCC - Elevated Risk,Current / Performing,0,0.0
LN-12665,CUST-0908,PRD-MORT,BR-103,20230517,2023-05-17,2053-05-16,539200.0,0.0575,360,3146.62,Primary Residence Purchase,796090.18,CCC - Elevated Risk,Current / Performing,0,0.0
LN-12666,CUST-0450,PRD-AUTO,BR-105,20230525,2023-05-25,2029-05-24,33600.0,0.103,72,627.56,Fleet Commercial Van,40571.06,CCC - Elevated Risk,Current / Performing,0,0.0
LN-12667,CUST-0009,PRD-MORT,BR-109,20250719,2025-07-19,2045-07-19,435400.0,0.0575,240,3056.87,Refinance Existing Mortgage,616713.12,AAA - Low Risk,Current / Performing,0,0.0
LN-12668,CUST-0861,PRD-EDU,BR-109,20231211,2023-12-11,2027-12-11,73600.0,0.064,48,1742.03,Master of Science in Data Analytics,0.0,AAA - Low Risk,Current / Performing,0,0.0
LN-12669,CUST-0259,PRD-AUTO,BR-101,20231209,2023-12-09,2027-12-09,48000.0,0.123,48,1271.11,Certified Pre-Owned Luxury Car,56095.85,DDD - High Default Probability,Current / Performing,0,0.0
LN-12670,CUST-0254,PRD-EQUIP,BR-106,20240516,2024-05-16,2028-05-16,72200.0,0.134,48,1951.31,Industrial CNC Machine,88182.76,DDD - High Default Probability,Current / Performing,0,0.0
LN-12671,CUST-0688,PRD-MORT,BR-106,20250723,2025-07-23,2045-07-23,216500.0,0.0575,240,1520.01,Investment Property Buy,327088.66,AAA - Low Risk,Current / Performing,0,0.0
LN-12672,CUST-0232,PRD-PERS,BR-102,20260518,2026-05-18,2030-05-18,14900.0,0.13,48,399.73,Home Renovation,0.0,BBB - Moderate Risk,Current / Performing,0,0.0
LN-12673,CUST-0454,PRD-SME,BR-108,20251228,2025-12-28,2032-12-27,382200.0,0.12,84,6746.87,Technology & IT Modernization,601101.82,CCC - Elevated Risk,Current / Performing,0,0.0
LN-12674,CUST-0999,PRD-PERS,BR-102,20251227,2025-12-27,2029-12-27,9500.0,0.15,48,264.39,Emergency Medical Exp,0.0,CCC - Elevated Risk,Current / Performing,0,0.0
LN-12675,CUST-0117,PRD-AUTO,BR-101,20250510,2025-05-10,2030-05-10,32300.0,0.073,60,644.16,Certified Pre-Owned Luxury Car,47242.33,AAA - Low Risk,Current / Performing,0,0.0
LN-12676,CUST-0375,PRD-SME,BR-110,20231208,2023-12-08,2030-12-07,184700.0,0.12,84,3260.46,Working Capital Expansion,229511.18,CCC - Elevated Risk,Current / Performing,0,0.0
LN-12677,CUST-0033,PRD-MORT,BR-106,20250721,2025-07-21,2045-07-21,826500.0,0.0575,240,5802.72,Investment Property Buy,1321800.73,BBB - Moderate Risk,Current / Performing,0,0.0
LN-12678,CUST-0995,PRD-SME,BR-109,20240804,2024-08-04,2031-08-04,434700.0,0.1,84,7216.53,New Branch Expansion,656866.62,BBB - Moderate Risk,Current / Performing,0,0.0
LN-12679,CUST-0959,PRD-EDU,BR-109,20240917,2024-09-17,2028-09-17,46800.0,0.074,48,1129.39,Master of Science in Data Analytics,0.0,BBB - Moderate Risk,Current / Performing,0,0.0
LN-12680,CUST-0084,PRD-AUTO,BR-110,20230127,2023-01-27,2029-01-26,56800.0,0.083,72,1004.23,New EV Purchase,70471.91,BBB - Moderate Risk,Current / Performing,0,0.0
LN-12681,CUST-0849,PRD-EQUIP,BR-106,20240531,2024-05-31,2029-05-31,148500.0,0.134,60,3409.32,Medical Imaging Scanner,229243.68,DDD - High Default Probability,Charged Off / Written Off,1,111321.57
LN-12682,CUST-0165,PRD-SME,BR-109,20230324,2023-03-24,2025-03-23,380900.0,0.1,24,17576.6,Technology & IT Modernization,585242.39,BBB - Moderate Risk,Fully Paid,0,0.0
LN-12683,CUST-0104,PRD-AUTO,BR-103,20230117,2023-01-17,2028-01-17,58700.0,0.103,60,1255.88,Fleet Commercial Van,74700.24,CCC - Elevated Risk,Current / Performing,0,0.0
LN-12684,CUST-0730,PRD-EDU,BR-105,20231218,2023-12-18,2027-12-18,18800.0,0.064,48,444.97,Medical Residency Program,0.0,AAA - Low Risk,Current / Performing,0,0.0
LN-12685,CUST-0656,PRD-AUTO,BR-105,20230310,2023-03-10,2029-03-09,48700.0,0.103,72,909.59,Certified Pre-Owned Luxury Car,74270.55,CCC - Elevated Risk,Delinquent (31-60 DPD),0,0.0
LN-12686,CUST-0220,PRD-SME,BR-104,20241031,2024-10-31,2028-10-31,115800.0,0.12,48,3049.46,Working Capital Expansion,146642.67,CCC - Elevated Risk,Current / Performing,0,0.0
LN-12687,CUST-0317,PRD-PERS,BR-103,20251119,2025-11-19,2029-11-19,5700.0,0.12,48,150.1,Emergency Medical Exp,0.0,AAA - Low Risk,Current / Performing,0,0.0
LN-12688,CUST-0205,PRD-SME,BR-102,20231130,2023-11-30,2026-11-29,386300.0,0.1,36,12464.81,Technology & IT Modernization,527868.24,BBB - Moderate Risk,Fully Paid,0,0.0
LN-12689,CUST-0569,PRD-EDU,BR-108,20230917,2023-09-17,2027-09-17,79200.0,0.064,48,1874.57,Master of Science in Data Analytics,0.0,AAA - Low Risk,Current / Performing,0,0.0
LN-12690,CUST-0310,PRD-MORT,BR-109,20230204,2023-02-04,2043-02-04,368100.0,0.0575,240,2584.37,Refinance Existing Mortgage,581179.63,AAA - Low Risk,Delinquent (31-60 DPD),0,0.0
LN-12691,CUST-0310,PRD-AUTO,BR-109,20230913,2023-09-13,2026-09-12,42100.0,0.073,36,1305.71,New EV Purchase,67263.4,AAA - Low Risk,Fully Paid,0,0.0
LN-12692,CUST-0402,PRD-EQUIP,BR-105,20260210,2026-02-10,2031-02-10,70300.0,0.084,60,1438.93,Medical Imaging Scanner,91776.58,AAA - Low Risk,Current / Performing,0,0.0
LN-12693,CUST-0708,PRD-EDU,BR-110,20250723,2025-07-23,2035-07-23,39800.0,0.064,120,449.9,MBA Program Tuition,0.0,BBB - Moderate Risk,Delinquent (31-60 DPD),0,0.0
LN-12694,CUST-0341,PRD-EQUIP,BR-110,20240818,2024-08-18,2029-08-18,97500.0,0.114,60,2139.39,Industrial CNC Machine,125043.57,CCC - Elevated Risk,Current / Performing,0,0.0
LN-12695,CUST-0271,PRD-AUTO,BR-106,20230405,2023-04-05,2028-04-04,36000.0,0.073,60,717.95,Certified Pre-Owned Luxury Car,45082.2,BBB - Moderate Risk,Current / Performing,0,0.0
LN-12696,CUST-0739,PRD-EQUIP,BR-110,20230411,2023-04-11,2027-04-11,31000.0,0.084,48,762.63,Industrial CNC Machine,38450.77,AAA - Low Risk,Current / Performing,0,0.0
LN-12697,CUST-0380,PRD-PERS,BR-107,20230121,2023-01-21,2027-01-21,29700.0,0.12,48,782.11,Wedding & Family,0.0,CCC - Elevated Risk,Fully Paid,0,0.0
LN-12698,CUST-0627,PRD-EQUIP,BR-101,20230309,2023-03-09,2028-03-08,75000.0,0.084,60,1535.13,Warehouse Forklift Fleet,97997.06,AAA - Low Risk,Current / Performing,0,0.0
LN-12699,CUST-0821,PRD-EDU,BR-107,20251006,2025-10-06,2029-10-06,63700.0,0.094,48,1597.3,Master of Science in Data Analytics,0.0,DDD - High Default Probability,Current / Performing,0,0.0
LN-12700,CUST-0305,PRD-EQUIP,BR-103,20240201,2024-02-01,2028-02-01,91700.0,0.134,48,2478.33,Warehouse Forklift Fleet,111833.44,DDD - High Default Probability,Charged Off / Written Off,1,38995.37
LN-12701,CUST-0550,PRD-MORT,BR-110,20240510,2024-05-10,2044-05-10,482300.0,0.0675,240,3667.24,Investment Property Buy,694139.96,BBB - Moderate Risk,Current / Performing,0,0.0
LN-12702,CUST-0275,PRD-EDU,BR-107,20260529,2026-05-29,2030-05-29,55700.0,0.074,48,1344.17,MBA Program Tuition,0.0,BBB - Moderate Risk,Current / Performing,0,0.0
LN-12703,CUST-0903,PRD-MORT,BR-107,20240618,2024-06-18,2044-06-18,848200.0,0.0575,240,5955.07,Primary Residence Purchase,1174420.85,AAA - Low Risk,Current / Performing,0,0.0
LN-12704,CUST-0887,PRD-AUTO,BR-111,20240523,2024-05-23,2030-05-23,25000.0,0.083,72,442.0,Certified Pre-Owned Luxury Car,37680.62,BBB - Moderate Risk,Current / Performing,0,0.0
LN-12705,CUST-0897,PRD-AUTO,BR-110,20251029,2025-10-29,2031-10-29,42600.0,0.073,72,732.44,Certified Pre-Owned Luxury Car,67706.98,AAA - Low Risk,Current / Performing,0,0.0
LN-12706,CUST-0556,PRD-MORT,BR-108,20231013,2023-10-13,2043-10-13,485800.0,0.0875,240,4293.07,Primary Residence Purchase,644564.86,CCC - Elevated Risk,Current / Performing,0,0.0
LN-12707,CUST-0802,PRD-MORT,BR-101,20230208,2023-02-08,2043-02-08,747300.0,0.0575,240,5246.67,Investment Property Buy,1050808.07,AAA - Low Risk,Current / Performing,0,0.0
LN-12708,CUST-0422,PRD-AUTO,BR-105,20241111,2024-11-11,2030-11-11,64900.0,0.073,72,1115.85,Certified Pre-Owned Luxury Car,76511.41,AAA - Low Risk,Current / Performing,0,0.0
LN-12709,CUST-0679,PRD-PERS,BR-104,20251019,2025-10-19,2029-10-19,15300.0,0.13,48,410.46,Wedding & Family,0.0,BBB - Moderate Risk,Delinquent (31-60 DPD),0,0.0
LN-12710,CUST-0764,PRD-EQUIP,BR-109,20231002,2023-10-02,2028-10-01,173000.0,0.094,60,3624.87,Industrial CNC Machine,246471.89,BBB - Moderate Risk,Current / Performing,0,0.0
LN-12711,CUST-0646,PRD-EQUIP,BR-109,20240306,2024-03-06,2026-03-06,145000.0,0.084,24,6584.44,Medical Imaging Scanner,186417.31,AAA - Low Risk,Fully Paid,0,0.0
LN-12712,CUST-0224,PRD-MORT,BR-111,20230515,2023-05-15,2043-05-15,807700.0,0.0675,240,6141.46,Primary Residence Purchase,957684.04,BBB - Moderate Risk,Delinquent (61-90 DPD),1,0.0
LN-12713,CUST-0234,PRD-MORT,BR-106,20231223,2023-12-23,2043-12-23,446200.0,0.0575,240,3132.7,Primary Residence Purchase,576206.52,AAA - Low Risk,Current / Performing,0,0.0
LN-12714,CUST-0535,PRD-EDU,BR-107,20240707,2024-07-07,2028-07-07,15400.0,0.064,48,364.5,MBA Program Tuition,0.0,BBB - Moderate Risk,Delinquent (31-60 DPD),0,0.0
LN-12715,CUST-0063,PRD-SME,BR-104,20260510,2026-05-10,2033-05-09,128800.0,0.09,84,2072.27,Inventory Stocking Q4,195286.04,AAA - Low Risk,Current / Performing,0,0.0
LN-12716,CUST-0475,PRD-PERS,BR-111,20230307,2023-03-07,2027-03-07,18700.0,0.12,48,492.44,Debt Consolidation,0.0,AAA - Low Risk,Current / Performing,0,0.0
LN-12717,CUST-0446,PRD-EQUIP,BR-103,20251006,2025-10-06,2027-10-06,88900.0,0.084,24,4036.94,Warehouse Forklift Fleet,107627.83,BBB - Moderate Risk,Current / Performing,0,0.0
LN-12718,CUST-0905,PRD-PERS,BR-106,20231219,2023-12-19,2025-12-18,19200.0,0.13,24,912.8,Home Renovation,0.0,CCC - Elevated Risk,Fully Paid,0,0.0
LN-12719,CUST-0418,PRD-SME,BR-111,20230913,2023-09-13,2025-09-12,264200.0,0.09,24,12069.91,New Branch Expansion,308146.8,CCC - Elevated Risk,In Default (90+ DPD),1,0.0
LN-12720,CUST-0448,PRD-SME,BR-110,20241020,2024-10-20,2031-10-20,317400.0,0.09,84,5106.67,New Branch Expansion,492312.97,BBB - Moderate Risk,Delinquent (61-90 DPD),1,0.0
LN-12721,CUST-0658,PRD-EQUIP,BR-106,20240416,2024-04-16,2029-04-16,48000.0,0.094,60,1005.75,Warehouse Forklift Fleet,58878.78,BBB - Moderate Risk,Current / Performing,0,0.0
LN-12722,CUST-0640,PRD-EDU,BR-106,20251215,2025-12-15,2029-12-15,78900.0,0.114,48,2054.57,MBA Program Tuition,0.0,DDD - High Default Probability,Delinquent (31-60 DPD),0,0.0
LN-12723,CUST-0703,PRD-PERS,BR-111,20241130,2024-11-30,2028-11-30,19400.0,0.15,48,539.92,Emergency Medical Exp,0.0,CCC - Elevated Risk,Delinquent (31-60 DPD),0,0.0
LN-12724,CUST-0049,PRD-MORT,BR-110,20240126,2024-01-26,2044-01-26,351500.0,0.0575,240,2467.82,Primary Residence Purchase,477863.65,CCC - Elevated Risk,Delinquent (61-90 DPD),1,0.0
LN-12725,CUST-0232,PRD-AUTO,BR-102,20250524,2025-05-24,2031-05-24,24300.0,0.083,72,429.63,New EV Purchase,31123.4,BBB - Moderate Risk,Current / Performing,0,0.0
LN-12726,CUST-0455,PRD-PERS,BR-101,20240110,2024-01-10,2028-01-10,13200.0,0.12,48,347.61,Debt Consolidation,0.0,AAA - Low Risk,Current / Performing,0,0.0
LN-12727,CUST-0943,PRD-EQUIP,BR-110,20241114,2024-11-14,2029-11-14,125200.0,0.094,60,2623.32,Warehouse Forklift Fleet,173634.52,CCC - Elevated Risk,Delinquent (31-60 DPD),0,0.0
LN-12728,CUST-0142,PRD-AUTO,BR-108,20230308,2023-03-08,2029-03-07,51700.0,0.073,72,888.9,Fleet Commercial Van,61153.46,AAA - Low Risk,Delinquent (61-90 DPD),1,0.0
LN-12729,CUST-0707,PRD-EDU,BR-107,20230425,2023-04-25,2027-04-25,71400.0,0.074,48,1723.04,MBA Program Tuition,0.0,BBB - Moderate Risk,Current / Performing,0,0.0
LN-12730,CUST-0908,PRD-EQUIP,BR-103,20250713,2025-07-13,2027-07-13,130900.0,0.084,24,5944.16,Industrial CNC Machine,202790.15,CCC - Elevated Risk,Current / Performing,0,0.0
LN-12731,CUST-0622,PRD-AUTO,BR-112,20230105,2023-01-05,2029-01-04,22300.0,0.123,72,439.46,Fleet Commercial Van,34638.96,DDD - High Default Probability,Current / Performing,0,0.0
LN-12732,CUST-0973,PRD-AUTO,BR-105,20240908,2024-09-08,2030-09-08,48100.0,0.073,72,827.0,Certified Pre-Owned Luxury Car,59444.28,AAA - Low Risk,Current / Performing,0,0.0
LN-12733,CUST-0230,PRD-MORT,BR-112,20240225,2024-02-25,2044-02-25,790800.0,0.0675,240,6012.96,Primary Residence Purchase,1220196.55,BBB - Moderate Risk,Current / Performing,0,0.0
LN-12734,CUST-0946,PRD-EQUIP,BR-111,20250624,2025-06-24,2030-06-24,30200.0,0.084,60,618.14,Industrial CNC Machine,38640.93,AAA - Low Risk,Delinquent (31-60 DPD),0,0.0
LN-12735,CUST-0327,PRD-EQUIP,BR-112,20231124,2023-11-24,2028-11-23,95000.0,0.094,60,1990.54,Industrial CNC Machine,112342.2,CCC - Elevated Risk,Current / Performing,0,0.0
LN-12736,CUST-0794,PRD-AUTO,BR-108,20231216,2023-12-16,2027-12-16,34400.0,0.083,48,844.66,Fleet Commercial Van,47399.12,CCC - Elevated Risk,Under Restructuring,1,0.0
LN-12737,CUST-0772,PRD-EDU,BR-111,20250409,2025-04-09,2035-04-09,72800.0,0.064,120,822.93,Medical Residency Program,0.0,BBB - Moderate Risk,Delinquent (31-60 DPD),0,0.0
LN-12738,CUST-0595,PRD-SME,BR-109,20230326,2023-03-26,2025-03-25,228100.0,0.09,24,10420.69,Inventory Stocking Q4,363885.21,CCC - Elevated Risk,Fully Paid,0,0.0
LN-12739,CUST-0470,PRD-AUTO,BR-106,20230812,2023-08-12,2029-08-11,38700.0,0.083,72,684.22,Certified Pre-Owned Luxury Car,61286.82,BBB - Moderate Risk,Current / Performing,0,0.0
LN-12740,CUST-0418,PRD-MORT,BR-111,20230917,2023-09-17,2043-09-17,533000.0,0.0575,240,3742.11,Refinance Existing Mortgage,823133.87,CCC - Elevated Risk,Current / Performing,0,0.0
LN-12741,CUST-0933,PRD-SME,BR-105,20260210,2026-02-10,2028-02-10,439000.0,0.1,24,20257.62,Inventory Stocking Q4,640645.86,CCC - Elevated Risk,Current / Performing,0,0.0
LN-12742,CUST-0932,PRD-EQUIP,BR-104,20231001,2023-10-01,2028-09-30,35300.0,0.094,60,739.64,Industrial CNC Machine,49930.79,BBB - Moderate Risk,Current / Performing,0,0.0
LN-12743,CUST-0961,PRD-AUTO,BR-109,20250513,2025-05-13,2030-05-13,64800.0,0.073,60,1292.31,New EV Purchase,87223.86,AAA - Low Risk,Current / Performing,0,0.0
LN-12744,CUST-0760,PRD-EQUIP,BR-103,20250411,2025-04-11,2028-04-10,143900.0,0.084,36,4535.9,Warehouse Forklift Fleet,191442.92,CCC - Elevated Risk,Current / Performing,0,0.0
LN-12745,CUST-0158,PRD-EDU,BR-107,20251012,2025-10-12,2029-10-12,53100.0,0.074,48,1281.42,MBA Program Tuition,0.0,CCC - Elevated Risk,Under Restructuring,1,0.0
LN-12746,CUST-0763,PRD-PERS,BR-103,20230103,2023-01-03,2027-01-03,23500.0,0.15,48,654.02,Home Renovation,0.0,CCC - Elevated Risk,Fully Paid,0,0.0
LN-12747,CUST-0920,PRD-SME,BR-111,20240109,2024-01-09,2029-01-08,393000.0,0.1,60,8350.09,New Branch Expansion,611286.06,CCC - Elevated Risk,Delinquent (31-60 DPD),0,0.0
LN-12748,CUST-0337,PRD-SME,BR-110,20240918,2024-09-18,2026-09-18,346400.0,0.09,24,15825.19,New Branch Expansion,468534.31,BBB - Moderate Risk,Fully Paid,0,0.0
LN-12749,CUST-0659,PRD-PERS,BR-103,20230204,2023-02-04,2027-02-04,13600.0,0.17,48,392.43,Wedding & Family,0.0,DDD - High Default Probability,Under Restructuring,1,0.0
LN-12750,CUST-0201,PRD-SME,BR-104,20250119,2025-01-19,2030-01-19,347800.0,0.09,60,7219.76,Working Capital Expansion,492437.91,CCC - Elevated Risk,Charged Off / Written Off,1,146993.42
LN-12751,CUST-0161,PRD-SME,BR-107,20250207,2025-02-07,2028-02-07,170900.0,0.14,36,5840.96,Technology & IT Modernization,265782.94,DDD - High Default Probability,Current / Performing,0,0.0
LN-12752,CUST-0306,PRD-SME,BR-106,20231108,2023-11-08,2025-11-07,326800.0,0.1,24,15080.16,Inventory Stocking Q4,496145.25,BBB - Moderate Risk,Fully Paid,0,0.0
LN-12753,CUST-0552,PRD-SME,BR-107,20260302,2026-03-02,2031-03-02,313800.0,0.09,60,6513.97,Inventory Stocking Q4,487300.18,AAA - Low Risk,Current / Performing,0,0.0
LN-12754,CUST-0224,PRD-MORT,BR-111,20260504,2026-05-04,2046-05-04,672500.0,0.0675,240,5113.45,Investment Property Buy,792701.01,BBB - Moderate Risk,Current / Performing,0,0.0
LN-12755,CUST-0576,PRD-PERS,BR-111,20250313,2025-03-13,2029-03-13,28000.0,0.12,48,737.35,Debt Consolidation,0.0,CCC - Elevated Risk,Current / Performing,0,0.0
LN-12756,CUST-0093,PRD-PERS,BR-110,20250126,2025-01-26,2029-01-26,26100.0,0.13,48,700.2,Wedding & Family,0.0,BBB - Moderate Risk,Current / Performing,0,0.0
LN-12757,CUST-0972,PRD-EDU,BR-110,20230221,2023-02-21,2028-02-21,75000.0,0.074,60,1499.28,Medical Residency Program,0.0,CCC - Elevated Risk,Current / Performing,0,0.0
LN-12758,CUST-0573,PRD-MORT,BR-110,20230805,2023-08-05,2043-08-05,308900.0,0.0875,240,2729.78,Primary Residence Purchase,397345.54,CCC - Elevated Risk,Current / Performing,0,0.0
LN-12759,CUST-0458,PRD-PERS,BR-103,20240113,2024-01-13,2028-01-13,14100.0,0.13,48,378.27,Wedding & Family,0.0,BBB - Moderate Risk,Current / Performing,0,0.0
LN-12760,CUST-0045,PRD-EQUIP,BR-111,20260504,2026-05-04,2031-05-04,52600.0,0.114,60,1154.17,Medical Imaging Scanner,66316.49,CCC - Elevated Risk,Current / Performing,0,0.0
LN-12761,CUST-0586,PRD-EQUIP,BR-105,20231031,2023-10-31,2025-10-30,148700.0,0.094,24,6820.64,Industrial CNC Machine,212462.23,BBB - Moderate Risk,Fully Paid,0,0.0
LN-12762,CUST-0707,PRD-AUTO,BR-107,20260324,2026-03-24,2031-03-24,39800.0,0.083,60,812.73,Certified Pre-Owned Luxury Car,61778.27,BBB - Moderate Risk,Current / Performing,0,0.0
LN-12763,CUST-0863,PRD-MORT,BR-106,20260416,2026-04-16,2046-04-16,587700.0,0.0575,240,4126.14,Primary Residence Purchase,770603.07,AAA - Low Risk,Current / Performing,0,0.0
LN-12764,CUST-0035,PRD-AUTO,BR-107,20240409,2024-04-09,2027-04-09,57400.0,0.083,36,1806.66,New EV Purchase,73148.12,BBB - Moderate Risk,Current / Performing,0,0.0
LN-12765,CUST-0068,PRD-MORT,BR-108,20250820,2025-08-20,2045-08-20,783000.0,0.0575,240,5497.31,Investment Property Buy,1158978.76,CCC - Elevated Risk,Current / Performing,0,0.0
LN-12766,CUST-0052,PRD-MORT,BR-112,20240422,2024-04-22,2044-04-22,730800.0,0.0875,240,6458.16,Investment Property Buy,853832.6,CCC - Elevated Risk,Current / Performing,0,0.0
LN-12767,CUST-0214,PRD-EDU,BR-112,20240112,2024-01-12,2034-01-11,37900.0,0.074,120,447.9,Master of Science in Data Analytics,0.0,BBB - Moderate Risk,Current / Performing,0,0.0
LN-12768,CUST-0863,PRD-PERS,BR-106,20240309,2024-03-09,2028-03-09,29600.0,0.12,48,779.48,Debt Consolidation,0.0,AAA - Low Risk,Current / Performing,0,0.0
LN-12769,CUST-0640,PRD-AUTO,BR-106,20230317,2023-03-17,2026-03-16,44100.0,0.123,36,1471.08,Fleet Commercial Van,53649.94,DDD - High Default Probability,Fully Paid,0,0.0
LN-12770,CUST-0107,PRD-PERS,BR-111,20230928,2023-09-28,2025-09-27,27500.0,0.12,24,1294.52,Home Renovation,0.0,BBB - Moderate Risk,Fully Paid,0,0.0
LN-12771,CUST-0870,PRD-EDU,BR-106,20260107,2026-01-07,2036-01-07,63900.0,0.074,120,755.17,Medical Residency Program,0.0,CCC - Elevated Risk,Current / Performing,0,0.0
LN-12772,CUST-0405,PRD-PERS,BR-110,20231115,2023-11-15,2026-11-14,14700.0,0.12,36,488.25,Home Renovation,0.0,AAA - Low Risk,Fully Paid,0,0.0
LN-12773,CUST-0283,PRD-MORT,BR-108,20240516,2024-05-16,2044-05-16,509900.0,0.0675,240,3877.1,Refinance Existing Mortgage,609936.69,BBB - Moderate Risk,Current / Performing,0,0.0
LN-12774,CUST-0168,PRD-EDU,BR-101,20250924,2025-09-24,2035-09-24,68600.0,0.064,120,775.45,Master of Science in Data Analytics,0.0,BBB - Moderate Risk,Delinquent (31-60 DPD),0,0.0
LN-12775,CUST-0825,PRD-MORT,BR-103,20260401,2026-04-01,2056-03-31,579900.0,0.0575,360,3384.14,Primary Residence Purchase,858618.13,AAA - Low Risk,Current / Performing,0,0.0
LN-12776,CUST-0326,PRD-PERS,BR-104,20240526,2024-05-26,2026-05-26,34200.0,0.13,24,1625.93,Home Renovation,0.0,BBB - Moderate Risk,Fully Paid,0,0.0
LN-12777,CUST-0516,PRD-EDU,BR-101,20240303,2024-03-03,2029-03-03,43700.0,0.064,60,853.0,Medical Residency Program,0.0,AAA - Low Risk,Current / Performing,0,0.0
LN-12778,CUST-0562,PRD-PERS,BR-110,20240509,2024-05-09,2028-05-09,6900.0,0.13,48,185.11,Emergency Medical Exp,0.0,CCC - Elevated Risk,Current / Performing,0,0.0
LN-12779,CUST-0543,PRD-EDU,BR-105,20230508,2023-05-08,2027-05-08,75200.0,0.074,48,1814.75,MBA Program Tuition,0.0,BBB - Moderate Risk,Delinquent (31-60 DPD),0,0.0
LN-12780,CUST-0898,PRD-MORT,BR-101,20251227,2025-12-27,2045-12-27,294200.0,0.0575,240,2065.53,Primary Residence Purchase,457390.49,CCC - Elevated Risk,Charged Off / Written Off,1,131077.85
LN-12781,CUST-0467,PRD-AUTO,BR-102,20230724,2023-07-24,2026-07-23,22400.0,0.073,36,694.72,Fleet Commercial Van,32435.52,AAA - Low Risk,Fully Paid,0,0.0
LN-12782,CUST-0560,PRD-EDU,BR-108,20260107,2026-01-07,2036-01-07,15300.0,0.074,120,180.82,Master of Science in Data Analytics,0.0,BBB - Moderate Risk,Current / Performing,0,0.0
LN-12783,CUST-0255,PRD-SME,BR-103,20231115,2023-11-15,2026-11-14,400400.0,0.1,36,12919.78,Inventory Stocking Q4,599305.76,BBB - Moderate Risk,Fully Paid,0,0.0
LN-12784,CUST-0536,PRD-EDU,BR-106,20251209,2025-12-09,2032-12-08,13600.0,0.064,84,201.29,Master of Science in Data Analytics,0.0,AAA - Low Risk,Current / Performing,0,0.0
LN-12785,CUST-0667,PRD-SME,BR-103,20250505,2025-05-05,2028-05-04,230800.0,0.1,36,7447.27,Inventory Stocking Q4,300737.81,BBB - Moderate Risk,Current / Performing,0,0.0
LN-12786,CUST-0632,PRD-AUTO,BR-110,20230510,2023-05-10,2029-05-09,40700.0,0.073,72,699.77,Certified Pre-Owned Luxury Car,56055.22,AAA - Low Risk,Current / Performing,0,0.0
LN-12787,CUST-0838,PRD-AUTO,BR-110,20250624,2025-06-24,2031-06-24,61900.0,0.103,72,1156.14,New EV Purchase,86657.19,DDD - High Default Probability,Charged Off / Written Off,1,37109.72
LN-12788,CUST-0345,PRD-SME,BR-101,20251213,2025-12-13,2028-12-12,432900.0,0.1,36,13968.47,Inventory Stocking Q4,622480.09,CCC - Elevated Risk,Delinquent (31-60 DPD),0,0.0
LN-12789,CUST-0486,PRD-SME,BR-104,20250620,2025-06-20,2030-06-20,185500.0,0.09,60,3850.67,Technology & IT Modernization,223460.21,AAA - Low Risk,Current / Performing,0,0.0
LN-12790,CUST-0742,PRD-EDU,BR-103,20230514,2023-05-14,2033-05-13,68200.0,0.074,120,805.99,MBA Program Tuition,0.0,BBB - Moderate Risk,Current / Performing,0,0.0
LN-12791,CUST-0815,PRD-SME,BR-107,20240215,2024-02-15,2031-02-14,397700.0,0.1,84,6602.29,Working Capital Expansion,575855.47,BBB - Moderate Risk,Current / Performing,0,0.0
LN-12792,CUST-0639,PRD-AUTO,BR-108,20251112,2025-11-12,2031-11-12,41200.0,0.073,72,708.37,Certified Pre-Owned Luxury Car,56009.0,CCC - Elevated Risk,Delinquent (31-60 DPD),0,0.0
LN-12793,CUST-0960,PRD-MORT,BR-106,20260424,2026-04-24,2046-04-24,664300.0,0.0675,240,5051.1,Refinance Existing Mortgage,1055945.91,BBB - Moderate Risk,Current / Performing,0,0.0
LN-12794,CUST-0206,PRD-MORT,BR-107,20250703,2025-07-03,2045-07-03,454200.0,0.0875,240,4013.81,Investment Property Buy,671026.03,CCC - Elevated Risk,Current / Performing,0,0.0
LN-12795,CUST-0334,PRD-PERS,BR-104,20251115,2025-11-15,2029-11-15,19300.0,0.13,48,517.77,Home Renovation,0.0,CCC - Elevated Risk,Current / Performing,0,0.0
LN-12796,CUST-0862,PRD-EQUIP,BR-105,20240429,2024-04-29,2026-04-29,87200.0,0.094,24,3999.73,Industrial CNC Machine,123073.0,CCC - Elevated Risk,Charged Off / Written Off,1,40394.18
LN-12797,CUST-0627,PRD-PERS,BR-101,20230626,2023-06-26,2027-06-26,4700.0,0.12,48,123.77,Emergency Medical Exp,0.0,AAA - Low Risk,Current / Performing,0,0.0
LN-12798,CUST-0135,PRD-EQUIP,BR-101,20231114,2023-11-14,2028-11-13,62500.0,0.094,60,1309.56,Medical Imaging Scanner,71936.38,CCC - Elevated Risk,Current / Performing,0,0.0
LN-12799,CUST-0662,PRD-SME,BR-109,20260603,2026-06-03,2033-06-02,315400.0,0.1,84,5236.01,Working Capital Expansion,482579.64,BBB - Moderate Risk,Current / Performing,0,0.0
LN-12800,CUST-0413,PRD-AUTO,BR-108,20230613,2023-06-13,2026-06-12,29600.0,0.073,36,918.03,New EV Purchase,45479.73,CCC - Elevated Risk,Fully Paid,0,0.0
LN-12801,CUST-0708,PRD-EDU,BR-110,20260422,2026-04-22,2030-04-22,27200.0,0.064,48,643.79,Master of Science in Data Analytics,0.0,BBB - Moderate Risk,Current / Performing,0,0.0
LN-12802,CUST-0487,PRD-SME,BR-110,20250113,2025-01-13,2032-01-13,185400.0,0.09,84,2982.92,Working Capital Expansion,253068.87,CCC - Elevated Risk,Current / Performing,0,0.0
LN-12803,CUST-0048,PRD-EQUIP,BR-101,20250309,2025-03-09,2030-03-09,74900.0,0.084,60,1533.08,Medical Imaging Scanner,92412.7,AAA - Low Risk,Current / Performing,0,0.0
LN-12804,CUST-0764,PRD-EDU,BR-109,20250822,2025-08-22,2035-08-22,67500.0,0.074,120,797.72,Master of Science in Data Analytics,0.0,BBB - Moderate Risk,Current / Performing,0,0.0
LN-12805,CUST-0062,PRD-MORT,BR-110,20240129,2024-01-29,2044-01-29,525400.0,0.0875,240,4643.02,Primary Residence Purchase,764592.49,CCC - Elevated Risk,Current / Performing,0,0.0
LN-12806,CUST-0536,PRD-MORT,BR-106,20240924,2024-09-24,2044-09-24,267300.0,0.0575,240,1876.67,Primary Residence Purchase,414099.36,AAA - Low Risk,Current / Performing,0,0.0
LN-12807,CUST-0609,PRD-SME,BR-106,20250617,2025-06-17,2032-06-16,60100.0,0.1,84,997.73,Technology & IT Modernization,84567.94,CCC - Elevated Risk,Current / Performing,0,0.0
LN-12808,CUST-0454,PRD-MORT,BR-108,20241016,2024-10-16,2044-10-16,466500.0,0.0875,240,4122.51,Investment Property Buy,657234.51,CCC - Elevated Risk,Current / Performing,0,0.0
LN-12809,CUST-0721,PRD-EQUIP,BR-106,20231123,2023-11-23,2028-11-22,56300.0,0.134,60,1292.56,Industrial CNC Machine,66063.06,DDD - High Default Probability,In Default (90+ DPD),1,0.0
LN-12810,CUST-0052,PRD-MORT,BR-112,20251204,2025-12-04,2045-12-04,355000.0,0.0875,240,3137.17,Primary Residence Purchase,519173.13,CCC - Elevated Risk,Current / Performing,0,0.0
LN-12811,CUST-0398,PRD-EDU,BR-108,20250701,2025-07-01,2029-07-01,68700.0,0.094,48,1722.68,Master of Science in Data Analytics,0.0,CCC - Elevated Risk,Current / Performing,0,0.0
LN-12812,CUST-0718,PRD-AUTO,BR-112,20240719,2024-07-19,2030-07-19,45900.0,0.083,72,811.52,Fleet Commercial Van,70936.63,BBB - Moderate Risk,Current / Performing,0,0.0
LN-12813,CUST-0929,PRD-EQUIP,BR-104,20250123,2025-01-23,2030-01-23,98700.0,0.114,60,2165.72,Medical Imaging Scanner,149421.74,CCC - Elevated Risk,Delinquent (31-60 DPD),0,0.0
LN-12814,CUST-0970,PRD-AUTO,BR-108,20260120,2026-01-20,2029-01-19,16600.0,0.123,36,553.74,Fleet Commercial Van,22593.01,DDD - High Default Probability,Current / Performing,0,0.0
LN-12815,CUST-0058,PRD-SME,BR-110,20240201,2024-02-01,2031-01-31,210000.0,0.12,84,3707.07,Working Capital Expansion,333410.34,CCC - Elevated Risk,Current / Performing,0,0.0
LN-12816,CUST-0443,PRD-AUTO,BR-107,20240421,2024-04-21,2027-04-21,59700.0,0.083,36,1879.05,Certified Pre-Owned Luxury Car,72230.37,CCC - Elevated Risk,Current / Performing,0,0.0
LN-12817,CUST-0860,PRD-PERS,BR-110,20241010,2024-10-10,2028-10-10,33000.0,0.17,48,952.22,Debt Consolidation,0.0,DDD - High Default Probability,Current / Performing,0,0.0
LN-12818,CUST-0233,PRD-PERS,BR-112,20231227,2023-12-27,2027-12-27,8400.0,0.12,48,221.2,Emergency Medical Exp,0.0,CCC - Elevated Risk,Delinquent (31-60 DPD),0,0.0
LN-12819,CUST-0535,PRD-EDU,BR-107,20240512,2024-05-12,2034-05-12,24800.0,0.064,120,280.34,Medical Residency Program,0.0,BBB - Moderate Risk,Delinquent (31-60 DPD),0,0.0
LN-12820,CUST-0064,PRD-PERS,BR-108,20260205,2026-02-05,2030-02-05,17800.0,0.13,48,477.53,Debt Consolidation,0.0,CCC - Elevated Risk,Current / Performing,0,0.0
LN-12821,CUST-0194,PRD-AUTO,BR-109,20240916,2024-09-16,2029-09-16,16300.0,0.103,60,348.74,Certified Pre-Owned Luxury Car,25840.56,CCC - Elevated Risk,Current / Performing,0,0.0
LN-12822,CUST-0335,PRD-EQUIP,BR-108,20251209,2025-12-09,2027-12-09,75600.0,0.084,24,3432.99,Medical Imaging Scanner,92437.56,BBB - Moderate Risk,Current / Performing,0,0.0
LN-12823,CUST-0309,PRD-AUTO,BR-103,20240110,2024-01-10,2030-01-09,24900.0,0.073,72,428.12,New EV Purchase,33285.95,AAA - Low Risk,Current / Performing,0,0.0
LN-12824,CUST-0926,PRD-EQUIP,BR-112,20240707,2024-07-07,2029-07-07,90400.0,0.084,60,1850.34,Industrial CNC Machine,129814.67,AAA - Low Risk,Current / Performing,0,0.0
LN-12825,CUST-0112,PRD-EDU,BR-109,20230720,2023-07-20,2033-07-19,51600.0,0.094,120,664.87,MBA Program Tuition,0.0,CCC - Elevated Risk,Charged Off / Written Off,1,31209.91
LN-12826,CUST-0072,PRD-AUTO,BR-101,20250514,2025-05-14,2028-05-13,56000.0,0.073,36,1736.81,New EV Purchase,87245.07,BBB - Moderate Risk,Current / Performing,0,0.0
LN-12827,CUST-0886,PRD-MORT,BR-103,20250825,2025-08-25,2045-08-25,600200.0,0.0575,240,4213.91,Refinance Existing Mortgage,711786.42,AAA - Low Risk,Current / Performing,0,0.0
LN-12828,CUST-0677,PRD-MORT,BR-105,20230321,2023-03-21,2043-03-21,329800.0,0.0875,240,2914.48,Refinance Existing Mortgage,380656.58,CCC - Elevated Risk,Current / Performing,0,0.0
LN-12829,CUST-0277,PRD-PERS,BR-102,20250411,2025-04-11,2029-04-11,5300.0,0.15,48,147.5,Home Renovation,0.0,CCC - Elevated Risk,Current / Performing,0,0.0
LN-12830,CUST-0081,PRD-SME,BR-107,20260131,2026-01-31,2028-01-31,311300.0,0.1,24,14364.92,Inventory Stocking Q4,425357.0,BBB - Moderate Risk,Current / Performing,0,0.0
LN-12831,CUST-0576,PRD-MORT,BR-111,20240130,2024-01-30,2054-01-29,742300.0,0.0575,360,4331.86,Refinance Existing Mortgage,1029189.23,CCC - Elevated Risk,Current / Performing,0,0.0
LN-12832,CUST-0205,PRD-EQUIP,BR-102,20241123,2024-11-23,2029-11-23,120800.0,0.094,60,2531.13,Warehouse Forklift Fleet,143902.39,BBB - Moderate Risk,Current / Performing,0,0.0
LN-12833,CUST-0313,PRD-SME,BR-109,20241219,2024-12-19,2031-12-19,425000.0,0.09,84,6837.86,New Branch Expansion,559414.72,BBB - Moderate Risk,Current / Performing,0,0.0
LN-12834,CUST-0907,PRD-PERS,BR-106,20250810,2025-08-10,2026-08-10,11400.0,0.15,12,1028.94,Emergency Medical Exp,0.0,CCC - Elevated Risk,Fully Paid,0,0.0
LN-12835,CUST-0564,PRD-EQUIP,BR-110,20250625,2025-06-25,2030-06-25,47400.0,0.084,60,970.2,Medical Imaging Scanner,59334.6,BBB - Moderate Risk,Current / Performing,0,0.0
LN-12836,CUST-0505,PRD-MORT,BR-110,20250820,2025-08-20,2055-08-20,696000.0,0.0675,360,4514.24,Primary Residence Purchase,804426.86,CCC - Elevated Risk,Current / Performing,0,0.0
LN-12837,CUST-0098,PRD-SME,BR-109,20250905,2025-09-05,2032-09-04,161100.0,0.1,84,2674.45,Technology & IT Modernization,187612.4,CCC - Elevated Risk,Delinquent (61-90 DPD),1,0.0
LN-12838,CUST-0180,PRD-MORT,BR-111,20230208,2023-02-08,2043-02-08,568000.0,0.0675,240,4318.87,Investment Property Buy,819563.42,BBB - Moderate Risk,Current / Performing,0,0.0
LN-12839,CUST-0503,PRD-AUTO,BR-111,20230519,2023-05-19,2027-05-19,16400.0,0.083,48,402.69,New EV Purchase,22958.12,BBB - Moderate Risk,Under Restructuring,1,0.0
LN-12840,CUST-0103,PRD-PERS,BR-107,20250312,2025-03-12,2029-03-12,28300.0,0.13,48,759.22,Emergency Medical Exp,0.0,BBB - Moderate Risk,Delinquent (61-90 DPD),1,0.0
LN-12841,CUST-0661,PRD-EDU,BR-110,20260512,2026-05-12,2033-05-11,77100.0,0.094,84,1256.18,MBA Program Tuition,0.0,DDD - High Default Probability,Current / Performing,0,0.0
LN-12842,CUST-0858,PRD-PERS,BR-109,20240529,2024-05-29,2028-05-29,7100.0,0.12,48,186.97,Wedding & Family,0.0,AAA - Low Risk,Current / Performing,0,0.0
LN-12843,CUST-0711,PRD-AUTO,BR-107,20251211,2025-12-11,2031-12-11,63700.0,0.083,72,1126.22,Fleet Commercial Van,94043.72,BBB - Moderate Risk,Current / Performing,0,0.0
LN-12844,CUST-0780,PRD-EDU,BR-103,20251012,2025-10-12,2035-10-12,58100.0,0.074,120,686.63,MBA Program Tuition,0.0,CCC - Elevated Risk,Delinquent (31-60 DPD),0,0.0
LN-12845,CUST-0165,PRD-AUTO,BR-109,20251120,2025-11-20,2028-11-19,55700.0,0.083,36,1753.15,Certified Pre-Owned Luxury Car,81705.49,BBB - Moderate Risk,Current / Performing,0,0.0
LN-12846,CUST-0588,PRD-EDU,BR-104,20230801,2023-08-01,2033-07-31,31000.0,0.074,120,366.36,MBA Program Tuition,0.0,BBB - Moderate Risk,Current / Performing,0,0.0
LN-12847,CUST-0294,PRD-MORT,BR-112,20230521,2023-05-21,2043-05-21,772700.0,0.0675,240,5875.33,Primary Residence Purchase,1059247.2,CCC - Elevated Risk,Current / Performing,0,0.0
LN-12848,CUST-0434,PRD-EDU,BR-107,20251129,2025-11-29,2035-11-29,20300.0,0.074,120,239.91,Medical Residency Program,0.0,BBB - Moderate Risk,Current / Performing,0,0.0
LN-12849,CUST-0712,PRD-SME,BR-107,20230719,2023-07-19,2030-07-18,376400.0,0.09,84,6055.93,New Branch Expansion,482128.53,AAA - Low Risk,Current / Performing,0,0.0
LN-12850,CUST-0949,PRD-EQUIP,BR-104,20230413,2023-04-13,2028-04-12,50800.0,0.084,60,1039.79,Warehouse Forklift Fleet,77127.77,CCC - Elevated Risk,Current / Performing,0,0.0
LN-12851,CUST-0965,PRD-EQUIP,BR-109,20260105,2026-01-05,2031-01-05,68700.0,0.084,60,1406.18,Industrial CNC Machine,86866.59,AAA - Low Risk,Current / Performing,0,0.0
LN-12852,CUST-0258,PRD-MORT,BR-109,20230207,2023-02-07,2043-02-07,847600.0,0.0875,240,7490.33,Refinance Existing Mortgage,1224828.3,DDD - High Default Probability,Current / Performing,0,0.0
LN-12853,CUST-0809,PRD-SME,BR-109,20240203,2024-02-03,2029-02-02,185400.0,0.1,60,3939.2,New Branch Expansion,282620.68,CCC - Elevated Risk,In Default (90+ DPD),1,0.0
LN-12854,CUST-0698,PRD-PERS,BR-108,20231112,2023-11-12,2024-11-11,7900.0,0.13,12,705.61,Wedding & Family,0.0,BBB - Moderate Risk,Fully Paid,0,0.0
LN-12855,CUST-0173,PRD-AUTO,BR-101,20250323,2025-03-23,2031-03-23,35400.0,0.073,72,608.65,New EV Purchase,47822.07,BBB - Moderate Risk,Current / Performing,0,0.0
LN-12856,CUST-0937,PRD-MORT,BR-104,20250321,2025-03-21,2045-03-21,426800.0,0.1075,240,4333.0,Primary Residence Purchase,634742.1,DDD - High Default Probability,Current / Performing,0,0.0
LN-12857,CUST-0698,PRD-EDU,BR-108,20230123,2023-01-23,2028-01-23,40300.0,0.074,60,805.62,MBA Program Tuition,0.0,BBB - Moderate Risk,Current / Performing,0,0.0
LN-12858,CUST-0890,PRD-MORT,BR-106,20240625,2024-06-25,2044-06-25,348500.0,0.0575,240,2446.76,Investment Property Buy,552719.63,AAA - Low Risk,Current / Performing,0,0.0
LN-12859,CUST-0428,PRD-EDU,BR-103,20241015,2024-10-15,2028-10-15,57400.0,0.064,48,1358.59,MBA Program Tuition,0.0,AAA - Low Risk,Current / Performing,0,0.0
LN-12860,CUST-0532,PRD-MORT,BR-102,20230603,2023-06-03,2043-06-03,431700.0,0.1075,240,4382.74,Primary Residence Purchase,514147.74,DDD - High Default Probability,Under Restructuring,1,0.0
LN-12861,CUST-0209,PRD-MORT,BR-103,20230404,2023-04-04,2043-04-04,734800.0,0.0575,240,5158.91,Refinance Existing Mortgage,989828.04,BBB - Moderate Risk,In Default (90+ DPD),1,0.0
LN-12862,CUST-0493,PRD-PERS,BR-108,20250909,2025-09-09,2029-09-09,20700.0,0.17,48,597.3,Home Renovation,0.0,DDD - High Default Probability,Current / Performing,0,0.0
LN-12863,CUST-0736,PRD-MORT,BR-103,20230122,2023-01-22,2043-01-22,508500.0,0.0675,240,3866.45,Investment Property Buy,710091.54,BBB - Moderate Risk,Delinquent (61-90 DPD),1,0.0
LN-12864,CUST-0055,PRD-MORT,BR-109,20250130,2025-01-30,2045-01-30,423000.0,0.1075,240,4294.42,Investment Property Buy,607268.84,DDD - High Default Probability,Current / Performing,0,0.0
LN-12865,CUST-0558,PRD-PERS,BR-111,20230805,2023-08-05,2027-08-05,11400.0,0.12,48,300.21,Emergency Medical Exp,0.0,BBB - Moderate Risk,Current / Performing,0,0.0
LN-12866,CUST-0238,PRD-AUTO,BR-107,20241101,2024-11-01,2030-11-01,21300.0,0.073,72,366.22,Certified Pre-Owned Luxury Car,25573.81,AAA - Low Risk,Current / Performing,0,0.0
LN-12867,CUST-0394,PRD-EQUIP,BR-111,20250719,2025-07-19,2029-07-19,97100.0,0.094,48,2434.82,Medical Imaging Scanner,143492.13,BBB - Moderate Risk,Current / Performing,0,0.0
LN-12868,CUST-0656,PRD-EQUIP,BR-105,20240914,2024-09-14,2029-09-14,98800.0,0.114,60,2167.91,Warehouse Forklift Fleet,146913.01,CCC - Elevated Risk,Delinquent (31-60 DPD),0,0.0
LN-12869,CUST-0150,PRD-MORT,BR-104,20250118,2025-01-18,2055-01-18,355500.0,0.0675,360,2305.77,Investment Property Buy,542985.2,BBB - Moderate Risk,Current / Performing,0,0.0
LN-12870,CUST-0017,PRD-SME,BR-104,20250722,2025-07-22,2027-07-22,209200.0,0.14,24,10044.3,Technology & IT Modernization,334522.09,DDD - High Default Probability,Current / Performing,0,0.0
LN-12871,CUST-0386,PRD-EQUIP,BR-106,20260319,2026-03-19,2030-03-19,137300.0,0.094,48,3442.85,Industrial CNC Machine,166451.45,CCC - Elevated Risk,Current / Performing,0,0.0
LN-12872,CUST-0750,PRD-AUTO,BR-111,20250808,2025-08-08,2028-08-07,23900.0,0.083,36,752.25,Certified Pre-Owned Luxury Car,30088.5,CCC - Elevated Risk,Charged Off / Written Off,1,16754.19
LN-12873,CUST-0017,PRD-EDU,BR-104,20241118,2024-11-18,2034-11-18,37700.0,0.114,120,527.89,MBA Program Tuition,0.0,DDD - High Default Probability,Current / Performing,0,0.0
LN-12874,CUST-0018,PRD-SME,BR-102,20240721,2024-07-21,2027-07-21,314800.0,0.12,36,10455.86,New Branch Expansion,390871.79,DDD - High Default Probability,Current / Performing,0,0.0
LN-12875,CUST-0825,PRD-EQUIP,BR-103,20240205,2024-02-05,2026-02-04,69300.0,0.084,24,3146.91,Warehouse Forklift Fleet,100567.05,AAA - Low Risk,Fully Paid,0,0.0
LN-12876,CUST-0840,PRD-MORT,BR-101,20241120,2024-11-20,2044-11-20,356800.0,0.0675,240,2712.98,Investment Property Buy,519695.64,BBB - Moderate Risk,Current / Performing,0,0.0
LN-12877,CUST-0594,PRD-MORT,BR-112,20240502,2024-05-02,2044-05-02,355900.0,0.0575,240,2498.72,Refinance Existing Mortgage,459302.61,CCC - Elevated Risk,Current / Performing,0,0.0
LN-12878,CUST-0629,PRD-MORT,BR-103,20230830,2023-08-30,2043-08-30,849800.0,0.0875,240,7509.77,Primary Residence Purchase,1170499.19,DDD - High Default Probability,Current / Performing,0,0.0
LN-12879,CUST-0070,PRD-EQUIP,BR-109,20240220,2024-02-20,2029-02-19,88300.0,0.114,60,1937.52,Medical Imaging Scanner,103112.62,CCC - Elevated Risk,Current / Performing,0,0.0
LN-12880,CUST-0735,PRD-SME,BR-111,20251013,2025-10-13,2028-10-12,242600.0,0.12,36,8057.79,Technology & IT Modernization,379577.87,CCC - Elevated Risk,Current / Performing,0,0.0
LN-12881,CUST-0629,PRD-EQUIP,BR-103,20240223,2024-02-23,2026-02-22,86600.0,0.114,24,4052.34,Medical Imaging Scanner,119273.15,DDD - High Default Probability,Fully Paid,0,0.0
LN-12882,CUST-0986,PRD-SME,BR-112,20240404,2024-04-04,2031-04-04,374700.0,0.1,84,6220.46,Inventory Stocking Q4,497676.04,BBB - Moderate Risk,Current / Performing,0,0.0
LN-12883,CUST-0914,PRD-PERS,BR-108,20250609,2025-06-09,2026-06-09,29400.0,0.15,12,2653.59,Emergency Medical Exp,0.0,CCC - Elevated Risk,In Default (90+ DPD),1,0.0
LN-12884,CUST-0764,PRD-SME,BR-109,20231214,2023-12-14,2030-12-13,158600.0,0.1,84,2632.95,New Branch Expansion,192623.28,BBB - Moderate Risk,Delinquent (31-60 DPD),0,0.0
LN-12885,CUST-0594,PRD-SME,BR-112,20240616,2024-06-16,2027-06-16,150700.0,0.09,36,4792.22,New Branch Expansion,240642.72,CCC - Elevated Risk,Current / Performing,0,0.0
LN-12886,CUST-0388,PRD-AUTO,BR-111,20230814,2023-08-14,2029-08-13,16500.0,0.083,72,291.72,New EV Purchase,20346.67,BBB - Moderate Risk,Current / Performing,0,0.0
LN-12887,CUST-0365,PRD-AUTO,BR-103,20251129,2025-11-29,2031-11-29,21900.0,0.083,72,387.19,Fleet Commercial Van,25287.59,CCC - Elevated Risk,Current / Performing,0,0.0
LN-12888,CUST-0530,PRD-EDU,BR-108,20230304,2023-03-04,2028-03-03,21300.0,0.064,60,415.76,MBA Program Tuition,0.0,AAA - Low Risk,Current / Performing,0,0.0
LN-12889,CUST-0446,PRD-MORT,BR-103,20250223,2025-02-23,2045-02-23,362000.0,0.0575,240,2541.54,Investment Property Buy,440957.66,BBB - Moderate Risk,Delinquent (31-60 DPD),0,0.0
LN-12890,CUST-0144,PRD-AUTO,BR-108,20240429,2024-04-29,2028-04-29,61000.0,0.103,48,1555.92,Fleet Commercial Van,95529.68,CCC - Elevated Risk,Current / Performing,0,0.0
LN-12891,CUST-0799,PRD-MORT,BR-102,20240826,2024-08-26,2044-08-26,618400.0,0.0575,240,4341.68,Refinance Existing Mortgage,892064.0,AAA - Low Risk,Delinquent (31-60 DPD),0,0.0
LN-12892,CUST-0702,PRD-EDU,BR-105,20230813,2023-08-13,2033-08-12,66200.0,0.074,120,782.35,Master of Science in Data Analytics,0.0,BBB - Moderate Risk,Current / Performing,0,0.0
LN-12893,CUST-0762,PRD-MORT,BR-108,20250520,2025-05-20,2045-05-20,221700.0,0.0675,240,1685.73,Primary Residence Purchase,288527.6,CCC - Elevated Risk,Current / Performing,0,0.0
LN-12894,CUST-0078,PRD-MORT,BR-102,20250515,2025-05-15,2045-05-15,724900.0,0.1075,240,7359.39,Refinance Existing Mortgage,1098189.89,DDD - High Default Probability,Current / Performing,0,0.0
LN-12895,CUST-0593,PRD-AUTO,BR-109,20240402,2024-04-02,2029-04-02,33400.0,0.083,60,682.04,Fleet Commercial Van,41221.06,BBB - Moderate Risk,Current / Performing,0,0.0
LN-12896,CUST-0187,PRD-PERS,BR-109,20250723,2025-07-23,2029-07-23,19600.0,0.12,48,516.14,Wedding & Family,0.0,BBB - Moderate Risk,Current / Performing,0,0.0
LN-12897,CUST-0013,PRD-SME,BR-104,20231030,2023-10-30,2028-10-29,378400.0,0.09,60,7854.96,Technology & IT Modernization,594379.61,AAA - Low Risk,Delinquent (31-60 DPD),0,0.0
LN-12898,CUST-0256,PRD-EQUIP,BR-107,20240219,2024-02-19,2028-02-19,86600.0,0.094,48,2171.53,Industrial CNC Machine,123634.61,BBB - Moderate Risk,Current / Performing,0,0.0
LN-12899,CUST-0337,PRD-EDU,BR-110,20250115,2025-01-15,2035-01-15,15500.0,0.064,120,175.21,Master of Science in Data Analytics,0.0,BBB - Moderate Risk,Delinquent (31-60 DPD),0,0.0
LN-12900,CUST-0613,PRD-AUTO,BR-112,20231223,2023-12-23,2026-12-22,64700.0,0.103,36,2096.81,Certified Pre-Owned Luxury Car,91495.31,DDD - High Default Probability,Fully Paid,0,0.0
LN-12901,CUST-0079,PRD-SME,BR-105,20240611,2024-06-11,2028-06-11,305700.0,0.09,48,7607.36,Technology & IT Modernization,399044.2,BBB - Moderate Risk,Current / Performing,0,0.0
LN-12902,CUST-0243,PRD-EQUIP,BR-102,20230110,2023-01-10,2026-01-09,150700.0,0.094,36,4820.32,Warehouse Forklift Fleet,217577.69,BBB - Moderate Risk,Charged Off / Written Off,1,110216.02
LN-12903,CUST-0165,PRD-SME,BR-109,20230624,2023-06-24,2026-06-23,348600.0,0.1,36,11248.34,Inventory Stocking Q4,546086.92,BBB - Moderate Risk,Fully Paid,0,0.0
LN-12904,CUST-0870,PRD-EDU,BR-106,20230531,2023-05-31,2033-05-30,70500.0,0.074,120,833.17,Master of Science in Data Analytics,0.0,CCC - Elevated Risk,Current / Performing,0,0.0
LN-12905,CUST-0619,PRD-EQUIP,BR-107,20240626,2024-06-26,2028-06-26,99100.0,0.134,48,2678.32,Medical Imaging Scanner,138869.38,DDD - High Default Probability,In Default (90+ DPD),1,0.0
LN-12906,CUST-0952,PRD-EDU,BR-110,20250127,2025-01-27,2029-01-27,17500.0,0.074,48,422.31,MBA Program Tuition,0.0,BBB - Moderate Risk,Current / Performing,0,0.0
LN-12907,CUST-0386,PRD-EDU,BR-106,20251113,2025-11-13,2029-11-13,20000.0,0.074,48,482.65,Medical Residency Program,0.0,CCC - Elevated Risk,Charged Off / Written Off,1,8784.09
LN-12908,CUST-0469,PRD-PERS,BR-109,20240522,2024-05-22,2028-05-22,15300.0,0.12,48,402.91,Home Renovation,0.0,AAA - Low Risk,Current / Performing,0,0.0
LN-12909,CUST-0889,PRD-EQUIP,BR-104,20230722,2023-07-22,2028-07-21,150400.0,0.084,60,3078.44,Warehouse Forklift Fleet,225537.87,AAA - Low Risk,Current / Performing,0,0.0
LN-12910,CUST-0458,PRD-MORT,BR-103,20250328,2025-03-28,2045-03-28,524400.0,0.0675,240,3987.35,Refinance Existing Mortgage,658793.41,BBB - Moderate Risk,Current / Performing,0,0.0
LN-12911,CUST-0804,PRD-AUTO,BR-110,20250303,2025-03-03,2029-03-03,22100.0,0.073,48,532.29,New EV Purchase,26288.07,BBB - Moderate Risk,Current / Performing,0,0.0
LN-12912,CUST-0680,PRD-EDU,BR-112,20240616,2024-06-16,2028-06-16,68500.0,0.114,48,1783.75,Medical Residency Program,0.0,DDD - High Default Probability,Current / Performing,0,0.0
LN-12913,CUST-0332,PRD-EQUIP,BR-105,20231207,2023-12-07,2025-12-06,128400.0,0.094,24,5889.51,Medical Imaging Scanner,184883.31,BBB - Moderate Risk,Charged Off / Written Off,1,55395.37
LN-12914,CUST-0803,PRD-AUTO,BR-106,20230125,2023-01-25,2029-01-24,17700.0,0.083,72,312.94,Certified Pre-Owned Luxury Car,24105.27,BBB - Moderate Risk,Current / Performing,0,0.0
LN-12915,CUST-0410,PRD-PERS,BR-108,20250514,2025-05-14,2029-05-14,6200.0,0.13,48,166.33,Emergency Medical Exp,0.0,BBB - Moderate Risk,Current / Performing,0,0.0
LN-12916,CUST-0290,PRD-EQUIP,BR-106,20250424,2025-04-24,2030-04-24,41600.0,0.084,60,851.48,Warehouse Forklift Fleet,52934.89,CCC - Elevated Risk,Charged Off / Written Off,1,20189.75
LN-12917,CUST-0394,PRD-SME,BR-111,20240531,2024-05-31,2026-05-31,426100.0,0.1,24,19662.35,Working Capital Expansion,611717.31,BBB - Moderate Risk,Fully Paid,0,0.0
LN-12918,CUST-0925,PRD-MORT,BR-102,20260131,2026-01-31,2046-01-31,636200.0,0.0575,240,4466.66,Refinance Existing Mortgage,834312.79,BBB - Moderate Risk,Current / Performing,0,0.0
LN-12919,CUST-0647,PRD-AUTO,BR-103,20250723,2025-07-23,2028-07-22,18000.0,0.123,36,600.44,Certified Pre-Owned Luxury Car,26506.71,DDD - High Default Probability,Current / Performing,0,0.0
LN-12920,CUST-0076,PRD-SME,BR-112,20251103,2025-11-03,2027-11-03,215100.0,0.1,24,9925.77,New Branch Expansion,290331.37,BBB - Moderate Risk,Current / Performing,0,0.0
LN-12921,CUST-0901,PRD-AUTO,BR-106,20240309,2024-03-09,2030-03-09,19100.0,0.073,72,328.39,Fleet Commercial Van,22778.6,AAA - Low Risk,Current / Performing,0,0.0
LN-12922,CUST-0312,PRD-SME,BR-107,20250217,2025-02-17,2028-02-17,372900.0,0.1,36,12032.43,Inventory Stocking Q4,514303.85,BBB - Moderate Risk,Current / Performing,0,0.0
LN-12923,CUST-0942,PRD-SME,BR-109,20230417,2023-04-17,2028-04-16,403600.0,0.09,60,8378.07,Working Capital Expansion,491630.28,BBB - Moderate Risk,Current / Performing,0,0.0
LN-12924,CUST-0155,PRD-EQUIP,BR-112,20230328,2023-03-28,2028-03-27,101000.0,0.094,60,2116.26,Industrial CNC Machine,140612.22,CCC - Elevated Risk,Current / Performing,0,0.0
LN-12925,CUST-0088,PRD-PERS,BR-105,20240419,2024-04-19,2028-04-19,10600.0,0.12,48,279.14,Wedding & Family,0.0,AAA - Low Risk,Current / Performing,0,0.0
LN-12926,CUST-0115,PRD-PERS,BR-105,20230605,2023-06-05,2025-06-04,33600.0,0.13,24,1597.41,Home Renovation,0.0,BBB - Moderate Risk,Fully Paid,0,0.0
LN-12927,CUST-0447,PRD-EQUIP,BR-107,20240521,2024-05-21,2029-05-21,27800.0,0.094,60,582.49,Industrial CNC Machine,39113.68,BBB - Moderate Risk,Current / Performing,0,0.0
LN-12928,CUST-0054,PRD-MORT,BR-105,20260425,2026-04-25,2046-04-25,365700.0,0.0675,240,2780.65,Refinance Existing Mortgage,496799.82,BBB - Moderate Risk,Current / Performing,0,0.0
LN-12929,CUST-0055,PRD-EDU,BR-109,20230813,2023-08-13,2033-08-12,13500.0,0.114,120,189.03,Medical Residency Program,0.0,DDD - High Default Probability,Current / Performing,0,0.0
LN-12930,CUST-0831,PRD-EQUIP,BR-103,20250809,2025-08-09,2028-08-08,68100.0,0.134,36,2307.7,Medical Imaging Scanner,104847.27,DDD - High Default Probability,Current / Performing,0,0.0
LN-12931,CUST-0989,PRD-SME,BR-106,20260604,2026-06-04,2029-06-03,196900.0,0.09,36,6261.37,New Branch Expansion,273725.31,CCC - Elevated Risk,Current / Performing,0,0.0
LN-12932,CUST-0936,PRD-MORT,BR-102,20240502,2024-05-02,2044-05-02,436700.0,0.0675,240,3320.51,Investment Property Buy,522430.05,CCC - Elevated Risk,Current / Performing,0,0.0
LN-12933,CUST-0987,PRD-SME,BR-104,20230206,2023-02-06,2025-02-05,265000.0,0.1,24,12228.41,Technology & IT Modernization,392207.33,BBB - Moderate Risk,Fully Paid,0,0.0
LN-12934,CUST-0117,PRD-MORT,BR-101,20260520,2026-05-20,2046-05-20,630600.0,0.0575,240,4427.34,Refinance Existing Mortgage,773115.05,AAA - Low Risk,Current / Performing,0,0.0
LN-12935,CUST-0189,PRD-MORT,BR-106,20241030,2024-10-30,2044-10-30,414800.0,0.0575,240,2912.24,Investment Property Buy,482973.26,AAA - Low Risk,Current / Performing,0,0.0
LN-12936,CUST-0966,PRD-EDU,BR-108,20260331,2026-03-31,2030-03-31,73500.0,0.074,48,1773.72,Master of Science in Data Analytics,0.0,CCC - Elevated Risk,Delinquent (31-60 DPD),0,0.0
LN-12937,CUST-0802,PRD-MORT,BR-101,20231221,2023-12-21,2043-12-21,329400.0,0.0575,240,2312.66,Primary Residence Purchase,399718.12,AAA - Low Risk,Current / Performing,0,0.0
LN-12938,CUST-0496,PRD-EQUIP,BR-111,20240623,2024-06-23,2029-06-23,102000.0,0.084,60,2087.77,Medical Imaging Scanner,157173.43,CCC - Elevated Risk,Under Restructuring,1,0.0
LN-12939,CUST-0313,PRD-PERS,BR-109,20240227,2024-02-27,2028-02-27,12300.0,0.12,48,323.91,Home Renovation,0.0,BBB - Moderate Risk,Current / Performing,0,0.0
LN-12940,CUST-0402,PRD-AUTO,BR-105,20250911,2025-09-11,2031-09-11,16200.0,0.073,72,278.53,New EV Purchase,20910.75,AAA - Low Risk,Delinquent (31-60 DPD),0,0.0
LN-12941,CUST-0942,PRD-SME,BR-109,20240426,2024-04-26,2031-04-26,374900.0,0.09,84,6031.8,Inventory Stocking Q4,490382.84,BBB - Moderate Risk,Current / Performing,0,0.0
LN-12942,CUST-0652,PRD-EDU,BR-111,20250808,2025-08-08,2029-08-08,19100.0,0.074,48,460.93,Medical Residency Program,0.0,BBB - Moderate Risk,Current / Performing,0,0.0
LN-12943,CUST-0361,PRD-SME,BR-107,20250816,2025-08-16,2032-08-15,277300.0,0.1,84,4603.51,Technology & IT Modernization,397713.82,BBB - Moderate Risk,Current / Performing,0,0.0
LN-12944,CUST-0738,PRD-AUTO,BR-101,20230808,2023-08-08,2027-08-08,42200.0,0.123,48,1117.51,Fleet Commercial Van,52401.94,DDD - High Default Probability,In Default (90+ DPD),1,0.0
LN-12945,CUST-0204,PRD-EQUIP,BR-107,20230104,2023-01-04,2028-01-04,160000.0,0.114,60,3510.79,Warehouse Forklift Fleet,230247.96,CCC - Elevated Risk,In Default (90+ DPD),1,0.0
LN-12946,CUST-0008,PRD-SME,BR-109,20231128,2023-11-28,2027-11-28,376400.0,0.1,48,9546.48,Working Capital Expansion,477860.09,BBB - Moderate Risk,Current / Performing,0,0.0
LN-12947,CUST-0235,PRD-EQUIP,BR-108,20240117,2024-01-17,2029-01-16,46300.0,0.134,60,1062.97,Medical Imaging Scanner,58332.52,DDD - High Default Probability,Current / Performing,0,0.0
LN-12948,CUST-0255,PRD-MORT,BR-103,20240831,2024-08-31,2044-08-31,266100.0,0.0675,240,2023.33,Investment Property Buy,369251.32,BBB - Moderate Risk,Current / Performing,0,0.0
LN-12949,CUST-0812,PRD-EDU,BR-104,20251227,2025-12-27,2035-12-27,35700.0,0.064,120,403.55,Medical Residency Program,0.0,CCC - Elevated Risk,Current / Performing,0,0.0
LN-12950,CUST-0882,PRD-PERS,BR-107,20241221,2024-12-21,2028-12-21,11400.0,0.17,48,328.95,Wedding & Family,0.0,DDD - High Default Probability,Current / Performing,0,0.0
LN-12951,CUST-0684,PRD-PERS,BR-105,20240626,2024-06-26,2025-06-26,7300.0,0.13,12,652.02,Debt Consolidation,0.0,CCC - Elevated Risk,Fully Paid,0,0.0
LN-12952,CUST-0189,PRD-SME,BR-106,20241114,2024-11-14,2031-11-14,214600.0,0.09,84,3452.72,Technology & IT Modernization,311058.46,AAA - Low Risk,Current / Performing,0,0.0
LN-12953,CUST-0911,PRD-PERS,BR-107,20260331,2026-03-31,2030-03-31,32600.0,0.17,48,940.67,Emergency Medical Exp,0.0,DDD - High Default Probability,Current / Performing,0,0.0
LN-12954,CUST-0161,PRD-SME,BR-107,20230303,2023-03-03,2026-03-02,304300.0,0.14,36,10400.25,New Branch Expansion,475489.9,DDD - High Default Probability,Under Restructuring,1,0.0
LN-12955,CUST-0637,PRD-EQUIP,BR-101,20251110,2025-11-10,2027-11-10,34600.0,0.084,24,1571.18,Medical Imaging Scanner,48127.87,CCC - Elevated Risk,Current / Performing,0,0.0
LN-12956,CUST-0977,PRD-MORT,BR-101,20250519,2025-05-19,2045-05-19,362300.0,0.0675,240,2754.8,Investment Property Buy,446186.65,CCC - Elevated Risk,Current / Performing,0,0.0
LN-12957,CUST-0441,PRD-EQUIP,BR-110,20250719,2025-07-19,2030-07-19,134800.0,0.084,60,2759.14,Medical Imaging Scanner,172655.25,CCC - Elevated Risk,Current / Performing,0,0.0
LN-12958,CUST-0135,PRD-PERS,BR-101,20251128,2025-11-28,2027-11-28,20000.0,0.13,24,950.84,Wedding & Family,0.0,CCC - Elevated Risk,Charged Off / Written Off,1,9791.15
LN-12959,CUST-0794,PRD-SME,BR-108,20240309,2024-03-09,2027-03-09,383700.0,0.1,36,12380.92,Working Capital Expansion,481717.75,CCC - Elevated Risk,Under Restructuring,1,0.0
LN-12960,CUST-0602,PRD-PERS,BR-108,20250416,2025-04-16,2028-04-15,26700.0,0.12,36,886.82,Emergency Medical Exp,0.0,CCC - Elevated Risk,In Default (90+ DPD),1,0.0
LN-12961,CUST-0086,PRD-PERS,BR-106,20231213,2023-12-13,2025-12-12,29000.0,0.12,24,1365.13,Home Renovation,0.0,BBB - Moderate Risk,Fully Paid,0,0.0
LN-12962,CUST-0970,PRD-EQUIP,BR-108,20260522,2026-05-22,2029-05-21,176600.0,0.134,36,5984.43,Warehouse Forklift Fleet,208588.76,DDD - High Default Probability,Under Restructuring,1,0.0
LN-12963,CUST-0253,PRD-PERS,BR-108,20231005,2023-10-05,2027-10-05,4900.0,0.12,48,129.04,Debt Consolidation,0.0,AAA - Low Risk,Current / Performing,0,0.0
LN-12964,CUST-0178,PRD-AUTO,BR-107,20240409,2024-04-09,2029-04-09,18500.0,0.083,60,377.78,Certified Pre-Owned Luxury Car,29197.83,CCC - Elevated Risk,Delinquent (61-90 DPD),1,0.0
LN-12965,CUST-0484,PRD-MORT,BR-108,20250912,2025-09-12,2045-09-12,746300.0,0.0575,240,5239.65,Investment Property Buy,1083993.85,BBB - Moderate Risk,Current / Performing,0,0.0
LN-12966,CUST-0536,PRD-SME,BR-106,20240110,2024-01-10,2031-01-09,407500.0,0.09,84,6556.3,New Branch Expansion,596091.73,AAA - Low Risk,Current / Performing,0,0.0
LN-12967,CUST-0975,PRD-AUTO,BR-109,20251126,2025-11-26,2031-11-26,26400.0,0.073,72,453.91,Fleet Commercial Van,38197.56,AAA - Low Risk,Current / Performing,0,0.0
LN-12968,CUST-0121,PRD-AUTO,BR-108,20240513,2024-05-13,2027-05-13,19600.0,0.123,36,653.81,New EV Purchase,28597.53,DDD - High Default Probability,Current / Performing,0,0.0
LN-12969,CUST-0622,PRD-EQUIP,BR-112,20230703,2023-07-03,2025-07-02,62100.0,0.134,24,2964.03,Medical Imaging Scanner,77275.64,DDD - High Default Probability,Fully Paid,0,0.0
LN-12970,CUST-0778,PRD-MORT,BR-106,20241017,2024-10-17,2044-10-17,486100.0,0.0875,240,4295.72,Investment Property Buy,700893.09,CCC - Elevated Risk,Current / Performing,0,0.0
LN-12971,CUST-0454,PRD-PERS,BR-108,20240627,2024-06-27,2028-06-27,12300.0,0.15,48,342.32,Debt Consolidation,0.0,CCC - Elevated Risk,Current / Performing,0,0.0
LN-12972,CUST-0869,PRD-SME,BR-106,20230725,2023-07-25,2030-07-24,241500.0,0.12,84,4263.13,Working Capital Expansion,308418.68,CCC - Elevated Risk,Current / Performing,0,0.0
LN-12973,CUST-0527,PRD-SME,BR-107,20251102,2025-11-02,2032-11-01,95100.0,0.1,84,1578.77,New Branch Expansion,134876.6,BBB - Moderate Risk,Current / Performing,0,0.0
LN-12974,CUST-0358,PRD-MORT,BR-110,20260321,2026-03-21,2056-03-20,746000.0,0.0675,360,4838.54,Refinance Existing Mortgage,1013272.49,BBB - Moderate Risk,Current / Performing,0,0.0
LN-12975,CUST-0159,PRD-AUTO,BR-110,20240305,2024-03-05,2030-03-05,46500.0,0.083,72,822.12,New EV Purchase,57298.2,CCC - Elevated Risk,Current / Performing,0,0.0
LN-12976,CUST-0156,PRD-MORT,BR-109,20250418,2025-04-18,2045-04-18,434000.0,0.0675,240,3299.98,Refinance Existing Mortgage,596027.6,BBB - Moderate Risk,Current / Performing,0,0.0
LN-12977,CUST-0721,PRD-SME,BR-106,20240311,2024-03-11,2027-03-11,296900.0,0.14,36,10147.34,New Branch Expansion,409323.03,DDD - High Default Probability,Current / Performing,0,0.0
LN-12978,CUST-0367,PRD-MORT,BR-103,20230105,2023-01-05,2043-01-05,540600.0,0.0575,240,3795.46,Investment Property Buy,836112.75,BBB - Moderate Risk,Current / Performing,0,0.0
LN-12979,CUST-0555,PRD-PERS,BR-105,20260210,2026-02-10,2030-02-10,28200.0,0.13,48,756.54,Emergency Medical Exp,0.0,BBB - Moderate Risk,Current / Performing,0,0.0
LN-12980,CUST-0368,PRD-SME,BR-109,20260314,2026-03-14,2033-03-13,437800.0,0.1,84,7268.0,New Branch Expansion,620963.98,BBB - Moderate Risk,Current / Performing,0,0.0
LN-12981,CUST-0022,PRD-PERS,BR-110,20230115,2023-01-15,2025-01-14,22700.0,0.15,24,1100.65,Home Renovation,0.0,CCC - Elevated Risk,Fully Paid,0,0.0
LN-12982,CUST-0319,PRD-AUTO,BR-112,20240930,2024-09-30,2027-09-30,30700.0,0.103,36,994.93,Certified Pre-Owned Luxury Car,44013.02,CCC - Elevated Risk,Current / Performing,0,0.0
LN-12983,CUST-0812,PRD-PERS,BR-104,20231005,2023-10-05,2025-10-04,24900.0,0.12,24,1172.13,Debt Consolidation,0.0,CCC - Elevated Risk,Fully Paid,0,0.0
LN-12984,CUST-0522,PRD-AUTO,BR-106,20231101,2023-11-01,2028-10-31,52800.0,0.083,60,1078.19,New EV Purchase,65074.38,BBB - Moderate Risk,Current / Performing,0,0.0
LN-12985,CUST-0139,PRD-EQUIP,BR-108,20250316,2025-03-16,2028-03-15,142900.0,0.094,36,4570.83,Warehouse Forklift Fleet,215291.86,CCC - Elevated Risk,Current / Performing,0,0.0
LN-12986,CUST-0166,PRD-MORT,BR-102,20250823,2025-08-23,2045-08-23,360700.0,0.0875,240,3187.54,Investment Property Buy,493676.28,DDD - High Default Probability,Current / Performing,0,0.0
LN-12987,CUST-0921,PRD-MORT,BR-101,20230909,2023-09-09,2053-09-08,395500.0,0.0575,360,2308.03,Investment Property Buy,542831.55,BBB - Moderate Risk,Current / Performing,0,0.0
LN-12988,CUST-0204,PRD-MORT,BR-107,20240309,2024-03-09,2044-03-09,316500.0,0.0875,240,2796.94,Primary Residence Purchase,500208.89,CCC - Elevated Risk,Current / Performing,0,0.0
LN-12989,CUST-0702,PRD-SME,BR-105,20260117,2026-01-17,2033-01-16,315700.0,0.1,84,5240.99,New Branch Expansion,495856.17,BBB - Moderate Risk,Current / Performing,0,0.0
LN-12990,CUST-0331,PRD-PERS,BR-105,20260106,2026-01-06,2028-01-06,21000.0,0.12,24,988.54,Home Renovation,0.0,AAA - Low Risk,Current / Performing,0,0.0
LN-12991,CUST-0730,PRD-SME,BR-105,20260301,2026-03-01,2033-02-28,58300.0,0.09,84,937.99,Technology & IT Modernization,79272.59,AAA - Low Risk,Current / Performing,0,0.0
LN-12992,CUST-0615,PRD-AUTO,BR-110,20240212,2024-02-12,2028-02-12,35400.0,0.073,48,852.63,New EV Purchase,51871.65,CCC - Elevated Risk,Current / Performing,0,0.0
LN-12993,CUST-0885,PRD-EDU,BR-105,20240519,2024-05-19,2028-05-19,61200.0,0.064,48,1448.53,Master of Science in Data Analytics,0.0,CCC - Elevated Risk,Current / Performing,0,0.0
LN-12994,CUST-0073,PRD-SME,BR-107,20260530,2026-05-30,2033-05-29,82900.0,0.1,84,1376.24,New Branch Expansion,95876.84,BBB - Moderate Risk,Current / Performing,0,0.0
LN-12995,CUST-0250,PRD-EDU,BR-101,20230826,2023-08-26,2027-08-26,57900.0,0.094,48,1451.87,MBA Program Tuition,0.0,CCC - Elevated Risk,Current / Performing,0,0.0
LN-12996,CUST-0363,PRD-MORT,BR-103,20260503,2026-05-03,2046-05-03,323600.0,0.0675,240,2460.54,Investment Property Buy,475859.08,BBB - Moderate Risk,Current / Performing,0,0.0
LN-12997,CUST-0212,PRD-PERS,BR-112,20260319,2026-03-19,2030-03-19,19500.0,0.15,48,542.7,Wedding & Family,0.0,CCC - Elevated Risk,Current / Performing,0,0.0
LN-12998,CUST-0689,PRD-AUTO,BR-111,20250131,2025-01-31,2031-01-31,18300.0,0.123,72,360.63,New EV Purchase,28290.44,DDD - High Default Probability,Current / Performing,0,0.0
LN-12999,CUST-0074,PRD-PERS,BR-105,20250105,2025-01-05,2029-01-05,7400.0,0.15,48,205.95,Emergency Medical Exp,0.0,CCC - Elevated Risk,Current / Performing,0,0.0
LN-13000,CUST-0589,PRD-MORT,BR-111,20250609,2025-06-09,2045-06-09,395700.0,0.0575,240,2778.14,Refinance Existing Mortgage,548738.98,CCC - Elevated Risk,Current / Performing,0,0.0
LN-13001,CUST-0449,PRD-PERS,BR-111,20260209,2026-02-09,2027-02-09,3400.0,0.13,12,303.68,Debt Consolidation,0.0,CCC - Elevated Risk,Current / Performing,0,0.0
LN-13002,CUST-0263,PRD-EQUIP,BR-107,20240727,2024-07-27,2029-07-27,175300.0,0.134,60,4024.6,Warehouse Forklift Fleet,272834.24,DDD - High Default Probability,Charged Off / Written Off,1,147687.13
LN-13003,CUST-0599,PRD-SME,BR-108,20251002,2025-10-02,2032-10-01,427000.0,0.09,84,6870.04,Working Capital Expansion,656769.34,AAA - Low Risk,Delinquent (31-60 DPD),0,0.0
LN-13004,CUST-0955,PRD-AUTO,BR-109,20231229,2023-12-29,2027-12-29,21600.0,0.083,48,530.37,Fleet Commercial Van,25901.06,BBB - Moderate Risk,Current / Performing,0,0.0
LN-13005,CUST-0622,PRD-MORT,BR-112,20240514,2024-05-14,2044-05-14,271600.0,0.1075,240,2757.36,Refinance Existing Mortgage,385349.44,DDD - High Default Probability,Current / Performing,0,0.0
LN-13006,CUST-0370,PRD-EQUIP,BR-108,20250425,2025-04-25,2030-04-25,158600.0,0.094,60,3323.15,Warehouse Forklift Fleet,231182.15,CCC - Elevated Risk,Current / Performing,0,0.0
LN-13007,CUST-0595,PRD-PERS,BR-109,20231119,2023-11-19,2027-11-19,9800.0,0.12,48,258.07,Emergency Medical Exp,0.0,CCC - Elevated Risk,Charged Off / Written Off,1,5220.32
LN-13008,CUST-0593,PRD-MORT,BR-109,20260126,2026-01-26,2046-01-26,305900.0,0.0675,240,2325.95,Investment Property Buy,352727.32,BBB - Moderate Risk,Current / Performing,0,0.0
LN-13009,CUST-0509,PRD-EDU,BR-101,20241105,2024-11-05,2034-11-05,40600.0,0.094,120,523.13,MBA Program Tuition,0.0,DDD - High Default Probability,Current / Performing,0,0.0
LN-13010,CUST-0493,PRD-PERS,BR-108,20260513,2026-05-13,2030-05-13,8900.0,0.17,48,256.81,Debt Consolidation,0.0,DDD - High Default Probability,Under Restructuring,1,0.0
LN-13011,CUST-0194,PRD-PERS,BR-109,20231207,2023-12-07,2027-12-07,11400.0,0.15,48,317.27,Wedding & Family,0.0,CCC - Elevated Risk,Under Restructuring,1,0.0
LN-13012,CUST-0287,PRD-AUTO,BR-109,20230518,2023-05-18,2026-05-17,43700.0,0.083,36,1375.46,New EV Purchase,60640.95,CCC - Elevated Risk,Fully Paid,0,0.0
LN-13013,CUST-0125,PRD-MORT,BR-108,20240323,2024-03-23,2044-03-23,641500.0,0.0575,240,4503.87,Primary Residence Purchase,979828.96,CCC - Elevated Risk,Current / Performing,0,0.0
LN-13014,CUST-0574,PRD-PERS,BR-102,20251104,2025-11-04,2029-11-04,34300.0,0.12,48,903.25,Home Renovation,0.0,AAA - Low Risk,Current / Performing,0,0.0
LN-13015,CUST-0794,PRD-SME,BR-108,20240630,2024-06-30,2031-06-30,387800.0,0.1,84,6437.94,Working Capital Expansion,543912.58,CCC - Elevated Risk,Current / Performing,0,0.0
LN-13016,CUST-0068,PRD-SME,BR-108,20241222,2024-12-22,2031-12-22,375400.0,0.09,84,6039.84,New Branch Expansion,572318.87,CCC - Elevated Risk,Current / Performing,0,0.0
LN-13017,CUST-0308,PRD-MORT,BR-106,20240816,2024-08-16,2044-08-16,553700.0,0.0675,240,4210.14,Investment Property Buy,884168.4,BBB - Moderate Risk,Current / Performing,0,0.0
LN-13018,CUST-0696,PRD-AUTO,BR-101,20230913,2023-09-13,2029-09-12,21500.0,0.103,72,401.57,Certified Pre-Owned Luxury Car,29702.32,CCC - Elevated Risk,In Default (90+ DPD),1,0.0
LN-13019,CUST-0890,PRD-EQUIP,BR-106,20240608,2024-06-08,2026-06-08,131300.0,0.084,24,5962.33,Warehouse Forklift Fleet,209553.71,AAA - Low Risk,Fully Paid,0,0.0
LN-13020,CUST-0924,PRD-PERS,BR-111,20251104,2025-11-04,2029-11-04,15900.0,0.12,48,418.71,Emergency Medical Exp,0.0,AAA - Low Risk,Current / Performing,0,0.0
LN-13021,CUST-0324,PRD-PERS,BR-109,20230708,2023-07-08,2027-07-08,29600.0,0.12,48,779.48,Home Renovation,0.0,AAA - Low Risk,Current / Performing,0,0.0
LN-13022,CUST-0605,PRD-SME,BR-108,20250919,2025-09-19,2027-09-19,50500.0,0.12,24,2377.21,Technology & IT Modernization,72908.93,CCC - Elevated Risk,Delinquent (61-90 DPD),1,0.0
LN-13023,CUST-0017,PRD-PERS,BR-104,20231005,2023-10-05,2027-10-05,5600.0,0.17,48,161.59,Home Renovation,0.0,DDD - High Default Probability,Current / Performing,0,0.0
LN-13024,CUST-0117,PRD-PERS,BR-101,20240930,2024-09-30,2028-09-30,6700.0,0.12,48,176.44,Home Renovation,0.0,AAA - Low Risk,Current / Performing,0,0.0
LN-13025,CUST-0625,PRD-PERS,BR-108,20231115,2023-11-15,2027-11-15,27900.0,0.13,48,748.49,Debt Consolidation,0.0,BBB - Moderate Risk,Current / Performing,0,0.0
LN-13026,CUST-0401,PRD-MORT,BR-111,20250711,2025-07-11,2045-07-11,579100.0,0.0875,240,5117.57,Primary Residence Purchase,768404.53,CCC - Elevated Risk,Current / Performing,0,0.0
LN-13027,CUST-0007,PRD-PERS,BR-103,20240114,2024-01-14,2028-01-14,28400.0,0.15,48,790.39,Emergency Medical Exp,0.0,CCC - Elevated Risk,Current / Performing,0,0.0
LN-13028,CUST-0896,PRD-PERS,BR-112,20260423,2026-04-23,2030-04-23,3700.0,0.12,48,97.44,Emergency Medical Exp,0.0,AAA - Low Risk,Current / Performing,0,0.0
LN-13029,CUST-0386,PRD-PERS,BR-106,20230418,2023-04-18,2027-04-18,18900.0,0.13,48,507.04,Debt Consolidation,0.0,CCC - Elevated Risk,Current / Performing,0,0.0
LN-13030,CUST-0096,PRD-MORT,BR-102,20251125,2025-11-25,2045-11-25,541400.0,0.0675,240,4116.61,Investment Property Buy,825243.52,CCC - Elevated Risk,Current / Performing,0,0.0
LN-13031,CUST-0254,PRD-EDU,BR-106,20230808,2023-08-08,2033-08-07,77800.0,0.114,120,1089.39,Medical Residency Program,0.0,DDD - High Default Probability,Current / Performing,0,0.0
LN-13032,CUST-0127,PRD-EDU,BR-104,20240428,2024-04-28,2034-04-28,25900.0,0.114,120,362.66,Medical Residency Program,0.0,DDD - High Default Probability,Current / Performing,0,0.0
LN-13033,CUST-0320,PRD-EQUIP,BR-109,20241128,2024-11-28,2027-11-28,36600.0,0.134,36,1240.26,Industrial CNC Machine,54975.4,DDD - High Default Probability,Charged Off / Written Off,1,16687.22
LN-13034,CUST-0674,PRD-AUTO,BR-105,20230225,2023-02-25,2029-02-24,27300.0,0.083,72,482.67,Certified Pre-Owned Luxury Car,36558.39,BBB - Moderate Risk,Charged Off / Written Off,1,18060.69
LN-13035,CUST-0359,PRD-SME,BR-101,20240706,2024-07-06,2029-07-06,384700.0,0.09,60,7985.74,Inventory Stocking Q4,496603.01,BBB - Moderate Risk,Current / Performing,0,0.0
LN-13036,CUST-0071,PRD-EQUIP,BR-103,20251016,2025-10-16,2030-10-16,131600.0,0.084,60,2693.64,Medical Imaging Scanner,171358.37,AAA - Low Risk,Current / Performing,0,0.0
LN-13037,CUST-0024,PRD-AUTO,BR-104,20250802,2025-08-02,2031-08-02,24300.0,0.103,72,453.86,Fleet Commercial Van,36796.82,CCC - Elevated Risk,Current / Performing,0,0.0
LN-13038,CUST-0386,PRD-AUTO,BR-106,20251024,2025-10-24,2030-10-24,41200.0,0.083,60,841.32,New EV Purchase,55881.31,CCC - Elevated Risk,Current / Performing,0,0.0
LN-13039,CUST-0641,PRD-EDU,BR-107,20230112,2023-01-12,2033-01-11,33200.0,0.094,120,427.78,MBA Program Tuition,0.0,CCC - Elevated Risk,Current / Performing,0,0.0
LN-13040,CUST-0787,PRD-MORT,BR-109,20250401,2025-04-01,2045-04-01,775300.0,0.0575,240,5443.25,Refinance Existing Mortgage,954698.22,AAA - Low Risk,Current / Performing,0,0.0
LN-13041,CUST-0168,PRD-PERS,BR-101,20230107,2023-01-07,2025-01-06,18600.0,0.12,24,875.57,Home Renovation,0.0,BBB - Moderate Risk,Fully Paid,0,0.0
LN-13042,CUST-0296,PRD-MORT,BR-112,20240907,2024-09-07,2044-09-07,491600.0,0.0675,240,3737.95,Primary Residence Purchase,757365.85,CCC - Elevated Risk,Under Restructuring,1,0.0
LN-13043,CUST-0910,PRD-AUTO,BR-104,20230316,2023-03-16,2026-03-15,32500.0,0.103,36,1053.27,New EV Purchase,40782.71,CCC - Elevated Risk,Fully Paid,0,0.0
LN-13044,CUST-0564,PRD-MORT,BR-110,20250816,2025-08-16,2045-08-16,400000.0,0.0575,240,2808.33,Primary Residence Purchase,511693.72,BBB - Moderate Risk,Current / Performing,0,0.0
LN-13045,CUST-0837,PRD-SME,BR-102,20240919,2024-09-19,2031-09-19,429900.0,0.1,84,7136.85,New Branch Expansion,682131.82,BBB - Moderate Risk,Current / Performing,0,0.0
LN-13046,CUST-0751,PRD-MORT,BR-101,20260218,2026-02-18,2046-02-18,529000.0,0.1075,240,5370.56,Refinance Existing Mortgage,632184.17,DDD - High Default Probability,Current / Performing,0,0.0
LN-13047,CUST-0190,PRD-MORT,BR-106,20230926,2023-09-26,2043-09-26,333900.0,0.0575,240,2344.26,Refinance Existing Mortgage,408544.19,AAA - Low Risk,Current / Performing,0,0.0
LN-13048,CUST-0217,PRD-EDU,BR-106,20250531,2025-05-31,2029-05-31,58000.0,0.074,48,1399.67,Medical Residency Program,0.0,CCC - Elevated Risk,Current / Performing,0,0.0
LN-13049,CUST-0941,PRD-EDU,BR-102,20241111,2024-11-11,2028-11-11,71200.0,0.064,48,1685.22,Master of Science in Data Analytics,0.0,BBB - Moderate Risk,Delinquent (31-60 DPD),0,0.0
LN-13050,CUST-0570,PRD-MORT,BR-111,20250613,2025-06-13,2045-06-13,379800.0,0.0675,240,2887.86,Investment Property Buy,537275.04,BBB - Moderate Risk,Current / Performing,0,0.0
LN-13051,CUST-0799,PRD-SME,BR-102,20240820,2024-08-20,2026-08-20,186000.0,0.09,24,8497.36,Working Capital Expansion,264558.98,AAA - Low Risk,Fully Paid,0,0.0
LN-13052,CUST-0599,PRD-AUTO,BR-108,20260523,2026-05-23,2029-05-22,59700.0,0.073,36,1851.56,Fleet Commercial Van,86014.86,AAA - Low Risk,Current / Performing,0,0.0
LN-13053,CUST-0918,PRD-EDU,BR-104,20240423,2024-04-23,2028-04-23,39400.0,0.074,48,950.81,Master of Science in Data Analytics,0.0,BBB - Moderate Risk,Delinquent (31-60 DPD),0,0.0
LN-13054,CUST-0170,PRD-EQUIP,BR-102,20241228,2024-12-28,2029-12-28,26400.0,0.084,60,540.36,Medical Imaging Scanner,33557.67,BBB - Moderate Risk,Delinquent (31-60 DPD),0,0.0
LN-13055,CUST-0209,PRD-EQUIP,BR-103,20250224,2025-02-24,2030-02-24,139100.0,0.084,60,2847.15,Warehouse Forklift Fleet,178285.61,BBB - Moderate Risk,Current / Performing,0,0.0
LN-13056,CUST-0801,PRD-PERS,BR-109,20240217,2024-02-17,2028-02-17,11700.0,0.13,48,313.88,Emergency Medical Exp,0.0,BBB - Moderate Risk,Current / Performing,0,0.0
LN-13057,CUST-0859,PRD-PERS,BR-105,20240929,2024-09-29,2028-09-29,30200.0,0.13,48,810.19,Debt Consolidation,0.0,BBB - Moderate Risk,Current / Performing,0,0.0
LN-13058,CUST-0304,PRD-PERS,BR-102,20241102,2024-11-02,2025-11-02,18200.0,0.13,12,1625.57,Home Renovation,0.0,CCC - Elevated Risk,Fully Paid,0,0.0
LN-13059,CUST-0925,PRD-EDU,BR-102,20250917,2025-09-17,2035-09-17,51800.0,0.064,120,585.55,Master of Science in Data Analytics,0.0,BBB - Moderate Risk,Current / Performing,0,0.0
LN-13060,CUST-0513,PRD-SME,BR-108,20260228,2026-02-28,2033-02-27,283400.0,0.09,84,4559.64,New Branch Expansion,448350.87,AAA - Low Risk,Current / Performing,0,0.0
LN-13061,CUST-0413,PRD-MORT,BR-108,20250107,2025-01-07,2045-01-07,585800.0,0.0575,240,4112.81,Investment Property Buy,691791.27,CCC - Elevated Risk,Current / Performing,0,0.0
LN-13062,CUST-0721,PRD-MORT,BR-106,20231028,2023-10-28,2043-10-28,725300.0,0.1075,240,7363.46,Primary Residence Purchase,888954.15,DDD - High Default Probability,Current / Performing,0,0.0
LN-13063,CUST-0383,PRD-EQUIP,BR-109,20230429,2023-04-29,2025-04-28,147000.0,0.084,24,6675.26,Medical Imaging Scanner,223454.26,AAA - Low Risk,Fully Paid,0,0.0
LN-13064,CUST-0799,PRD-AUTO,BR-102,20231209,2023-12-09,2026-12-08,60700.0,0.073,36,1882.58,Fleet Commercial Van,85497.79,AAA - Low Risk,Fully Paid,0,0.0
LN-13065,CUST-0496,PRD-AUTO,BR-111,20250616,2025-06-16,2031-06-16,32500.0,0.073,72,558.79,New EV Purchase,37713.52,CCC - Elevated Risk,Current / Performing,0,0.0
LN-13066,CUST-0249,PRD-EQUIP,BR-110,20250625,2025-06-25,2027-06-25,42400.0,0.094,24,1944.82,Industrial CNC Machine,64527.15,BBB - Moderate Risk,Current / Performing,0,0.0
LN-13067,CUST-0648,PRD-SME,BR-109,20250528,2025-05-28,2032-05-27,440000.0,0.1,84,7304.52,Technology & IT Modernization,684781.33,BBB - Moderate Risk,Current / Performing,0,0.0
LN-13068,CUST-0359,PRD-PERS,BR-101,20230117,2023-01-17,2027-01-17,31400.0,0.12,48,826.88,Home Renovation,0.0,BBB - Moderate Risk,Fully Paid,0,0.0
LN-13069,CUST-0004,PRD-EQUIP,BR-104,20250505,2025-05-05,2030-05-05,156700.0,0.094,60,3283.34,Industrial CNC Machine,222955.58,BBB - Moderate Risk,Current / Performing,0,0.0
LN-13070,CUST-0775,PRD-MORT,BR-110,20240421,2024-04-21,2044-04-21,345600.0,0.0675,240,2627.82,Primary Residence Purchase,430269.92,CCC - Elevated Risk,Current / Performing,0,0.0
LN-13071,CUST-0904,PRD-MORT,BR-106,20231219,2023-12-19,2043-12-19,751600.0,0.0575,240,5276.86,Primary Residence Purchase,1190800.12,AAA - Low Risk,Current / Performing,0,0.0
LN-13072,CUST-0737,PRD-MORT,BR-108,20260508,2026-05-08,2046-05-08,653600.0,0.0675,240,4969.74,Refinance Existing Mortgage,922929.12,BBB - Moderate Risk,Current / Performing,0,0.0
LN-13073,CUST-0380,PRD-AUTO,BR-107,20241130,2024-11-30,2030-11-30,33100.0,0.073,72,569.1,Fleet Commercial Van,39003.88,CCC - Elevated Risk,Delinquent (31-60 DPD),0,0.0
LN-13074,CUST-0990,PRD-AUTO,BR-104,20251226,2025-12-26,2028-12-25,17600.0,0.103,36,570.38,Certified Pre-Owned Luxury Car,22323.2,CCC - Elevated Risk,Current / Performing,0,0.0
LN-13075,CUST-0973,PRD-EDU,BR-105,20260421,2026-04-21,2036-04-20,24100.0,0.064,120,272.43,Medical Residency Program,0.0,AAA - Low Risk,Current / Performing,0,0.0
LN-13076,CUST-0758,PRD-PERS,BR-102,20240711,2024-07-11,2028-07-11,7500.0,0.12,48,197.5,Home Renovation,0.0,CCC - Elevated Risk,Current / Performing,0,0.0
LN-13077,CUST-0470,PRD-AUTO,BR-106,20230819,2023-08-19,2027-08-19,36700.0,0.083,48,901.13,Fleet Commercial Van,42571.71,BBB - Moderate Risk,Current / Performing,0,0.0
LN-13078,CUST-0921,PRD-MORT,BR-101,20250910,2025-09-10,2045-09-10,202600.0,0.0575,240,1422.42,Investment Property Buy,289234.69,BBB - Moderate Risk,Delinquent (31-60 DPD),0,0.0
LN-13079,CUST-0414,PRD-EQUIP,BR-109,20240831,2024-08-31,2029-08-31,140200.0,0.094,60,2937.61,Warehouse Forklift Fleet,173126.66,BBB - Moderate Risk,Current / Performing,0,0.0
LN-13080,CUST-0014,PRD-EQUIP,BR-101,20241211,2024-12-11,2026-12-11,121200.0,0.094,24,5559.26,Industrial CNC Machine,188753.7,BBB - Moderate Risk,Fully Paid,0,0.0
LN-13081,CUST-0911,PRD-EQUIP,BR-107,20251016,2025-10-16,2030-10-16,114000.0,0.134,60,2617.25,Medical Imaging Scanner,143564.59,DDD - High Default Probability,Current / Performing,0,0.0
LN-13082,CUST-0491,PRD-SME,BR-108,20230211,2023-02-11,2027-02-11,284500.0,0.09,48,7079.79,Inventory Stocking Q4,429044.87,BBB - Moderate Risk,Delinquent (61-90 DPD),1,0.0
LN-13083,CUST-0720,PRD-AUTO,BR-102,20230819,2023-08-19,2029-08-18,49100.0,0.103,72,917.06,Certified Pre-Owned Luxury Car,67700.14,CCC - Elevated Risk,Current / Performing,0,0.0
LN-13084,CUST-0910,PRD-EDU,BR-104,20240428,2024-04-28,2034-04-28,42200.0,0.094,120,543.75,Master of Science in Data Analytics,0.0,CCC - Elevated Risk,Current / Performing,0,0.0
LN-13085,CUST-0757,PRD-AUTO,BR-104,20240208,2024-02-08,2030-02-07,58600.0,0.073,72,1007.53,Certified Pre-Owned Luxury Car,82575.58,CCC - Elevated Risk,Current / Performing,0,0.0
LN-13086,CUST-0258,PRD-PERS,BR-109,20260204,2026-02-04,2030-02-04,34700.0,0.15,48,965.73,Wedding & Family,0.0,DDD - High Default Probability,Current / Performing,0,0.0
LN-13087,CUST-0209,PRD-SME,BR-103,20230425,2023-04-25,2030-04-24,445100.0,0.09,84,7161.25,Inventory Stocking Q4,671940.24,BBB - Moderate Risk,Current / Performing,0,0.0
LN-13088,CUST-0990,PRD-EDU,BR-104,20250506,2025-05-06,2029-05-06,78100.0,0.094,48,1958.39,MBA Program Tuition,0.0,CCC - Elevated Risk,Charged Off / Written Off,1,35631.45
LN-13089,CUST-0688,PRD-MORT,BR-106,20260327,2026-03-27,2046-03-27,423800.0,0.0575,240,2975.43,Investment Property Buy,545103.82,AAA - Low Risk,Current / Performing,0,0.0
LN-13090,CUST-0593,PRD-SME,BR-109,20231021,2023-10-21,2030-10-20,126200.0,0.1,84,2095.07,Technology & IT Modernization,165417.78,BBB - Moderate Risk,Current / Performing,0,0.0
LN-13091,CUST-0088,PRD-SME,BR-105,20230214,2023-02-14,2025-02-13,449000.0,0.09,24,20512.45,New Branch Expansion,621091.45,AAA - Low Risk,Fully Paid,0,0.0
LN-13092,CUST-0798,PRD-SME,BR-104,20240831,2024-08-31,2028-08-31,91500.0,0.1,48,2320.68,Inventory Stocking Q4,140285.95,BBB - Moderate Risk,Current / Performing,0,0.0
LN-13093,CUST-0550,PRD-SME,BR-110,20260412,2026-04-12,2030-04-12,403300.0,0.1,48,10228.73,New Branch Expansion,525494.91,BBB - Moderate Risk,Delinquent (61-90 DPD),1,0.0
LN-13094,CUST-0586,PRD-PERS,BR-105,20250901,2025-09-01,2029-09-01,34200.0,0.13,48,917.5,Emergency Medical Exp,0.0,BBB - Moderate Risk,Current / Performing,0,0.0
LN-13095,CUST-0051,PRD-SME,BR-106,20260320,2026-03-20,2033-03-19,232500.0,0.09,84,3740.71,Inventory Stocking Q4,342706.39,AAA - Low Risk,Charged Off / Written Off,1,141188.15
LN-13096,CUST-0765,PRD-MORT,BR-108,20240722,2024-07-22,2044-07-22,530400.0,0.1075,240,5384.77,Refinance Existing Mortgage,769426.36,DDD - High Default Probability,Current / Performing,0,0.0
LN-13097,CUST-0634,PRD-EDU,BR-111,20260425,2026-04-25,2030-04-25,53400.0,0.064,48,1263.92,MBA Program Tuition,0.0,AAA - Low Risk,Current / Performing,0,0.0
LN-13098,CUST-0674,PRD-EQUIP,BR-105,20250604,2025-06-04,2027-06-04,27700.0,0.094,24,1270.56,Industrial CNC Machine,35029.91,BBB - Moderate Risk,Current / Performing,0,0.0
LN-13099,CUST-0736,PRD-EQUIP,BR-103,20240627,2024-06-27,2029-06-27,59400.0,0.094,60,1244.61,Industrial CNC Machine,85814.65,BBB - Moderate Risk,Current / Performing,0,0.0
LN-13100,CUST-0961,PRD-EDU,BR-109,20230423,2023-04-23,2027-04-23,62800.0,0.064,48,1486.4,Master of Science in Data Analytics,0.0,AAA - Low Risk,Current / Performing,0,0.0
LN-13101,CUST-0351,PRD-EQUIP,BR-110,20251116,2025-11-16,2030-11-16,36400.0,0.114,60,798.7,Medical Imaging Scanner,51193.32,CCC - Elevated Risk,Current / Performing,0,0.0
LN-13102,CUST-0797,PRD-SME,BR-101,20241213,2024-12-13,2031-12-13,109700.0,0.12,84,1936.5,Working Capital Expansion,141637.31,DDD - High Default Probability,Current / Performing,0,0.0
LN-13103,CUST-0195,PRD-EDU,BR-108,20230131,2023-01-31,2028-01-31,77000.0,0.074,60,1539.27,Master of Science in Data Analytics,0.0,BBB - Moderate Risk,Current / Performing,0,0.0
LN-13104,CUST-0284,PRD-EDU,BR-103,20260209,2026-02-09,2033-02-08,72100.0,0.074,84,1102.33,Medical Residency Program,0.0,BBB - Moderate Risk,Current / Performing,0,0.0
LN-13105,CUST-0612,PRD-SME,BR-106,20250313,2025-03-13,2027-03-13,241400.0,0.1,24,11139.39,Technology & IT Modernization,299380.61,BBB - Moderate Risk,Current / Performing,0,0.0
LN-13106,CUST-0016,PRD-EDU,BR-107,20230710,2023-07-10,2027-07-10,75200.0,0.074,48,1814.75,Master of Science in Data Analytics,0.0,BBB - Moderate Risk,Current / Performing,0,0.0
LN-13107,CUST-0616,PRD-MORT,BR-111,20250517,2025-05-17,2045-05-17,494200.0,0.0875,240,4367.3,Refinance Existing Mortgage,754211.23,CCC - Elevated Risk,Delinquent (31-60 DPD),0,0.0
LN-13108,CUST-0045,PRD-AUTO,BR-111,20240527,2024-05-27,2029-05-27,60300.0,0.103,60,1290.12,Fleet Commercial Van,90125.77,CCC - Elevated Risk,Current / Performing,0,0.0
LN-13109,CUST-0282,PRD-PERS,BR-102,20240224,2024-02-24,2028-02-24,8100.0,0.12,48,213.3,Home Renovation,0.0,AAA - Low Risk,Current / Performing,0,0.0
LN-13110,CUST-0103,PRD-MORT,BR-107,20260508,2026-05-08,2046-05-08,324800.0,0.0675,240,2469.66,Primary Residence Purchase,414857.92,BBB - Moderate Risk,Current / Performing,0,0.0
LN-13111,CUST-0895,PRD-PERS,BR-105,20250310,2025-03-10,2026-03-10,12600.0,0.13,12,1125.4,Home Renovation,0.0,BBB - Moderate Risk,Fully Paid,0,0.0
LN-13112,CUST-0609,PRD-SME,BR-106,20250121,2025-01-21,2030-01-21,65900.0,0.1,60,1400.18,Technology & IT Modernization,103265.38,CCC - Elevated Risk,In Default (90+ DPD),1,0.0
LN-13113,CUST-0024,PRD-PERS,BR-104,20240921,2024-09-21,2028-09-21,13600.0,0.15,48,378.5,Debt Consolidation,0.0,CCC - Elevated Risk,Current / Performing,0,0.0
LN-13114,CUST-0457,PRD-EDU,BR-106,20250130,2025-01-30,2035-01-30,76400.0,0.064,120,863.62,MBA Program Tuition,0.0,AAA - Low Risk,Delinquent (61-90 DPD),1,0.0
LN-13115,CUST-0233,PRD-EDU,BR-112,20240427,2024-04-27,2029-04-27,44400.0,0.064,60,866.66,Medical Residency Program,0.0,CCC - Elevated Risk,Current / Performing,0,0.0
LN-13116,CUST-0639,PRD-MORT,BR-108,20251018,2025-10-18,2055-10-18,704000.0,0.0575,360,4108.35,Primary Residence Purchase,1111215.05,CCC - Elevated Risk,Charged Off / Written Off,1,288465.22
LN-13117,CUST-0196,PRD-SME,BR-101,20240906,2024-09-06,2031-09-06,366300.0,0.09,84,5893.43,New Branch Expansion,446243.72,BBB - Moderate Risk,Current / Performing,0,0.0
LN-13118,CUST-0077,PRD-SME,BR-109,20251104,2025-11-04,2030-11-04,276100.0,0.12,60,6141.69,Working Capital Expansion,372364.21,CCC - Elevated Risk,Current / Performing,0,0.0
LN-13119,CUST-0928,PRD-EQUIP,BR-104,20230820,2023-08-20,2025-08-19,143700.0,0.114,24,6724.26,Industrial CNC Machine,195330.6,CCC - Elevated Risk,Fully Paid,0,0.0
LN-13120,CUST-0085,PRD-MORT,BR-111,20240414,2024-04-14,2044-04-14,393900.0,0.0875,240,3480.94,Primary Residence Purchase,463234.15,CCC - Elevated Risk,Current / Performing,0,0.0
LN-13121,CUST-0795,PRD-EDU,BR-107,20230704,2023-07-04,2027-07-04,37100.0,0.074,48,895.31,Medical Residency Program,0.0,BBB - Moderate Risk,Delinquent (61-90 DPD),1,0.0
LN-13122,CUST-0077,PRD-SME,BR-109,20240117,2024-01-17,2031-01-16,91500.0,0.12,84,1615.23,Working Capital Expansion,109028.6,CCC - Elevated Risk,Current / Performing,0,0.0
LN-13123,CUST-0538,PRD-EQUIP,BR-106,20231211,2023-12-11,2025-12-10,65200.0,0.084,24,2960.73,Warehouse Forklift Fleet,100809.54,BBB - Moderate Risk,Fully Paid,0,0.0
LN-13124,CUST-0283,PRD-PERS,BR-108,20240316,2024-03-16,2027-03-16,8600.0,0.13,36,289.77,Wedding & Family,0.0,BBB - Moderate Risk,Current / Performing,0,0.0
LN-13125,CUST-0416,PRD-EQUIP,BR-110,20250802,2025-08-02,2028-08-01,62800.0,0.114,36,2067.91,Industrial CNC Machine,83576.69,CCC - Elevated Risk,Current / Performing,0,0.0
LN-13126,CUST-0688,PRD-MORT,BR-106,20240909,2024-09-09,2044-09-09,262100.0,0.0575,240,1840.16,Refinance Existing Mortgage,344733.14,AAA - Low Risk,Current / Performing,0,0.0
LN-13127,CUST-0180,PRD-EQUIP,BR-111,20260417,2026-04-17,2029-04-16,83400.0,0.094,36,2667.65,Industrial CNC Machine,121571.07,BBB - Moderate Risk,Current / Performing,0,0.0
LN-13128,CUST-0577,PRD-EQUIP,BR-107,20230302,2023-03-02,2028-03-01,96400.0,0.094,60,2019.87,Warehouse Forklift Fleet,117651.4,CCC - Elevated Risk,Current / Performing,0,0.0
LN-13129,CUST-0273,PRD-EDU,BR-110,20240427,2024-04-27,2029-04-27,17400.0,0.074,60,347.83,MBA Program Tuition,0.0,CCC - Elevated Risk,Delinquent (31-60 DPD),0,0.0
LN-13130,CUST-0051,PRD-SME,BR-106,20250413,2025-04-13,2032-04-12,290500.0,0.09,84,4673.88,Inventory Stocking Q4,378776.49,AAA - Low Risk,Current / Performing,0,0.0
LN-13131,CUST-0496,PRD-EQUIP,BR-111,20240920,2024-09-20,2029-09-20,101300.0,0.084,60,2073.45,Industrial CNC Machine,158719.62,CCC - Elevated Risk,Current / Performing,0,0.0
LN-13132,CUST-0583,PRD-PERS,BR-107,20230618,2023-06-18,2027-06-18,13400.0,0.12,48,352.87,Wedding & Family,0.0,CCC - Elevated Risk,In Default (90+ DPD),1,0.0
LN-13133,CUST-0997,PRD-EQUIP,BR-105,20250606,2025-06-06,2030-06-06,106500.0,0.094,60,2231.5,Medical Imaging Scanner,138397.52,BBB - Moderate Risk,Charged Off / Written Off,1,57643.49
LN-13134,CUST-0414,PRD-AUTO,BR-109,20231006,2023-10-06,2028-10-05,52900.0,0.083,60,1080.23,New EV Purchase,84168.85,BBB - Moderate Risk,Delinquent (31-60 DPD),0,0.0
LN-13135,CUST-0377,PRD-AUTO,BR-111,20230220,2023-02-20,2029-02-19,36400.0,0.083,72,643.56,Certified Pre-Owned Luxury Car,41972.98,CCC - Elevated Risk,Current / Performing,0,0.0
LN-13136,CUST-0048,PRD-AUTO,BR-101,20251213,2025-12-13,2031-12-13,46900.0,0.073,72,806.37,New EV Purchase,70969.68,AAA - Low Risk,Delinquent (61-90 DPD),1,0.0
LN-13137,CUST-0604,PRD-EDU,BR-101,20240421,2024-04-21,2034-04-21,33300.0,0.064,120,376.42,Medical Residency Program,0.0,AAA - Low Risk,Current / Performing,0,0.0
LN-13138,CUST-0656,PRD-SME,BR-105,20241229,2024-12-29,2027-12-29,372300.0,0.12,36,12365.69,New Branch Expansion,511639.32,CCC - Elevated Risk,Delinquent (61-90 DPD),1,0.0
LN-13139,CUST-0876,PRD-SME,BR-108,20240512,2024-05-12,2027-05-12,312400.0,0.12,36,10376.15,Technology & IT Modernization,411642.8,CCC - Elevated Risk,Current / Performing,0,0.0
LN-13140,CUST-0151,PRD-SME,BR-112,20230114,2023-01-14,2030-01-13,185600.0,0.1,84,3081.18,New Branch Expansion,255970.17,BBB - Moderate Risk,Current / Performing,0,0.0
LN-13141,CUST-0270,PRD-AUTO,BR-112,20251214,2025-12-14,2031-12-14,39500.0,0.083,72,698.36,Fleet Commercial Van,56018.27,BBB - Moderate Risk,Current / Performing,0,0.0
LN-13142,CUST-0474,PRD-AUTO,BR-105,20251230,2025-12-30,2028-12-29,33000.0,0.073,36,1023.48,Certified Pre-Owned Luxury Car,49704.22,CCC - Elevated Risk,Current / Performing,0,0.0
LN-13143,CUST-0895,PRD-AUTO,BR-105,20230805,2023-08-05,2029-08-04,64900.0,0.083,72,1147.44,New EV Purchase,75999.56,BBB - Moderate Risk,Current / Performing,0,0.0
LN-13144,CUST-0526,PRD-EQUIP,BR-108,20250522,2025-05-22,2030-05-22,140500.0,0.084,60,2875.81,Medical Imaging Scanner,187581.3,AAA - Low Risk,Delinquent (31-60 DPD),0,0.0
LN-13145,CUST-0253,PRD-EQUIP,BR-108,20260228,2026-02-28,2030-02-28,67400.0,0.084,48,1658.12,Warehouse Forklift Fleet,85393.45,AAA - Low Risk,Current / Performing,0,0.0
LN-13146,CUST-0672,PRD-EQUIP,BR-112,20260504,2026-05-04,2031-05-04,72600.0,0.094,60,1521.19,Warehouse Forklift Fleet,91089.11,CCC - Elevated Risk,Current / Performing,0,0.0
LN-13147,CUST-0756,PRD-AUTO,BR-104,20260116,2026-01-16,2031-01-16,18600.0,0.103,60,397.95,Certified Pre-Owned Luxury Car,21527.75,DDD - High Default Probability,Current / Performing,0,0.0
LN-13148,CUST-0952,PRD-EQUIP,BR-110,20230615,2023-06-15,2028-06-14,121000.0,0.094,60,2535.32,Warehouse Forklift Fleet,154033.37,BBB - Moderate Risk,Current / Performing,0,0.0
LN-13149,CUST-0156,PRD-SME,BR-109,20230109,2023-01-09,2030-01-08,124000.0,0.1,84,2058.55,Working Capital Expansion,149386.14,BBB - Moderate Risk,Current / Performing,0,0.0
LN-13150,CUST-0721,PRD-PERS,BR-106,20241216,2024-12-16,2028-12-16,12900.0,0.17,48,372.23,Debt Consolidation,0.0,DDD - High Default Probability,Current / Performing,0,0.0
LN-13151,CUST-0134,PRD-MORT,BR-104,20250825,2025-08-25,2045-08-25,786000.0,0.1075,240,7979.7,Investment Property Buy,1212400.16,DDD - High Default Probability,Current / Performing,0,0.0
LN-13152,CUST-0088,PRD-EQUIP,BR-105,20250513,2025-05-13,2030-05-13,48600.0,0.084,60,994.76,Warehouse Forklift Fleet,71200.55,AAA - Low Risk,Current / Performing,0,0.0
LN-13153,CUST-0330,PRD-SME,BR-103,20260206,2026-02-06,2029-02-05,318800.0,0.1,36,10286.78,New Branch Expansion,443347.33,BBB - Moderate Risk,Current / Performing,0,0.0
LN-13154,CUST-0657,PRD-AUTO,BR-108,20250726,2025-07-26,2031-07-26,44300.0,0.083,72,783.23,New EV Purchase,53002.47,CCC - Elevated Risk,Current / Performing,0,0.0
LN-13155,CUST-0732,PRD-EQUIP,BR-111,20250127,2025-01-27,2030-01-27,171600.0,0.114,60,3765.32,Warehouse Forklift Fleet,250879.27,CCC - Elevated Risk,Current / Performing,0,0.0
LN-13156,CUST-0013,PRD-EQUIP,BR-104,20260414,2026-04-14,2031-04-14,111800.0,0.084,60,2288.36,Industrial CNC Machine,161501.66,AAA - Low Risk,Current / Performing,0,0.0
LN-13157,CUST-0141,PRD-EQUIP,BR-109,20241125,2024-11-25,2026-11-25,180000.0,0.114,24,8422.88,Medical Imaging Scanner,225532.79,DDD - High Default Probability,Fully Paid,0,0.0
LN-13158,CUST-0608,PRD-EDU,BR-104,20250921,2025-09-21,2029-09-21,41300.0,0.114,48,1075.46,MBA Program Tuition,0.0,DDD - High Default Probability,Current / Performing,0,0.0
LN-13159,CUST-0218,PRD-EDU,BR-112,20231023,2023-10-23,2033-10-22,44800.0,0.074,120,529.45,Master of Science in Data Analytics,0.0,BBB - Moderate Risk,Current / Performing,0,0.0
LN-13160,CUST-0833,PRD-AUTO,BR-111,20260405,2026-04-05,2030-04-05,25200.0,0.083,48,618.76,Fleet Commercial Van,34656.81,CCC - Elevated Risk,Current / Performing,0,0.0
LN-13161,CUST-0841,PRD-EQUIP,BR-111,20240612,2024-06-12,2029-06-12,100500.0,0.084,60,2057.07,Medical Imaging Scanner,148104.43,BBB - Moderate Risk,Current / Performing,0,0.0
LN-13162,CUST-0087,PRD-MORT,BR-105,20230321,2023-03-21,2043-03-21,693200.0,0.0675,240,5270.84,Primary Residence Purchase,1077824.66,CCC - Elevated Risk,Current / Performing,0,0.0
LN-13163,CUST-0918,PRD-AUTO,BR-104,20250518,2025-05-18,2028-05-17,50900.0,0.083,36,1602.07,New EV Purchase,79062.15,BBB - Moderate Risk,Current / Performing,0,0.0
LN-13164,CUST-0086,PRD-EDU,BR-106,20260312,2026-03-12,2030-03-12,24700.0,0.064,48,584.62,Medical Residency Program,0.0,BBB - Moderate Risk,Delinquent (61-90 DPD),1,0.0
LN-13165,CUST-0295,PRD-EDU,BR-111,20240511,2024-05-11,2028-05-11,41600.0,0.064,48,984.62,Master of Science in Data Analytics,0.0,AAA - Low Risk,Current / Performing,0,0.0
LN-13166,CUST-0800,PRD-AUTO,BR-103,20251026,2025-10-26,2031-10-26,52200.0,0.103,72,974.96,Certified Pre-Owned Luxury Car,82478.53,DDD - High Default Probability,Charged Off / Written Off,1,24094.64
LN-13167,CUST-0216,PRD-EQUIP,BR-111,20240806,2024-08-06,2029-08-06,33800.0,0.094,60,708.21,Warehouse Forklift Fleet,51201.35,BBB - Moderate Risk,Current / Performing,0,0.0
LN-13168,CUST-0089,PRD-EDU,BR-110,20260119,2026-01-19,2030-01-19,72000.0,0.074,48,1737.52,Master of Science in Data Analytics,0.0,BBB - Moderate Risk,Current / Performing,0,0.0
LN-13169,CUST-0455,PRD-EQUIP,BR-101,20240727,2024-07-27,2029-07-27,75900.0,0.084,60,1553.55,Industrial CNC Machine,92287.29,AAA - Low Risk,Current / Performing,0,0.0
LN-13170,CUST-0039,PRD-SME,BR-111,20250928,2025-09-28,2027-09-28,142500.0,0.12,24,6707.97,Technology & IT Modernization,207143.78,CCC - Elevated Risk,Current / Performing,0,0.0
LN-13171,CUST-0078,PRD-MORT,BR-102,20231204,2023-12-04,2043-12-04,793300.0,0.1075,240,8053.81,Refinance Existing Mortgage,1190041.34,DDD - High Default Probability,Under Restructuring,1,0.0
LN-13172,CUST-0345,PRD-PERS,BR-101,20251023,2025-10-23,2028-10-22,23300.0,0.13,36,785.07,Debt Consolidation,0.0,CCC - Elevated Risk,Current / Performing,0,0.0
LN-13173,CUST-0877,PRD-PERS,BR-106,20240317,2024-03-17,2028-03-17,30000.0,0.13,48,804.82,Emergency Medical Exp,0.0,BBB - Moderate Risk,Current / Performing,0,0.0
LN-13174,CUST-0331,PRD-SME,BR-105,20260501,2026-05-01,2033-04-30,326700.0,0.09,84,5256.3,New Branch Expansion,474099.27,AAA - Low Risk,Current / Performing,0,0.0
LN-13175,CUST-0531,PRD-SME,BR-110,20250519,2025-05-19,2032-05-18,147500.0,0.09,84,2373.14,Working Capital Expansion,206137.68,AAA - Low Risk,Current / Performing,0,0.0
LN-13176,CUST-0354,PRD-MORT,BR-112,20241207,2024-12-07,2044-12-07,219000.0,0.0575,240,1537.56,Investment Property Buy,338279.89,CCC - Elevated Risk,Current / Performing,0,0.0
LN-13177,CUST-0285,PRD-SME,BR-110,20230129,2023-01-29,2025-01-28,82000.0,0.14,24,3937.06,Working Capital Expansion,97587.5,DDD - High Default Probability,Fully Paid,0,0.0
LN-13178,CUST-0903,PRD-AUTO,BR-107,20260519,2026-05-19,2030-05-19,56700.0,0.073,48,1365.66,Fleet Commercial Van,67790.42,AAA - Low Risk,Current / Performing,0,0.0
LN-13179,CUST-0942,PRD-EDU,BR-109,20250626,2025-06-26,2029-06-26,41900.0,0.064,48,991.73,Master of Science in Data Analytics,0.0,BBB - Moderate Risk,Current / Performing,0,0.0
LN-13180,CUST-0918,PRD-MORT,BR-104,20250913,2025-09-13,2045-09-13,421500.0,0.0675,240,3204.93,Refinance Existing Mortgage,610790.31,BBB - Moderate Risk,Current / Performing,0,0.0
LN-13181,CUST-0369,PRD-PERS,BR-103,20250720,2025-07-20,2029-07-20,7500.0,0.13,48,201.21,Debt Consolidation,0.0,BBB - Moderate Risk,Current / Performing,0,0.0
LN-13182,CUST-0314,PRD-EDU,BR-102,20230913,2023-09-13,2027-09-13,73900.0,0.074,48,1783.37,Master of Science in Data Analytics,0.0,BBB - Moderate Risk,Current / Performing,0,0.0
LN-13183,CUST-0917,PRD-SME,BR-102,20241207,2024-12-07,2029-12-07,415700.0,0.12,60,9247.02,Technology & IT Modernization,535274.17,DDD - High Default Probability,Delinquent (31-60 DPD),0,0.0
LN-13184,CUST-0566,PRD-PERS,BR-112,20250705,2025-07-05,2027-07-05,34700.0,0.12,24,1633.45,Wedding & Family,0.0,AAA - Low Risk,Delinquent (31-60 DPD),0,0.0
LN-13185,CUST-0116,PRD-PERS,BR-104,20231122,2023-11-22,2027-11-22,11500.0,0.13,48,308.52,Emergency Medical Exp,0.0,CCC - Elevated Risk,Current / Performing,0,0.0
LN-13186,CUST-0624,PRD-EQUIP,BR-107,20240630,2024-06-30,2027-06-30,66200.0,0.094,36,2117.49,Medical Imaging Scanner,102172.88,CCC - Elevated Risk,Current / Performing,0,0.0
LN-13187,CUST-0849,PRD-AUTO,BR-106,20230418,2023-04-18,2026-04-17,48700.0,0.123,36,1624.52,New EV Purchase,66278.26,DDD - High Default Probability,Charged Off / Written Off,1,22837.12
LN-13188,CUST-0172,PRD-PERS,BR-105,20250929,2025-09-29,2027-09-29,28600.0,0.15,24,1386.72,Wedding & Family,0.0,DDD - High Default Probability,Current / Performing,0,0.0
LN-13189,CUST-0741,PRD-SME,BR-101,20260102,2026-01-02,2029-01-01,113900.0,0.09,36,3621.99,Inventory Stocking Q4,180615.41,BBB - Moderate Risk,Current / Performing,0,0.0
LN-13190,CUST-0964,PRD-EQUIP,BR-101,20250920,2025-09-20,2030-09-20,105800.0,0.084,60,2165.55,Medical Imaging Scanner,160661.63,BBB - Moderate Risk,Delinquent (31-60 DPD),0,0.0
LN-13191,CUST-0089,PRD-PERS,BR-110,20251004,2025-10-04,2029-10-04,29000.0,0.13,48,778.0,Home Renovation,0.0,BBB - Moderate Risk,Current / Performing,0,0.0
LN-13192,CUST-0518,PRD-AUTO,BR-109,20230501,2023-05-01,2028-04-30,41000.0,0.083,60,837.23,New EV Purchase,54648.5,BBB - Moderate Risk,Current / Performing,0,0.0
LN-13193,CUST-0357,PRD-AUTO,BR-107,20250605,2025-06-05,2029-06-05,57600.0,0.073,48,1387.33,New EV Purchase,70532.17,BBB - Moderate Risk,Delinquent (31-60 DPD),0,0.0
LN-13194,CUST-0590,PRD-MORT,BR-104,20260328,2026-03-28,2046-03-28,332200.0,0.0575,240,2332.32,Refinance Existing Mortgage,392083.48,AAA - Low Risk,Current / Performing,0,0.0
LN-13195,CUST-0863,PRD-EQUIP,BR-106,20240715,2024-07-15,2029-07-15,127000.0,0.084,60,2599.48,Medical Imaging Scanner,190320.34,AAA - Low Risk,Current / Performing,0,0.0
LN-13196,CUST-0486,PRD-EQUIP,BR-104,20230510,2023-05-10,2025-05-09,42000.0,0.084,24,1907.22,Medical Imaging Scanner,57443.36,AAA - Low Risk,Fully Paid,0,0.0
LN-13197,CUST-0475,PRD-PERS,BR-111,20260110,2026-01-10,2030-01-10,16100.0,0.12,48,423.97,Home Renovation,0.0,AAA - Low Risk,Current / Performing,0,0.0
LN-13198,CUST-0994,PRD-MORT,BR-110,20231004,2023-10-04,2043-10-04,245600.0,0.0575,240,1724.32,Refinance Existing Mortgage,361518.64,AAA - Low Risk,Delinquent (31-60 DPD),0,0.0
LN-13199,CUST-0809,PRD-EQUIP,BR-109,20240819,2024-08-19,2029-08-19,165900.0,0.094,60,3476.11,Medical Imaging Scanner,191365.56,CCC - Elevated Risk,Current / Performing,0,0.0
LN-13200,CUST-0846,PRD-PERS,BR-110,20251023,2025-10-23,2029-10-23,16100.0,0.12,48,423.97,Home Renovation,0.0,AAA - Low Risk,Current / Performing,0,0.0
LN-13201,CUST-0992,PRD-PERS,BR-111,20240323,2024-03-23,2028-03-23,22100.0,0.13,48,592.89,Wedding & Family,0.0,BBB - Moderate Risk,Current / Performing,0,0.0
LN-13202,CUST-0891,PRD-EDU,BR-110,20230408,2023-04-08,2027-04-08,48400.0,0.094,48,1213.65,Medical Residency Program,0.0,CCC - Elevated Risk,Charged Off / Written Off,1,33617.1
LN-13203,CUST-0995,PRD-SME,BR-109,20240714,2024-07-14,2027-07-14,63900.0,0.1,36,2061.87,New Branch Expansion,98726.04,BBB - Moderate Risk,Current / Performing,0,0.0
LN-13204,CUST-0781,PRD-MORT,BR-105,20240623,2024-06-23,2044-06-23,468400.0,0.0575,240,3288.56,Investment Property Buy,659722.44,AAA - Low Risk,Current / Performing,0,0.0
LN-13205,CUST-0952,PRD-AUTO,BR-110,20260216,2026-02-16,2029-02-15,58300.0,0.083,36,1834.99,Certified Pre-Owned Luxury Car,68232.92,BBB - Moderate Risk,Delinquent (31-60 DPD),0,0.0
LN-13206,CUST-0143,PRD-AUTO,BR-112,20251216,2025-12-16,2029-12-16,37900.0,0.073,48,912.85,Fleet Commercial Van,59489.92,CCC - Elevated Risk,Current / Performing,0,0.0
LN-13207,CUST-0331,PRD-AUTO,BR-105,20230903,2023-09-03,2026-09-02,28400.0,0.073,36,880.81,New EV Purchase,37633.86,AAA - Low Risk,Fully Paid,0,0.0
LN-13208,CUST-0026,PRD-EQUIP,BR-111,20231214,2023-12-14,2025-12-13,159000.0,0.114,24,7440.21,Industrial CNC Machine,216020.81,CCC - Elevated Risk,Fully Paid,0,0.0
LN-13209,CUST-0894,PRD-EDU,BR-105,20230929,2023-09-29,2033-09-28,48600.0,0.064,120,549.37,Medical Residency Program,0.0,AAA - Low Risk,Current / Performing,0,0.0
LN-13210,CUST-0037,PRD-EDU,BR-112,20241205,2024-12-05,2034-12-05,30500.0,0.074,120,360.45,Master of Science in Data Analytics,0.0,BBB - Moderate Risk,Current / Performing,0,0.0
LN-13211,CUST-0324,PRD-PERS,BR-109,20241121,2024-11-21,2028-11-21,10600.0,0.12,48,279.14,Emergency Medical Exp,0.0,AAA - Low Risk,Current / Performing,0,0.0
LN-13212,CUST-0223,PRD-EQUIP,BR-103,20240129,2024-01-29,2029-01-28,120300.0,0.094,60,2520.65,Warehouse Forklift Fleet,146184.67,BBB - Moderate Risk,Charged Off / Written Off,1,90213.47
LN-13213,CUST-0626,PRD-MORT,BR-111,20250713,2025-07-13,2045-07-13,670700.0,0.0575,240,4708.87,Primary Residence Purchase,807662.13,BBB - Moderate Risk,Current / Performing,0,0.0
LN-13214,CUST-0891,PRD-SME,BR-110,20250722,2025-07-22,2032-07-21,444600.0,0.12,84,7848.41,New Branch Expansion,628324.29,CCC - Elevated Risk,Charged Off / Written Off,1,325488.89
LN-13215,CUST-0239,PRD-EDU,BR-110,20240111,2024-01-11,2028-01-11,13800.0,0.074,48,333.03,Medical Residency Program,0.0,BBB - Moderate Risk,Current / Performing,0,0.0
LN-13216,CUST-0543,PRD-SME,BR-105,20251113,2025-11-13,2027-11-13,183700.0,0.1,24,8476.82,Technology & IT Modernization,219943.22,BBB - Moderate Risk,Current / Performing,0,0.0
LN-13217,CUST-0523,PRD-SME,BR-109,20230412,2023-04-12,2030-04-11,430400.0,0.09,84,6924.74,Working Capital Expansion,556419.07,CCC - Elevated Risk,Delinquent (61-90 DPD),1,0.0
LN-13218,CUST-0261,PRD-EDU,BR-104,20250409,2025-04-09,2029-04-09,22700.0,0.094,48,569.21,Master of Science in Data Analytics,0.0,DDD - High Default Probability,Delinquent (31-60 DPD),0,0.0
LN-13219,CUST-0101,PRD-MORT,BR-109,20230519,2023-05-19,2043-05-19,616600.0,0.0575,240,4329.05,Investment Property Buy,831570.2,BBB - Moderate Risk,Charged Off / Written Off,1,374042.62
LN-13220,CUST-0861,PRD-AUTO,BR-109,20240224,2024-02-24,2028-02-24,53700.0,0.073,48,1293.4,Certified Pre-Owned Luxury Car,68605.21,AAA - Low Risk,Delinquent (31-60 DPD),0,0.0
LN-13221,CUST-0247,PRD-EDU,BR-109,20260324,2026-03-24,2030-03-24,32800.0,0.094,48,822.47,MBA Program Tuition,0.0,DDD - High Default Probability,Current / Performing,0,0.0
LN-13222,CUST-0434,PRD-AUTO,BR-107,20260211,2026-02-11,2029-02-10,34400.0,0.083,36,1082.74,Fleet Commercial Van,42637.12,BBB - Moderate Risk,Current / Performing,0,0.0
LN-13223,CUST-0743,PRD-EQUIP,BR-103,20230227,2023-02-27,2028-02-27,137900.0,0.094,60,2889.42,Warehouse Forklift Fleet,206929.52,CCC - Elevated Risk,Current / Performing,0,0.0
LN-13224,CUST-0860,PRD-MORT,BR-110,20260217,2026-02-17,2046-02-17,393100.0,0.1075,240,3990.87,Refinance Existing Mortgage,526140.0,DDD - High Default Probability,Charged Off / Written Off,1,328715.01
LN-13225,CUST-0511,PRD-PERS,BR-106,20240322,2024-03-22,2028-03-22,9300.0,0.17,48,268.35,Emergency Medical Exp,0.0,DDD - High Default Probability,Current / Performing,0,0.0
LN-13226,CUST-0804,PRD-PERS,BR-110,20240328,2024-03-28,2028-03-28,28700.0,0.12,48,755.78,Debt Consolidation,0.0,BBB - Moderate Risk,Current / Performing,0,0.0
LN-13227,CUST-0953,PRD-EQUIP,BR-110,20250420,2025-04-20,2028-04-19,37200.0,0.094,36,1189.89,Medical Imaging Scanner,58536.86,BBB - Moderate Risk,Delinquent (31-60 DPD),0,0.0
LN-13228,CUST-0948,PRD-EQUIP,BR-112,20240623,2024-06-23,2029-06-23,164200.0,0.084,60,3360.91,Industrial CNC Machine,197754.04,CCC - Elevated Risk,In Default (90+ DPD),1,0.0
LN-13229,CUST-0992,PRD-EQUIP,BR-111,20241106,2024-11-06,2026-11-06,168700.0,0.094,24,7738.01,Warehouse Forklift Fleet,218786.48,BBB - Moderate Risk,Fully Paid,0,0.0
LN-13230,CUST-0986,PRD-MORT,BR-112,20240522,2024-05-22,2044-05-22,267900.0,0.0675,240,2037.02,Primary Residence Purchase,318738.47,BBB - Moderate Risk,Current / Performing,0,0.0
LN-13231,CUST-0537,PRD-EDU,BR-103,20230514,2023-05-14,2030-05-13,50900.0,0.074,84,778.21,Medical Residency Program,0.0,BBB - Moderate Risk,Current / Performing,0,0.0
LN-13232,CUST-0322,PRD-EQUIP,BR-103,20230501,2023-05-01,2025-04-30,40800.0,0.094,24,1871.43,Medical Imaging Scanner,48833.39,BBB - Moderate Risk,Fully Paid,0,0.0
LN-13233,CUST-0665,PRD-AUTO,BR-107,20230330,2023-03-30,2029-03-29,52700.0,0.073,72,906.09,New EV Purchase,68017.07,AAA - Low Risk,Current / Performing,0,0.0
LN-13234,CUST-0262,PRD-PERS,BR-111,20240715,2024-07-15,2026-07-15,24100.0,0.13,24,1145.76,Home Renovation,0.0,CCC - Elevated Risk,Under Restructuring,1,0.0
LN-13235,CUST-0015,PRD-MORT,BR-111,20240309,2024-03-09,2044-03-09,303700.0,0.0875,240,2683.83,Primary Residence Purchase,394961.5,DDD - High Default Probability,Under Restructuring,1,0.0
LN-13236,CUST-0268,PRD-EQUIP,BR-110,20240728,2024-07-28,2027-07-28,133900.0,0.114,36,4409.12,Industrial CNC Machine,177884.36,CCC - Elevated Risk,Current / Performing,0,0.0
LN-13237,CUST-0906,PRD-PERS,BR-108,20230104,2023-01-04,2027-01-04,11900.0,0.12,48,313.37,Wedding & Family,0.0,BBB - Moderate Risk,Fully Paid,0,0.0
LN-13238,CUST-0742,PRD-EQUIP,BR-103,20260530,2026-05-30,2028-05-29,63400.0,0.094,24,2908.06,Medical Imaging Scanner,86632.13,BBB - Moderate Risk,Current / Performing,0,0.0
LN-13239,CUST-0712,PRD-PERS,BR-107,20250830,2025-08-30,2027-08-30,12900.0,0.12,24,607.25,Wedding & Family,0.0,AAA - Low Risk,Current / Performing,0,0.0
LN-13240,CUST-0262,PRD-AUTO,BR-111,20241014,2024-10-14,2030-10-14,47100.0,0.083,72,832.73,Fleet Commercial Van,62533.03,CCC - Elevated Risk,Current / Performing,0,0.0
LN-13241,CUST-0012,PRD-EDU,BR-102,20240731,2024-07-31,2034-07-31,24400.0,0.064,120,275.82,Master of Science in Data Analytics,0.0,AAA - Low Risk,Current / Performing,0,0.0
LN-13242,CUST-0662,PRD-SME,BR-109,20251025,2025-10-25,2027-10-25,447600.0,0.1,24,20654.47,New Branch Expansion,617990.19,BBB - Moderate Risk,Current / Performing,0,0.0
LN-13243,CUST-0310,PRD-AUTO,BR-109,20230223,2023-02-23,2029-02-22,23700.0,0.073,72,407.48,New EV Purchase,35996.68,AAA - Low Risk,Current / Performing,0,0.0
LN-13244,CUST-0020,PRD-MORT,BR-101,20240207,2024-02-07,2044-02-07,720100.0,0.0575,240,5055.7,Refinance Existing Mortgage,1093124.7,AAA - Low Risk,Current / Performing,0,0.0
LN-13245,CUST-0328,PRD-SME,BR-112,20250318,2025-03-18,2028-03-17,117800.0,0.09,36,3746.01,New Branch Expansion,143757.92,AAA - Low Risk,Current / Performing,0,0.0
LN-13246,CUST-0640,PRD-MORT,BR-106,20241221,2024-12-21,2044-12-21,229700.0,0.1075,240,2331.98,Refinance Existing Mortgage,346431.74,DDD - High Default Probability,Current / Performing,0,0.0
LN-13247,CUST-0456,PRD-PERS,BR-106,20230507,2023-05-07,2027-05-07,31100.0,0.13,48,834.34,Home Renovation,0.0,BBB - Moderate Risk,Current / Performing,0,0.0
LN-13248,CUST-0537,PRD-EQUIP,BR-103,20241023,2024-10-23,2026-10-23,159400.0,0.094,24,7311.44,Medical Imaging Scanner,210824.87,BBB - Moderate Risk,Fully Paid,0,0.0
LN-13249,CUST-0787,PRD-MORT,BR-109,20251129,2025-11-29,2045-11-29,280600.0,0.0575,240,1970.05,Investment Property Buy,437888.54,AAA - Low Risk,Current / Performing,0,0.0
LN-13250,CUST-0372,PRD-EQUIP,BR-112,20250321,2025-03-21,2030-03-21,127000.0,0.094,60,2661.03,Medical Imaging Scanner,147566.55,BBB - Moderate Risk,Current / Performing,0,0.0
LN-13251,CUST-0074,PRD-EDU,BR-105,20230705,2023-07-05,2027-07-05,53600.0,0.094,48,1344.04,Master of Science in Data Analytics,0.0,CCC - Elevated Risk,Charged Off / Written Off,1,22767.5
LN-13252,CUST-0842,PRD-SME,BR-106,20260304,2026-03-04,2030-03-04,401400.0,0.09,48,9988.86,Inventory Stocking Q4,532301.72,CCC - Elevated Risk,Current / Performing,0,0.0
LN-13253,CUST-0317,PRD-AUTO,BR-103,20230811,2023-08-11,2028-08-10,51000.0,0.073,60,1017.1,Fleet Commercial Van,64178.56,AAA - Low Risk,Delinquent (31-60 DPD),0,0.0
LN-13254,CUST-0143,PRD-EDU,BR-112,20260112,2026-01-12,2030-01-12,40300.0,0.064,48,953.86,MBA Program Tuition,0.0,CCC - Elevated Risk,Current / Performing,0,0.0
LN-13255,CUST-0103,PRD-PERS,BR-107,20231221,2023-12-21,2025-12-20,21800.0,0.13,24,1036.41,Home Renovation,0.0,BBB - Moderate Risk,Fully Paid,0,0.0
LN-13256,CUST-0078,PRD-PERS,BR-102,20250318,2025-03-18,2029-03-18,25000.0,0.17,48,721.38,Debt Consolidation,0.0,DDD - High Default Probability,Current / Performing,0,0.0
LN-13257,CUST-0534,PRD-EDU,BR-107,20231223,2023-12-23,2033-12-22,39700.0,0.114,120,555.9,Medical Residency Program,0.0,DDD - High Default Probability,Under Restructuring,1,0.0
LN-13258,CUST-0966,PRD-SME,BR-108,20230220,2023-02-20,2027-02-20,169400.0,0.1,48,4296.42,Inventory Stocking Q4,221234.03,CCC - Elevated Risk,Current / Performing,0,0.0
LN-13259,CUST-0192,PRD-MORT,BR-110,20260415,2026-04-15,2056-04-14,400300.0,0.0575,360,2336.04,Investment Property Buy,626037.68,AAA - Low Risk,Current / Performing,0,0.0
LN-13260,CUST-0567,PRD-MORT,BR-101,20240101,2024-01-01,2044-01-01,397400.0,0.0675,240,3021.69,Investment Property Buy,503235.25,BBB - Moderate Risk,Current / Performing,0,0.0
LN-13261,CUST-0645,PRD-EDU,BR-112,20230207,2023-02-07,2033-02-06,36000.0,0.064,120,406.94,Master of Science in Data Analytics,0.0,AAA - Low Risk,Current / Performing,0,0.0
LN-13262,CUST-0132,PRD-EDU,BR-105,20250916,2025-09-16,2035-09-16,58100.0,0.074,120,686.63,Medical Residency Program,0.0,BBB - Moderate Risk,Current / Performing,0,0.0
LN-13263,CUST-0511,PRD-MORT,BR-106,20230220,2023-02-20,2043-02-20,316700.0,0.1075,240,3215.23,Investment Property Buy,475610.85,DDD - High Default Probability,Current / Performing,0,0.0
LN-13264,CUST-0453,PRD-EQUIP,BR-101,20230824,2023-08-24,2025-08-23,82400.0,0.094,24,3779.56,Warehouse Forklift Fleet,104601.7,CCC - Elevated Risk,Fully Paid,0,0.0
LN-13265,CUST-0618,PRD-MORT,BR-105,20230829,2023-08-29,2043-08-29,530500.0,0.0575,240,3724.55,Refinance Existing Mortgage,840271.03,CCC - Elevated Risk,In Default (90+ DPD),1,0.0
LN-13266,CUST-0938,PRD-AUTO,BR-107,20240208,2024-02-08,2030-02-07,45600.0,0.073,72,784.02,Certified Pre-Owned Luxury Car,69672.57,BBB - Moderate Risk,Current / Performing,0,0.0
LN-13267,CUST-0114,PRD-SME,BR-108,20251009,2025-10-09,2032-10-08,120600.0,0.09,84,1940.34,Working Capital Expansion,171869.95,AAA - Low Risk,Current / Performing,0,0.0
LN-13268,CUST-0726,PRD-SME,BR-105,20260521,2026-05-21,2029-05-20,274300.0,0.14,36,9374.92,Working Capital Expansion,353327.98,DDD - High Default Probability,Current / Performing,0,0.0
LN-13269,CUST-0889,PRD-PERS,BR-104,20241102,2024-11-02,2025-11-02,9700.0,0.12,12,861.83,Emergency Medical Exp,0.0,AAA - Low Risk,Fully Paid,0,0.0
LN-13270,CUST-0256,PRD-EQUIP,BR-107,20230611,2023-06-11,2025-06-10,169100.0,0.094,24,7756.36,Industrial CNC Machine,248654.73,BBB - Moderate Risk,Fully Paid,0,0.0
LN-13271,CUST-0513,PRD-MORT,BR-108,20230619,2023-06-19,2043-06-19,695900.0,0.0575,240,4885.8,Primary Residence Purchase,842410.48,AAA - Low Risk,Current / Performing,0,0.0
LN-13272,CUST-0718,PRD-AUTO,BR-112,20251013,2025-10-13,2029-10-13,60100.0,0.083,48,1475.69,Fleet Commercial Van,78800.46,BBB - Moderate Risk,Current / Performing,0,0.0
LN-13273,CUST-0243,PRD-EDU,BR-102,20230618,2023-06-18,2033-06-17,60100.0,0.074,120,710.26,Master of Science in Data Analytics,0.0,BBB - Moderate Risk,Current / Performing,0,0.0
LN-13274,CUST-0962,PRD-EQUIP,BR-107,20230416,2023-04-16,2028-04-15,108100.0,0.084,60,2212.63,Warehouse Forklift Fleet,158171.97,CCC - Elevated Risk,Current / Performing,0,0.0
LN-13275,CUST-0560,PRD-AUTO,BR-108,20230717,2023-07-17,2026-07-16,36900.0,0.083,36,1161.43,Certified Pre-Owned Luxury Car,57837.53,BBB - Moderate Risk,Fully Paid,0,0.0
LN-13276,CUST-0169,PRD-EQUIP,BR-102,20230422,2023-04-22,2025-04-21,51200.0,0.114,24,2395.84,Industrial CNC Machine,76303.96,CCC - Elevated Risk,Fully Paid,0,0.0
LN-13277,CUST-0663,PRD-SME,BR-105,20260314,2026-03-14,2033-03-13,56200.0,0.12,84,992.08,Inventory Stocking Q4,68851.82,DDD - High Default Probability,Current / Performing,0,0.0
LN-13278,CUST-0482,PRD-MORT,BR-107,20260308,2026-03-08,2046-03-08,286000.0,0.0675,240,2174.64,Primary Residence Purchase,336737.7,CCC - Elevated Risk,Current / Performing,0,0.0
LN-13279,CUST-0112,PRD-EQUIP,BR-109,20240808,2024-08-08,2029-08-08,55900.0,0.114,60,1226.58,Industrial CNC Machine,73021.17,CCC - Elevated Risk,Charged Off / Written Off,1,45799.69
LN-13280,CUST-0372,PRD-AUTO,BR-112,20240326,2024-03-26,2030-03-26,33500.0,0.083,72,592.28,Fleet Commercial Van,47599.11,BBB - Moderate Risk,Current / Performing,0,0.0
LN-13281,CUST-0177,PRD-EDU,BR-102,20240204,2024-02-04,2029-02-03,38600.0,0.064,60,753.45,Master of Science in Data Analytics,0.0,AAA - Low Risk,Current / Performing,0,0.0
LN-13282,CUST-0344,PRD-EQUIP,BR-111,20230117,2023-01-17,2025-01-16,49000.0,0.094,24,2247.56,Medical Imaging Scanner,73670.82,CCC - Elevated Risk,Fully Paid,0,0.0
LN-13283,CUST-0026,PRD-PERS,BR-111,20230326,2023-03-26,2027-03-26,7100.0,0.15,48,197.6,Emergency Medical Exp,0.0,CCC - Elevated Risk,Current / Performing,0,0.0
LN-13284,CUST-0971,PRD-AUTO,BR-103,20240520,2024-05-20,2030-05-20,42600.0,0.073,72,732.44,Fleet Commercial Van,54712.61,BBB - Moderate Risk,Current / Performing,0,0.0
LN-13285,CUST-0261,PRD-AUTO,BR-104,20250331,2025-03-31,2028-03-30,60600.0,0.103,36,1963.94,Certified Pre-Owned Luxury Car,85265.01,DDD - High Default Probability,In Default (90+ DPD),1,0.0
LN-13286,CUST-0390,PRD-EDU,BR-103,20240617,2024-06-17,2029-06-17,19600.0,0.064,60,382.58,Master of Science in Data Analytics,0.0,CCC - Elevated Risk,Current / Performing,0,0.0
LN-13287,CUST-0569,PRD-SME,BR-108,20230730,2023-07-30,2025-07-29,152900.0,0.09,24,6985.2,Technology & IT Modernization,194894.71,AAA - Low Risk,Fully Paid,0,0.0
LN-13288,CUST-0880,PRD-SME,BR-102,20260316,2026-03-16,2028-03-15,328600.0,0.12,24,15468.34,Technology & IT Modernization,471647.88,CCC - Elevated Risk,Current / Performing,0,0.0
LN-13289,CUST-0861,PRD-AUTO,BR-109,20230730,2023-07-30,2029-07-29,24500.0,0.073,72,421.24,Fleet Commercial Van,28448.3,AAA - Low Risk,Delinquent (31-60 DPD),0,0.0
LN-13290,CUST-0727,PRD-EDU,BR-110,20230423,2023-04-23,2027-04-23,57400.0,0.074,48,1385.19,Master of Science in Data Analytics,0.0,CCC - Elevated Risk,Current / Performing,0,0.0
LN-13291,CUST-0600,PRD-EQUIP,BR-110,20240805,2024-08-05,2029-08-05,116300.0,0.084,60,2380.47,Warehouse Forklift Fleet,137407.81,AAA - Low Risk,Current / Performing,0,0.0
LN-13292,CUST-0512,PRD-MORT,BR-104,20250817,2025-08-17,2045-08-17,766400.0,0.0675,240,5827.43,Refinance Existing Mortgage,1047247.66,BBB - Moderate Risk,Charged Off / Written Off,1,550457.51
LN-13293,CUST-0335,PRD-EQUIP,BR-108,20251009,2025-10-09,2030-10-09,143700.0,0.084,60,2941.3,Industrial CNC Machine,169159.64,BBB - Moderate Risk,Current / Performing,0,0.0
LN-13294,CUST-0497,PRD-EDU,BR-105,20250617,2025-06-17,2029-06-17,32500.0,0.114,48,846.31,Medical Residency Program,0.0,DDD - High Default Probability,Delinquent (31-60 DPD),0,0.0
LN-13295,CUST-0435,PRD-EDU,BR-102,20250422,2025-04-22,2035-04-22,49900.0,0.094,120,642.96,MBA Program Tuition,0.0,CCC - Elevated Risk,Current / Performing,0,0.0
LN-13296,CUST-0658,PRD-SME,BR-106,20240708,2024-07-08,2026-07-08,166000.0,0.1,24,7660.06,New Branch Expansion,194085.46,BBB - Moderate Risk,Fully Paid,0,0.0
LN-13297,CUST-0520,PRD-PERS,BR-102,20230211,2023-02-11,2027-02-11,8800.0,0.17,48,253.92,Emergency Medical Exp,0.0,DDD - High Default Probability,Current / Performing,0,0.0
LN-13298,CUST-0655,PRD-AUTO,BR-106,20241212,2024-12-12,2029-12-12,17600.0,0.103,60,376.55,Certified Pre-Owned Luxury Car,23811.43,CCC - Elevated Risk,Current / Performing,0,0.0
LN-13299,CUST-0720,PRD-SME,BR-102,20240420,2024-04-20,2031-04-20,415700.0,0.12,84,7338.24,Technology & IT Modernization,600941.16,CCC - Elevated Risk,Current / Performing,0,0.0
LN-13300,CUST-0226,PRD-PERS,BR-104,20251215,2025-12-15,2029-12-15,12500.0,0.13,48,335.34,Wedding & Family,0.0,BBB - Moderate Risk,Current / Performing,0,0.0
LN-13301,CUST-0759,PRD-MORT,BR-106,20230525,2023-05-25,2043-05-25,743900.0,0.0575,240,5222.8,Investment Property Buy,1029486.82,BBB - Moderate Risk,Current / Performing,0,0.0
LN-13302,CUST-0236,PRD-PERS,BR-111,20241013,2024-10-13,2026-10-13,5400.0,0.15,24,261.83,Debt Consolidation,0.0,CCC - Elevated Risk,Fully Paid,0,0.0
LN-13303,CUST-0235,PRD-PERS,BR-108,20250302,2025-03-02,2026-03-02,13600.0,0.17,12,1240.38,Debt Consolidation,0.0,DDD - High Default Probability,Fully Paid,0,0.0
LN-13304,CUST-0591,PRD-PERS,BR-105,20230319,2023-03-19,2027-03-19,29700.0,0.15,48,826.57,Wedding & Family,0.0,CCC - Elevated Risk,Current / Performing,0,0.0
LN-13305,CUST-0674,PRD-EQUIP,BR-105,20250525,2025-05-25,2027-05-25,167400.0,0.094,24,7678.38,Warehouse Forklift Fleet,196473.5,BBB - Moderate Risk,Delinquent (61-90 DPD),1,0.0
LN-13306,CUST-0608,PRD-EDU,BR-104,20241230,2024-12-30,2034-12-30,48100.0,0.114,120,673.52,Master of Science in Data Analytics,0.0,DDD - High Default Probability,Current / Performing,0,0.0
LN-13307,CUST-0905,PRD-SME,BR-106,20240421,2024-04-21,2031-04-21,127100.0,0.1,84,2110.01,Inventory Stocking Q4,164812.69,CCC - Elevated Risk,Current / Performing,0,0.0
LN-13308,CUST-0301,PRD-EQUIP,BR-109,20250911,2025-09-11,2030-09-11,117600.0,0.114,60,2580.43,Warehouse Forklift Fleet,141014.69,DDD - High Default Probability,Under Restructuring,1,0.0
LN-13309,CUST-0156,PRD-SME,BR-109,20231217,2023-12-17,2028-12-16,84400.0,0.1,60,1793.25,New Branch Expansion,117503.71,BBB - Moderate Risk,Current / Performing,0,0.0
LN-13310,CUST-0158,PRD-AUTO,BR-107,20250627,2025-06-27,2031-06-27,20000.0,0.083,72,353.6,Certified Pre-Owned Luxury Car,27112.87,CCC - Elevated Risk,Current / Performing,0,0.0
LN-13311,CUST-0227,PRD-EQUIP,BR-102,20230824,2023-08-24,2025-08-23,112300.0,0.084,24,5099.54,Medical Imaging Scanner,151009.88,BBB - Moderate Risk,Fully Paid,0,0.0
LN-13312,CUST-0622,PRD-MORT,BR-112,20230412,2023-04-12,2053-04-11,557200.0,0.1075,360,5201.36,Refinance Existing Mortgage,878353.9,DDD - High Default Probability,Current / Performing,0,0.0
LN-13313,CUST-0337,PRD-MORT,BR-110,20241208,2024-12-08,2044-12-08,530900.0,0.0575,240,3727.36,Refinance Existing Mortgage,816657.43,BBB - Moderate Risk,Current / Performing,0,0.0
LN-13314,CUST-0835,PRD-AUTO,BR-101,20240922,2024-09-22,2030-09-22,64900.0,0.073,72,1115.85,Certified Pre-Owned Luxury Car,93188.85,BBB - Moderate Risk,Current / Performing,0,0.0
LN-13315,CUST-0781,PRD-AUTO,BR-105,20260425,2026-04-25,2030-04-25,58100.0,0.073,48,1399.38,Fleet Commercial Van,67758.48,AAA - Low Risk,Current / Performing,0,0.0
LN-13316,CUST-0438,PRD-EQUIP,BR-109,20250721,2025-07-21,2029-07-21,139700.0,0.094,48,3503.03,Warehouse Forklift Fleet,184286.78,BBB - Moderate Risk,Delinquent (61-90 DPD),1,0.0
LN-13317,CUST-0377,PRD-EQUIP,BR-111,20250902,2025-09-02,2027-09-02,79200.0,0.094,24,3632.78,Industrial CNC Machine,115762.59,CCC - Elevated Risk,In Default (90+ DPD),1,0.0
LN-13318,CUST-0887,PRD-AUTO,BR-111,20241105,2024-11-05,2027-11-05,37900.0,0.083,36,1192.9,New EV Purchase,54464.96,BBB - Moderate Risk,Current / Performing,0,0.0
LN-13319,CUST-0312,PRD-AUTO,BR-107,20240101,2024-01-01,2026-12-31,64600.0,0.083,36,2033.28,Fleet Commercial Van,79870.31,BBB - Moderate Risk,Fully Paid,0,0.0
LN-13320,CUST-0308,PRD-PERS,BR-106,20240715,2024-07-15,2028-07-15,29000.0,0.13,48,778.0,Home Renovation,0.0,BBB - Moderate Risk,Current / Performing,0,0.0
LN-13321,CUST-0943,PRD-EDU,BR-110,20240623,2024-06-23,2029-06-23,26800.0,0.074,60,535.74,MBA Program Tuition,0.0,CCC - Elevated Risk,Delinquent (31-60 DPD),0,0.0
LN-13322,CUST-0610,PRD-EDU,BR-101,20251005,2025-10-05,2035-10-05,64100.0,0.064,120,724.59,Medical Residency Program,0.0,AAA - Low Risk,Current / Performing,0,0.0
LN-13323,CUST-0664,PRD-MORT,BR-106,20250318,2025-03-18,2045-03-18,697100.0,0.0575,240,4894.22,Investment Property Buy,859333.82,AAA - Low Risk,Current / Performing,0,0.0
LN-13324,CUST-0012,PRD-AUTO,BR-102,20230227,2023-02-27,2029-02-26,36300.0,0.073,72,624.12,New EV Purchase,46313.95,AAA - Low Risk,Current / Performing,0,0.0
LN-13325,CUST-0317,PRD-EDU,BR-103,20240903,2024-09-03,2028-09-03,63800.0,0.064,48,1510.07,MBA Program Tuition,0.0,AAA - Low Risk,Current / Performing,0,0.0
LN-13326,CUST-0611,PRD-MORT,BR-101,20241129,2024-11-29,2044-11-29,312500.0,0.0875,240,2761.6,Primary Residence Purchase,462115.68,CCC - Elevated Risk,Current / Performing,0,0.0
LN-13327,CUST-0867,PRD-EDU,BR-103,20250622,2025-06-22,2035-06-22,52400.0,0.074,120,619.27,Master of Science in Data Analytics,0.0,BBB - Moderate Risk,Current / Performing,0,0.0
LN-13328,CUST-0527,PRD-AUTO,BR-107,20231126,2023-11-26,2028-11-25,43700.0,0.083,60,892.37,Fleet Commercial Van,65902.28,BBB - Moderate Risk,Current / Performing,0,0.0
LN-13329,CUST-0855,PRD-EQUIP,BR-106,20240902,2024-09-02,2028-09-02,139600.0,0.134,48,3772.89,Industrial CNC Machine,197743.99,DDD - High Default Probability,Delinquent (31-60 DPD),0,0.0
LN-13330,CUST-0640,PRD-EDU,BR-106,20250909,2025-09-09,2029-09-09,78200.0,0.114,48,2036.34,Medical Residency Program,0.0,DDD - High Default Probability,Current / Performing,0,0.0
LN-13331,CUST-0370,PRD-EQUIP,BR-108,20240208,2024-02-08,2027-02-07,151600.0,0.094,36,4849.11,Medical Imaging Scanner,241602.46,CCC - Elevated Risk,Current / Performing,0,0.0
LN-13332,CUST-0200,PRD-PERS,BR-112,20251205,2025-12-05,2026-12-05,14700.0,0.12,12,1306.08,Home Renovation,0.0,AAA - Low Risk,Fully Paid,0,0.0
LN-13333,CUST-0234,PRD-EDU,BR-106,20240730,2024-07-30,2034-07-30,20800.0,0.064,120,235.12,MBA Program Tuition,0.0,AAA - Low Risk,Current / Performing,0,0.0
LN-13334,CUST-0025,PRD-PERS,BR-111,20240919,2024-09-19,2025-09-19,14900.0,0.13,12,1330.83,Debt Consolidation,0.0,BBB - Moderate Risk,Fully Paid,0,0.0
LN-13335,CUST-0952,PRD-EDU,BR-110,20250421,2025-04-21,2029-04-21,30400.0,0.074,48,733.62,Medical Residency Program,0.0,BBB - Moderate Risk,Current / Performing,0,0.0
LN-13336,CUST-0502,PRD-MORT,BR-109,20230919,2023-09-19,2043-09-19,813000.0,0.0675,240,6181.76,Primary Residence Purchase,1071678.81,BBB - Moderate Risk,Current / Performing,0,0.0
LN-13337,CUST-0279,PRD-EDU,BR-106,20241217,2024-12-17,2028-12-17,34000.0,0.114,48,885.37,MBA Program Tuition,0.0,DDD - High Default Probability,In Default (90+ DPD),1,0.0
LN-13338,CUST-0799,PRD-EDU,BR-102,20240310,2024-03-10,2029-03-10,62300.0,0.064,60,1216.06,MBA Program Tuition,0.0,AAA - Low Risk,Current / Performing,0,0.0
LN-13339,CUST-0082,PRD-SME,BR-108,20240612,2024-06-12,2031-06-12,202800.0,0.1,84,3366.72,Inventory Stocking Q4,250032.14,BBB - Moderate Risk,Current / Performing,0,0.0
LN-13340,CUST-0864,PRD-PERS,BR-101,20230626,2023-06-26,2027-06-26,16800.0,0.13,48,450.7,Home Renovation,0.0,BBB - Moderate Risk,Current / Performing,0,0.0
LN-13341,CUST-0124,PRD-PERS,BR-108,20231231,2023-12-31,2025-12-30,24400.0,0.13,24,1160.02,Emergency Medical Exp,0.0,BBB - Moderate Risk,Fully Paid,0,0.0
LN-13342,CUST-0783,PRD-AUTO,BR-111,20240527,2024-05-27,2028-05-27,22800.0,0.073,48,549.15,New EV Purchase,36052.28,BBB - Moderate Risk,Current / Performing,0,0.0
LN-13343,CUST-0665,PRD-SME,BR-107,20250501,2025-05-01,2029-05-01,172700.0,0.09,48,4297.65,Technology & IT Modernization,208889.67,AAA - Low Risk,Current / Performing,0,0.0
LN-13344,CUST-0525,PRD-PERS,BR-108,20250124,2025-01-24,2029-01-24,13300.0,0.13,48,356.81,Home Renovation,0.0,BBB - Moderate Risk,Current / Performing,0,0.0
LN-13345,CUST-0387,PRD-PERS,BR-108,20230909,2023-09-09,2027-09-09,19000.0,0.15,48,528.78,Debt Consolidation,0.0,CCC - Elevated Risk,Current / Performing,0,0.0
LN-13346,CUST-0125,PRD-MORT,BR-108,20260413,2026-04-13,2056-04-12,805700.0,0.0575,360,4701.85,Investment Property Buy,1005309.63,CCC - Elevated Risk,Current / Performing,0,0.0
LN-13347,CUST-0928,PRD-MORT,BR-104,20251116,2025-11-16,2045-11-16,292800.0,0.0875,240,2587.5,Refinance Existing Mortgage,359642.71,CCC - Elevated Risk,Current / Performing,0,0.0
LN-13348,CUST-0312,PRD-EDU,BR-107,20230604,2023-06-04,2033-06-03,48500.0,0.074,120,573.18,Medical Residency Program,0.0,BBB - Moderate Risk,Delinquent (31-60 DPD),0,0.0
LN-13349,CUST-0983,PRD-MORT,BR-101,20240701,2024-07-01,2044-07-01,663700.0,0.0575,240,4659.73,Investment Property Buy,901391.56,BBB - Moderate Risk,Current / Performing,0,0.0
LN-13350,CUST-0967,PRD-MORT,BR-110,20250902,2025-09-02,2045-09-02,819600.0,0.0575,240,5754.28,Refinance Existing Mortgage,1113321.01,AAA - Low Risk,Current / Performing,0,0.0
LN-13351,CUST-0349,PRD-MORT,BR-105,20230408,2023-04-08,2043-04-08,251200.0,0.0575,240,1763.63,Primary Residence Purchase,394315.84,AAA - Low Risk,Current / Performing,0,0.0
LN-13352,CUST-0350,PRD-PERS,BR-105,20260312,2026-03-12,2030-03-12,9000.0,0.17,48,259.7,Home Renovation,0.0,DDD - High Default Probability,Current / Performing,0,0.0
LN-13353,CUST-0581,PRD-SME,BR-104,20230914,2023-09-14,2026-09-13,253200.0,0.1,36,8170.05,Working Capital Expansion,296828.39,BBB - Moderate Risk,Fully Paid,0,0.0
LN-13354,CUST-0227,PRD-AUTO,BR-102,20230306,2023-03-06,2027-03-06,35000.0,0.073,48,843.0,Fleet Commercial Van,46476.7,BBB - Moderate Risk,Current / Performing,0,0.0
LN-13355,CUST-0300,PRD-SME,BR-109,20260525,2026-05-25,2033-05-24,292800.0,0.09,84,4710.88,Working Capital Expansion,343032.03,BBB - Moderate Risk,Current / Performing,0,0.0
LN-13356,CUST-0589,PRD-MORT,BR-111,20260523,2026-05-23,2046-05-23,581100.0,0.0575,240,4079.81,Primary Residence Purchase,754648.45,CCC - Elevated Risk,Current / Performing,0,0.0
LN-13357,CUST-0337,PRD-PERS,BR-110,20230406,2023-04-06,2025-04-05,12500.0,0.12,24,588.42,Emergency Medical Exp,0.0,BBB - Moderate Risk,Fully Paid,0,0.0
LN-13358,CUST-0779,PRD-EQUIP,BR-105,20240824,2024-08-24,2027-08-24,140400.0,0.084,36,4425.58,Warehouse Forklift Fleet,184850.39,CCC - Elevated Risk,Current / Performing,0,0.0
LN-13359,CUST-0409,PRD-MORT,BR-104,20251104,2025-11-04,2045-11-04,740500.0,0.1075,240,7517.77,Refinance Existing Mortgage,1069659.71,DDD - High Default Probability,Current / Performing,0,0.0
LN-13360,CUST-0388,PRD-AUTO,BR-111,20251121,2025-11-21,2028-11-20,18300.0,0.083,36,575.99,Certified Pre-Owned Luxury Car,27920.01,BBB - Moderate Risk,In Default (90+ DPD),1,0.0
LN-13361,CUST-0388,PRD-SME,BR-111,20241010,2024-10-10,2028-10-10,437500.0,0.1,48,11096.13,Working Capital Expansion,689393.75,BBB - Moderate Risk,Current / Performing,0,0.0
LN-13362,CUST-0128,PRD-EQUIP,BR-103,20251113,2025-11-13,2028-11-12,67500.0,0.084,36,2127.68,Warehouse Forklift Fleet,77868.75,CCC - Elevated Risk,Current / Performing,0,0.0
LN-13363,CUST-0708,PRD-SME,BR-110,20250828,2025-08-28,2032-08-27,168500.0,0.09,84,2711.01,New Branch Expansion,212668.71,BBB - Moderate Risk,Current / Performing,0,0.0
LN-13364,CUST-0445,PRD-EQUIP,BR-103,20230921,2023-09-21,2028-09-20,97400.0,0.084,60,1993.62,Industrial CNC Machine,138872.17,BBB - Moderate Risk,Current / Performing,0,0.0
LN-13365,CUST-0058,PRD-SME,BR-110,20260415,2026-04-15,2033-04-14,341100.0,0.12,84,6021.35,Inventory Stocking Q4,542299.71,CCC - Elevated Risk,Current / Performing,0,0.0
LN-13366,CUST-0428,PRD-AUTO,BR-103,20230818,2023-08-18,2029-08-17,63700.0,0.073,72,1095.22,Certified Pre-Owned Luxury Car,96440.77,AAA - Low Risk,Current / Performing,0,0.0
LN-13367,CUST-0325,PRD-AUTO,BR-106,20230803,2023-08-03,2029-08-02,54900.0,0.073,72,943.92,Certified Pre-Owned Luxury Car,87785.61,BBB - Moderate Risk,Delinquent (61-90 DPD),1,0.0
LN-13368,CUST-0630,PRD-SME,BR-103,20230903,2023-09-03,2028-09-02,352200.0,0.1,60,7483.21,Inventory Stocking Q4,441631.69,BBB - Moderate Risk,Current / Performing,0,0.0
LN-13369,CUST-0728,PRD-EDU,BR-112,20250508,2025-05-08,2035-05-08,44500.0,0.064,120,503.03,Medical Residency Program,0.0,AAA - Low Risk,Current / Performing,0,0.0
LN-13370,CUST-0635,PRD-EDU,BR-103,20260526,2026-05-26,2030-05-26,31200.0,0.064,48,738.47,Master of Science in Data Analytics,0.0,CCC - Elevated Risk,Current / Performing,0,0.0
LN-13371,CUST-0778,PRD-PERS,BR-106,20251026,2025-10-26,2029-10-26,21100.0,0.15,48,587.23,Emergency Medical Exp,0.0,CCC - Elevated Risk,In Default (90+ DPD),1,0.0
LN-13372,CUST-0234,PRD-SME,BR-106,20240803,2024-08-03,2026-08-03,202700.0,0.09,24,9260.3,Technology & IT Modernization,285098.7,AAA - Low Risk,Fully Paid,0,0.0
LN-13373,CUST-0612,PRD-EDU,BR-106,20260302,2026-03-02,2036-03-01,58000.0,0.074,120,685.45,Master of Science in Data Analytics,0.0,BBB - Moderate Risk,Charged Off / Written Off,1,47345.32
LN-13374,CUST-0711,PRD-PERS,BR-107,20231202,2023-12-02,2026-12-01,25400.0,0.13,36,855.83,Wedding & Family,0.0,BBB - Moderate Risk,Fully Paid,0,0.0
LN-13375,CUST-0635,PRD-EQUIP,BR-103,20230612,2023-06-12,2028-06-11,139500.0,0.084,60,2855.34,Industrial CNC Machine,185431.72,CCC - Elevated Risk,Current / Performing,0,0.0
LN-13376,CUST-0411,PRD-SME,BR-102,20240202,2024-02-02,2031-02-01,136400.0,0.09,84,2194.55,New Branch Expansion,156977.04,BBB - Moderate Risk,Current / Performing,0,0.0
LN-13377,CUST-0748,PRD-SME,BR-111,20241130,2024-11-30,2027-11-30,176800.0,0.1,36,5704.84,New Branch Expansion,272335.49,BBB - Moderate Risk,Current / Performing,0,0.0
LN-13378,CUST-0965,PRD-SME,BR-109,20230705,2023-07-05,2025-07-04,216200.0,0.09,24,9877.04,Technology & IT Modernization,317809.03,AAA - Low Risk,Fully Paid,0,0.0
LN-13379,CUST-0714,PRD-AUTO,BR-111,20250809,2025-08-09,2031-08-09,54300.0,0.073,72,933.6,Fleet Commercial Van,86235.76,AAA - Low Risk,Current / Performing,0,0.0
LN-13380,CUST-0660,PRD-AUTO,BR-109,20250208,2025-02-08,2028-02-08,32600.0,0.123,36,1087.46,Fleet Commercial Van,49013.32,DDD - High Default Probability,Current / Performing,0,0.0
LN-13381,CUST-0005,PRD-AUTO,BR-105,20260401,2026-04-01,2031-04-01,39800.0,0.083,60,812.73,New EV Purchase,58413.7,BBB - Moderate Risk,Current / Performing,0,0.0
LN-13382,CUST-0498,PRD-PERS,BR-111,20230715,2023-07-15,2027-07-15,28400.0,0.12,48,747.88,Wedding & Family,0.0,CCC - Elevated Risk,Current / Performing,0,0.0
LN-13383,CUST-0958,PRD-AUTO,BR-110,20240901,2024-09-01,2027-09-01,57000.0,0.073,36,1767.82,New EV Purchase,79781.25,CCC - Elevated Risk,Current / Performing,0,0.0
LN-13384,CUST-0661,PRD-SME,BR-110,20230217,2023-02-17,2030-02-16,330700.0,0.12,84,5837.76,Working Capital Expansion,500868.16,DDD - High Default Probability,Delinquent (31-60 DPD),0,0.0
LN-13385,CUST-0399,PRD-PERS,BR-105,20260508,2026-05-08,2030-05-08,26800.0,0.13,48,718.98,Wedding & Family,0.0,BBB - Moderate Risk,Current / Performing,0,0.0
LN-13386,CUST-0455,PRD-AUTO,BR-101,20260412,2026-04-12,2032-04-11,44000.0,0.073,72,756.51,Fleet Commercial Van,54931.48,AAA - Low Risk,Current / Performing,0,0.0
LN-13387,CUST-0574,PRD-EDU,BR-102,20231011,2023-10-11,2033-10-10,28700.0,0.064,120,324.42,Medical Residency Program,0.0,AAA - Low Risk,Current / Performing,0,0.0
LN-13388,CUST-0293,PRD-MORT,BR-101,20260417,2026-04-17,2046-04-17,324500.0,0.0675,240,2467.38,Investment Property Buy,456483.85,BBB - Moderate Risk,Current / Performing,0,0.0
LN-13389,CUST-0895,PRD-EQUIP,BR-105,20230405,2023-04-05,2028-04-04,117400.0,0.094,60,2459.89,Warehouse Forklift Fleet,171639.42,BBB - Moderate Risk,Current / Performing,0,0.0
LN-13390,CUST-0897,PRD-PERS,BR-110,20230531,2023-05-31,2027-05-31,5600.0,0.12,48,147.47,Debt Consolidation,0.0,AAA - Low Risk,Current / Performing,0,0.0
LN-13391,CUST-0047,PRD-MORT,BR-105,20260513,2026-05-13,2046-05-13,595200.0,0.0675,240,4525.69,Refinance Existing Mortgage,932417.44,BBB - Moderate Risk,Current / Performing,0,0.0
LN-13392,CUST-0290,PRD-MORT,BR-106,20231225,2023-12-25,2043-12-25,452100.0,0.0575,240,3174.12,Refinance Existing Mortgage,606247.38,CCC - Elevated Risk,Current / Performing,0,0.0
LN-13393,CUST-0300,PRD-AUTO,BR-109,20250831,2025-08-31,2031-08-31,57900.0,0.073,72,995.5,New EV Purchase,68502.78,BBB - Moderate Risk,Delinquent (31-60 DPD),0,0.0
LN-13394,CUST-0513,PRD-EQUIP,BR-108,20250409,2025-04-09,2030-04-09,40200.0,0.084,60,822.83,Industrial CNC Machine,47196.92,AAA - Low Risk,Current / Performing,0,0.0
LN-13395,CUST-0713,PRD-PERS,BR-108,20250118,2025-01-18,2029-01-18,30300.0,0.13,48,812.87,Wedding & Family,0.0,BBB - Moderate Risk,Current / Performing,0,0.0
LN-13396,CUST-0625,PRD-AUTO,BR-108,20230625,2023-06-25,2029-06-24,19900.0,0.083,72,351.83,Fleet Commercial Van,23851.96,BBB - Moderate Risk,Current / Performing,0,0.0
LN-13397,CUST-0959,PRD-AUTO,BR-109,20231207,2023-12-07,2026-12-06,24000.0,0.083,36,755.4,New EV Purchase,28905.22,BBB - Moderate Risk,Fully Paid,0,0.0
LN-13398,CUST-0903,PRD-AUTO,BR-107,20241109,2024-11-09,2030-11-09,64800.0,0.073,72,1114.13,Certified Pre-Owned Luxury Car,87731.95,AAA - Low Risk,Current / Performing,0,0.0
LN-13399,CUST-0536,PRD-SME,BR-106,20230319,2023-03-19,2027-03-19,231000.0,0.09,48,5748.44,Technology & IT Modernization,346428.03,AAA - Low Risk,Current / Performing,0,0.0
LN-13400,CUST-0215,PRD-AUTO,BR-107,20231230,2023-12-30,2027-12-30,44300.0,0.103,48,1129.96,Fleet Commercial Van,60757.47,CCC - Elevated Risk,Current / Performing,0,0.0
LN-13401,CUST-0064,PRD-MORT,BR-108,20230314,2023-03-14,2043-03-14,704200.0,0.0675,240,5354.48,Refinance Existing Mortgage,979112.12,CCC - Elevated Risk,Current / Performing,0,0.0
LN-13402,CUST-0876,PRD-AUTO,BR-108,20250904,2025-09-04,2028-09-03,44000.0,0.103,36,1425.96,New EV Purchase,69420.43,CCC - Elevated Risk,Current / Performing,0,0.0
LN-13403,CUST-0193,PRD-AUTO,BR-106,20230118,2023-01-18,2029-01-17,38100.0,0.083,72,673.61,Certified Pre-Owned Luxury Car,56413.19,BBB - Moderate Risk,Current / Performing,0,0.0
LN-13404,CUST-0828,PRD-EQUIP,BR-109,20251114,2025-11-14,2027-11-14,46600.0,0.094,24,2137.47,Warehouse Forklift Fleet,63221.33,BBB - Moderate Risk,Current / Performing,0,0.0
LN-13405,CUST-0331,PRD-EQUIP,BR-105,20250126,2025-01-26,2027-01-26,169400.0,0.084,24,7692.44,Medical Imaging Scanner,222815.7,AAA - Low Risk,Current / Performing,0,0.0
LN-13406,CUST-0996,PRD-EQUIP,BR-104,20250124,2025-01-24,2030-01-24,117200.0,0.094,60,2455.69,Warehouse Forklift Fleet,173608.63,CCC - Elevated Risk,Current / Performing,0,0.0
LN-13407,CUST-0326,PRD-MORT,BR-104,20241216,2024-12-16,2044-12-16,409800.0,0.0675,240,3115.97,Refinance Existing Mortgage,537161.86,BBB - Moderate Risk,Delinquent (61-90 DPD),1,0.0
LN-13408,CUST-0681,PRD-PERS,BR-111,20250815,2025-08-15,2026-08-15,18500.0,0.13,12,1652.37,Emergency Medical Exp,0.0,BBB - Moderate Risk,Fully Paid,0,0.0
LN-13409,CUST-0067,PRD-AUTO,BR-104,20250610,2025-06-10,2031-06-10,50000.0,0.123,72,985.33,New EV Purchase,78337.65,DDD - High Default Probability,Current / Performing,0,0.0
LN-13410,CUST-0224,PRD-AUTO,BR-111,20250603,2025-06-03,2028-06-02,19600.0,0.083,36,616.91,Certified Pre-Owned Luxury Car,30670.33,BBB - Moderate Risk,Current / Performing,0,0.0
LN-13411,CUST-0080,PRD-SME,BR-105,20240805,2024-08-05,2029-08-05,441400.0,0.1,60,9378.45,New Branch Expansion,630471.64,BBB - Moderate Risk,Current / Performing,0,0.0
LN-13412,CUST-0147,PRD-MORT,BR-109,20240303,2024-03-03,2044-03-03,841800.0,0.0675,240,6400.74,Refinance Existing Mortgage,1109752.3,CCC - Elevated Risk,Current / Performing,0,0.0
LN-13413,CUST-0292,PRD-PERS,BR-104,20251220,2025-12-20,2029-12-20,15200.0,0.15,48,423.03,Emergency Medical Exp,0.0,CCC - Elevated Risk,Current / Performing,0,0.0
LN-13414,CUST-0595,PRD-EQUIP,BR-109,20231011,2023-10-11,2028-10-10,41700.0,0.084,60,853.53,Medical Imaging Scanner,50254.77,CCC - Elevated Risk,Current / Performing,0,0.0
LN-13415,CUST-0337,PRD-EDU,BR-110,20230317,2023-03-17,2033-03-16,62200.0,0.064,120,703.11,MBA Program Tuition,0.0,BBB - Moderate Risk,Current / Performing,0,0.0
LN-13416,CUST-0520,PRD-MORT,BR-102,20240202,2024-02-02,2044-02-02,597900.0,0.1075,240,6070.05,Primary Residence Purchase,712860.55,DDD - High Default Probability,In Default (90+ DPD),1,0.0
LN-13417,CUST-0735,PRD-PERS,BR-111,20230506,2023-05-06,2027-05-06,23700.0,0.15,48,659.59,Home Renovation,0.0,CCC - Elevated Risk,Current / Performing,0,0.0
LN-13418,CUST-0365,PRD-EDU,BR-103,20240106,2024-01-06,2029-01-05,63300.0,0.074,60,1265.4,MBA Program Tuition,0.0,CCC - Elevated Risk,Delinquent (31-60 DPD),0,0.0
LN-13419,CUST-0641,PRD-PERS,BR-107,20230529,2023-05-29,2026-05-28,30800.0,0.15,36,1067.69,Home Renovation,0.0,CCC - Elevated Risk,Fully Paid,0,0.0
LN-13420,CUST-0880,PRD-AUTO,BR-102,20230203,2023-02-03,2029-02-02,19600.0,0.103,72,366.08,Fleet Commercial Van,22884.74,CCC - Elevated Risk,Current / Performing,0,0.0
LN-13421,CUST-0880,PRD-EDU,BR-102,20240206,2024-02-06,2028-02-06,12300.0,0.094,48,308.43,MBA Program Tuition,0.0,CCC - Elevated Risk,Current / Performing,0,0.0
LN-13422,CUST-0899,PRD-SME,BR-108,20231011,2023-10-11,2025-10-10,411000.0,0.12,24,19347.2,Inventory Stocking Q4,552591.44,DDD - High Default Probability,Fully Paid,0,0.0
LN-13423,CUST-0616,PRD-EDU,BR-111,20230610,2023-06-10,2033-06-09,72100.0,0.094,120,929.01,MBA Program Tuition,0.0,CCC - Elevated Risk,Current / Performing,0,0.0
LN-13424,CUST-0116,PRD-MORT,BR-104,20240603,2024-06-03,2044-06-03,713300.0,0.0675,240,5423.68,Refinance Existing Mortgage,1063132.97,CCC - Elevated Risk,Delinquent (31-60 DPD),0,0.0
LN-13425,CUST-0521,PRD-SME,BR-105,20241119,2024-11-19,2031-11-19,175400.0,0.09,84,2822.02,New Branch Expansion,211259.47,AAA - Low Risk,Current / Performing,0,0.0
LN-13426,CUST-0629,PRD-SME,BR-103,20241224,2024-12-24,2026-12-24,110700.0,0.12,24,5211.03,New Branch Expansion,137170.14,DDD - High Default Probability,Fully Paid,0,0.0
LN-13427,CUST-0654,PRD-EQUIP,BR-101,20251215,2025-12-15,2030-12-15,95200.0,0.114,60,2088.92,Industrial CNC Machine,118265.51,CCC - Elevated Risk,Current / Performing,0,0.0
LN-13428,CUST-0481,PRD-EQUIP,BR-106,20260114,2026-01-14,2029-01-13,93200.0,0.114,36,3068.93,Industrial CNC Machine,136159.35,CCC - Elevated Risk,Delinquent (31-60 DPD),0,0.0
LN-13429,CUST-0136,PRD-EDU,BR-108,20231019,2023-10-19,2027-10-19,79400.0,0.064,48,1879.31,MBA Program Tuition,0.0,CCC - Elevated Risk,Current / Performing,0,0.0
LN-13430,CUST-0231,PRD-AUTO,BR-103,20240806,2024-08-06,2030-08-06,47000.0,0.103,72,877.84,Certified Pre-Owned Luxury Car,59741.6,CCC - Elevated Risk,Current / Performing,0,0.0
LN-13431,CUST-0185,PRD-PERS,BR-112,20231111,2023-11-11,2027-11-11,12800.0,0.15,48,356.23,Home Renovation,0.0,CCC - Elevated Risk,Under Restructuring,1,0.0
LN-13432,CUST-0803,PRD-AUTO,BR-106,20240513,2024-05-13,2027-05-13,54100.0,0.083,36,1702.79,New EV Purchase,74517.72,BBB - Moderate Risk,Delinquent (61-90 DPD),1,0.0
LN-13433,CUST-0813,PRD-EDU,BR-103,20240911,2024-09-11,2034-09-11,54400.0,0.064,120,614.94,Master of Science in Data Analytics,0.0,CCC - Elevated Risk,Current / Performing,0,0.0
LN-13434,CUST-0737,PRD-PERS,BR-108,20250123,2025-01-23,2029-01-23,15200.0,0.13,48,407.78,Home Renovation,0.0,BBB - Moderate Risk,Delinquent (31-60 DPD),0,0.0
LN-13435,CUST-0834,PRD-SME,BR-110,20230225,2023-02-25,2030-02-24,127500.0,0.09,84,2051.36,Working Capital Expansion,191591.83,BBB - Moderate Risk,Current / Performing,0,0.0
LN-13436,CUST-0591,PRD-SME,BR-105,20250101,2025-01-01,2028-01-01,447300.0,0.12,36,14856.76,Working Capital Expansion,674062.53,CCC - Elevated Risk,Current / Performing,0,0.0
LN-13437,CUST-0916,PRD-MORT,BR-103,20250213,2025-02-13,2045-02-13,411400.0,0.0575,240,2888.37,Primary Residence Purchase,657219.55,CCC - Elevated Risk,Current / Performing,0,0.0
LN-13438,CUST-0046,PRD-EQUIP,BR-108,20260414,2026-04-14,2030-04-14,172400.0,0.134,48,4659.36,Medical Imaging Scanner,256269.01,DDD - High Default Probability,Charged Off / Written Off,1,117620.9
LN-13439,CUST-0713,PRD-MORT,BR-108,20250411,2025-04-11,2045-04-11,433000.0,0.0675,240,3292.38,Investment Property Buy,527330.36,BBB - Moderate Risk,In Default (90+ DPD),1,0.0
LN-13440,CUST-0186,PRD-SME,BR-109,20240415,2024-04-15,2028-04-15,245800.0,0.09,48,6116.74,New Branch Expansion,368762.17,AAA - Low Risk,Delinquent (31-60 DPD),0,0.0
LN-13441,CUST-0907,PRD-SME,BR-106,20240412,2024-04-12,2027-04-12,196100.0,0.12,36,6513.33,Technology & IT Modernization,302923.56,CCC - Elevated Risk,Current / Performing,0,0.0
LN-13442,CUST-0432,PRD-EQUIP,BR-112,20251024,2025-10-24,2030-10-24,53900.0,0.094,60,1129.37,Industrial CNC Machine,64324.71,BBB - Moderate Risk,Current / Performing,0,0.0
LN-13443,CUST-0178,PRD-SME,BR-107,20260422,2026-04-22,2033-04-21,319100.0,0.1,84,5297.44,Working Capital Expansion,375676.29,CCC - Elevated Risk,Current / Performing,0,0.0
LN-13444,CUST-0457,PRD-AUTO,BR-106,20260317,2026-03-17,2032-03-16,44300.0,0.073,72,761.67,Fleet Commercial Van,64943.96,AAA - Low Risk,Current / Performing,0,0.0
LN-13445,CUST-0814,PRD-EDU,BR-110,20240619,2024-06-19,2028-06-19,78500.0,0.094,48,1968.42,MBA Program Tuition,0.0,CCC - Elevated Risk,Charged Off / Written Off,1,38632.12
LN-13446,CUST-0788,PRD-AUTO,BR-112,20230413,2023-04-13,2027-04-13,54800.0,0.073,48,1319.9,Certified Pre-Owned Luxury Car,66706.69,BBB - Moderate Risk,Current / Performing,0,0.0
LN-13447,CUST-0420,PRD-EQUIP,BR-105,20240824,2024-08-24,2029-08-24,80900.0,0.094,60,1695.1,Medical Imaging Scanner,114556.72,BBB - Moderate Risk,In Default (90+ DPD),1,0.0
LN-13448,CUST-0380,PRD-SME,BR-107,20240825,2024-08-25,2028-08-25,111900.0,0.09,48,2784.64,Inventory Stocking Q4,138616.3,CCC - Elevated Risk,Current / Performing,0,0.0
LN-13449,CUST-0432,PRD-PERS,BR-112,20230222,2023-02-22,2027-02-22,12000.0,0.13,48,321.93,Home Renovation,0.0,BBB - Moderate Risk,Delinquent (31-60 DPD),0,0.0
LN-13450,CUST-0115,PRD-EQUIP,BR-105,20250506,2025-05-06,2030-05-06,47500.0,0.094,60,995.27,Medical Imaging Scanner,70079.59,BBB - Moderate Risk,Current / Performing,0,0.0
LN-13451,CUST-0667,PRD-EDU,BR-103,20260124,2026-01-24,2036-01-24,49100.0,0.074,120,580.27,Master of Science in Data Analytics,0.0,BBB - Moderate Risk,Current / Performing,0,0.0
LN-13452,CUST-0763,PRD-SME,BR-103,20260313,2026-03-13,2033-03-12,190400.0,0.12,84,3361.08,Technology & IT Modernization,286232.15,CCC - Elevated Risk,In Default (90+ DPD),1,0.0
LN-13453,CUST-0416,PRD-EDU,BR-110,20230117,2023-01-17,2027-01-17,49000.0,0.094,48,1228.7,Medical Residency Program,0.0,CCC - Elevated Risk,Fully Paid,0,0.0
LN-13454,CUST-0587,PRD-EQUIP,BR-112,20251216,2025-12-16,2028-12-15,39500.0,0.094,36,1263.46,Warehouse Forklift Fleet,53250.22,BBB - Moderate Risk,Current / Performing,0,0.0
LN-13455,CUST-0422,PRD-PERS,BR-105,20240728,2024-07-28,2028-07-28,18300.0,0.12,48,481.91,Wedding & Family,0.0,AAA - Low Risk,Current / Performing,0,0.0
LN-13456,CUST-0440,PRD-EDU,BR-111,20250921,2025-09-21,2029-09-21,62000.0,0.074,48,1496.2,MBA Program Tuition,0.0,BBB - Moderate Risk,Current / Performing,0,0.0
LN-13457,CUST-0538,PRD-SME,BR-106,20231017,2023-10-17,2030-10-16,363900.0,0.09,84,5854.82,New Branch Expansion,550365.87,BBB - Moderate Risk,Delinquent (31-60 DPD),0,0.0
LN-13458,CUST-0891,PRD-MORT,BR-110,20240428,2024-04-28,2044-04-28,304700.0,0.0875,240,2692.67,Primary Residence Purchase,480834.48,CCC - Elevated Risk,Current / Performing,0,0.0
LN-13459,CUST-0311,PRD-SME,BR-112,20231127,2023-11-27,2028-11-26,110100.0,0.09,60,2285.49,Technology & IT Modernization,137736.42,AAA - Low Risk,Delinquent (31-60 DPD),0,0.0
LN-13460,CUST-0293,PRD-SME,BR-101,20240215,2024-02-15,2031-02-14,421600.0,0.1,84,6999.06,Technology & IT Modernization,557421.53,BBB - Moderate Risk,Current / Performing,0,0.0
LN-13461,CUST-0005,PRD-EDU,BR-105,20230328,2023-03-28,2028-03-27,77800.0,0.074,60,1555.26,Medical Residency Program,0.0,BBB - Moderate Risk,Current / Performing,0,0.0
LN-13462,CUST-0765,PRD-MORT,BR-108,20240118,2024-01-18,2044-01-18,306400.0,0.1075,240,3110.66,Investment Property Buy,477219.57,DDD - High Default Probability,Current / Performing,0,0.0
LN-13463,CUST-0272,PRD-EQUIP,BR-107,20230927,2023-09-27,2028-09-26,85700.0,0.114,60,1880.47,Warehouse Forklift Fleet,116610.13,CCC - Elevated Risk,Current / Performing,0,0.0
LN-13464,CUST-0471,PRD-MORT,BR-105,20251016,2025-10-16,2045-10-16,519400.0,0.0575,240,3646.62,Primary Residence Purchase,677484.13,AAA - Low Risk,Current / Performing,0,0.0
LN-13465,CUST-0193,PRD-MORT,BR-106,20230811,2023-08-11,2043-08-11,386600.0,0.0675,240,2939.57,Primary Residence Purchase,550976.56,BBB - Moderate Risk,Current / Performing,0,0.0
LN-13466,CUST-0377,PRD-AUTO,BR-111,20241030,2024-10-30,2030-10-30,27500.0,0.083,72,486.2,New EV Purchase,32519.68,CCC - Elevated Risk,Current / Performing,0,0.0
LN-13467,CUST-0580,PRD-EDU,BR-103,20250318,2025-03-18,2029-03-18,41200.0,0.064,48,975.16,MBA Program Tuition,0.0,AAA - Low Risk,Delinquent (61-90 DPD),1,0.0
LN-13468,CUST-0730,PRD-PERS,BR-105,20251107,2025-11-07,2029-11-07,18100.0,0.12,48,476.64,Emergency Medical Exp,0.0,AAA - Low Risk,Current / Performing,0,0.0
LN-13469,CUST-0300,PRD-SME,BR-109,20250114,2025-01-14,2028-01-14,161500.0,0.09,36,5135.66,Inventory Stocking Q4,207472.29,BBB - Moderate Risk,Current / Performing,0,0.0
LN-13470,CUST-0968,PRD-PERS,BR-110,20230127,2023-01-27,2025-01-26,10200.0,0.12,24,480.15,Emergency Medical Exp,0.0,AAA - Low Risk,Fully Paid,0,0.0
LN-13471,CUST-0141,PRD-AUTO,BR-109,20260118,2026-01-18,2029-01-17,30100.0,0.103,36,975.49,Certified Pre-Owned Luxury Car,38583.82,DDD - High Default Probability,Current / Performing,0,0.0
LN-13472,CUST-0386,PRD-EDU,BR-106,20240712,2024-07-12,2028-07-12,11000.0,0.074,48,265.45,Medical Residency Program,0.0,CCC - Elevated Risk,Charged Off / Written Off,1,7357.32
LN-13473,CUST-0111,PRD-SME,BR-104,20231027,2023-10-27,2030-10-26,124800.0,0.09,84,2007.92,Working Capital Expansion,184824.72,AAA - Low Risk,Current / Performing,0,0.0
LN-13474,CUST-0868,PRD-MORT,BR-111,20240904,2024-09-04,2044-09-04,312800.0,0.0575,240,2196.12,Primary Residence Purchase,479771.48,AAA - Low Risk,Current / Performing,0,0.0
LN-13475,CUST-0373,PRD-EDU,BR-111,20260427,2026-04-27,2031-04-27,29100.0,0.074,60,581.72,Master of Science in Data Analytics,0.0,BBB - Moderate Risk,Current / Performing,0,0.0
LN-13476,CUST-0310,PRD-AUTO,BR-109,20230108,2023-01-08,2029-01-07,46400.0,0.073,72,797.78,Fleet Commercial Van,59688.21,AAA - Low Risk,Current / Performing,0,0.0
LN-13477,CUST-0192,PRD-SME,BR-110,20251215,2025-12-15,2028-12-14,233200.0,0.09,36,7415.7,Working Capital Expansion,319694.82,AAA - Low Risk,Delinquent (31-60 DPD),0,0.0
LN-13478,CUST-0601,PRD-MORT,BR-110,20230309,2023-03-09,2043-03-09,732400.0,0.0675,240,5568.91,Primary Residence Purchase,1103923.13,BBB - Moderate Risk,Current / Performing,0,0.0
LN-13479,CUST-0819,PRD-MORT,BR-101,20230623,2023-06-23,2043-06-23,230400.0,0.0575,240,1617.6,Refinance Existing Mortgage,306544.29,BBB - Moderate Risk,Current / Performing,0,0.0
LN-13480,CUST-0961,PRD-PERS,BR-109,20250509,2025-05-09,2029-05-09,19500.0,0.12,48,513.51,Wedding & Family,0.0,AAA - Low Risk,Current / Performing,0,0.0
LN-13481,CUST-0135,PRD-MORT,BR-101,20241120,2024-11-20,2044-11-20,220300.0,0.0675,240,1675.08,Refinance Existing Mortgage,267225.96,CCC - Elevated Risk,Current / Performing,0,0.0
LN-13482,CUST-0700,PRD-SME,BR-110,20250909,2025-09-09,2027-09-09,105200.0,0.12,24,4952.13,New Branch Expansion,133035.17,DDD - High Default Probability,Current / Performing,0,0.0
LN-13483,CUST-0813,PRD-MORT,BR-103,20231009,2023-10-09,2043-10-09,240400.0,0.0575,240,1687.81,Investment Property Buy,314343.88,CCC - Elevated Risk,Current / Performing,0,0.0
LN-13484,CUST-0312,PRD-AUTO,BR-107,20260603,2026-06-03,2032-06-02,19500.0,0.083,72,344.76,Certified Pre-Owned Luxury Car,23442.72,BBB - Moderate Risk,Current / Performing,0,0.0
LN-13485,CUST-0385,PRD-MORT,BR-110,20240803,2024-08-03,2044-08-03,388300.0,0.0875,240,3431.45,Refinance Existing Mortgage,521618.6,CCC - Elevated Risk,Current / Performing,0,0.0
LN-13486,CUST-0878,PRD-SME,BR-112,20231209,2023-12-09,2025-12-08,302200.0,0.1,24,13945.0,Working Capital Expansion,429672.87,BBB - Moderate Risk,Fully Paid,0,0.0
LN-13487,CUST-0744,PRD-EQUIP,BR-106,20240523,2024-05-23,2029-05-23,63500.0,0.094,60,1330.52,Warehouse Forklift Fleet,90178.66,BBB - Moderate Risk,Current / Performing,0,0.0
LN-13488,CUST-0417,PRD-MORT,BR-107,20250331,2025-03-31,2045-03-31,511000.0,0.0575,240,3587.65,Primary Residence Purchase,629691.8,AAA - Low Risk,Delinquent (31-60 DPD),0,0.0
LN-13489,CUST-0200,PRD-MORT,BR-112,20240106,2024-01-06,2044-01-06,722400.0,0.0575,240,5071.85,Investment Property Buy,1011609.89,AAA - Low Risk,Delinquent (31-60 DPD),0,0.0
LN-13490,CUST-0140,PRD-SME,BR-108,20240223,2024-02-23,2028-02-23,287600.0,0.1,48,7294.28,Inventory Stocking Q4,335640.65,CCC - Elevated Risk,Charged Off / Written Off,1,232056.59
LN-13491,CUST-0084,PRD-EDU,BR-110,20250503,2025-05-03,2032-05-02,32200.0,0.074,84,492.3,Medical Residency Program,0.0,BBB - Moderate Risk,Delinquent (31-60 DPD),0,0.0
LN-13492,CUST-0176,PRD-MORT,BR-109,20240217,2024-02-17,2044-02-17,560500.0,0.0675,240,4261.84,Primary Residence Purchase,817415.83,CCC - Elevated Risk,Delinquent (61-90 DPD),1,0.0
LN-13493,CUST-0158,PRD-AUTO,BR-107,20250710,2025-07-10,2031-07-10,15400.0,0.083,72,272.27,Fleet Commercial Van,19809.9,CCC - Elevated Risk,Current / Performing,0,0.0
LN-13494,CUST-0366,PRD-EDU,BR-110,20240915,2024-09-15,2028-09-15,38400.0,0.064,48,908.88,MBA Program Tuition,0.0,CCC - Elevated Risk,Delinquent (61-90 DPD),1,0.0
LN-13495,CUST-0756,PRD-EDU,BR-104,20241123,2024-11-23,2028-11-23,25100.0,0.094,48,629.39,Medical Residency Program,0.0,DDD - High Default Probability,Under Restructuring,1,0.0
LN-13496,CUST-0573,PRD-PERS,BR-110,20240209,2024-02-09,2027-02-08,9700.0,0.15,36,336.25,Debt Consolidation,0.0,CCC - Elevated Risk,Delinquent (31-60 DPD),0,0.0
LN-13497,CUST-0049,PRD-AUTO,BR-110,20250201,2025-02-01,2031-02-01,24500.0,0.073,72,421.24,Fleet Commercial Van,32309.17,CCC - Elevated Risk,Current / Performing,0,0.0
LN-13498,CUST-0495,PRD-PERS,BR-108,20240112,2024-01-12,2028-01-12,23800.0,0.12,48,626.75,Debt Consolidation,0.0,AAA - Low Risk,Current / Performing,0,0.0
LN-13499,CUST-0366,PRD-PERS,BR-110,20231029,2023-10-29,2027-10-29,19500.0,0.12,48,513.51,Emergency Medical Exp,0.0,CCC - Elevated Risk,Current / Performing,0,0.0
LN-13500,CUST-0662,PRD-SME,BR-109,20250820,2025-08-20,2029-08-20,249400.0,0.1,48,6325.43,Inventory Stocking Q4,333188.85,BBB - Moderate Risk,Current / Performing,0,0.0
LN-13501,CUST-0444,PRD-EDU,BR-111,20230217,2023-02-17,2033-02-16,45800.0,0.114,120,641.31,MBA Program Tuition,0.0,DDD - High Default Probability,Current / Performing,0,0.0
LN-13502,CUST-0360,PRD-SME,BR-108,20240924,2024-09-24,2031-09-24,112500.0,0.14,84,2108.25,Working Capital Expansion,178389.68,DDD - High Default Probability,Current / Performing,0,0.0
LN-13503,CUST-0832,PRD-SME,BR-112,20250317,2025-03-17,2032-03-16,301800.0,0.14,84,5655.74,Working Capital Expansion,390633.01,DDD - High Default Probability,Current / Performing,0,0.0
LN-13504,CUST-0035,PRD-MORT,BR-107,20231215,2023-12-15,2043-12-15,335100.0,0.0675,240,2547.98,Primary Residence Purchase,421423.36,BBB - Moderate Risk,Current / Performing,0,0.0
LN-13505,CUST-0707,PRD-MORT,BR-107,20230904,2023-09-04,2043-09-04,460300.0,0.0675,240,3499.96,Primary Residence Purchase,712552.49,BBB - Moderate Risk,Current / Performing,0,0.0
LN-13506,CUST-0106,PRD-EDU,BR-111,20231224,2023-12-24,2033-12-23,70600.0,0.094,120,909.69,MBA Program Tuition,0.0,CCC - Elevated Risk,Current / Performing,0,0.0
LN-13507,CUST-0778,PRD-PERS,BR-106,20250706,2025-07-06,2029-07-06,32500.0,0.15,48,904.5,Debt Consolidation,0.0,CCC - Elevated Risk,Current / Performing,0,0.0
LN-13508,CUST-0032,PRD-EQUIP,BR-107,20230221,2023-02-21,2028-02-21,78500.0,0.094,60,1644.81,Industrial CNC Machine,110987.99,BBB - Moderate Risk,Current / Performing,0,0.0
LN-13509,CUST-0100,PRD-MORT,BR-103,20250628,2025-06-28,2045-06-28,750400.0,0.0675,240,5705.77,Refinance Existing Mortgage,1154371.43,BBB - Moderate Risk,Current / Performing,0,0.0
LN-13510,CUST-0457,PRD-EQUIP,BR-106,20250809,2025-08-09,2030-08-09,125800.0,0.084,60,2574.92,Medical Imaging Scanner,186266.23,AAA - Low Risk,Delinquent (61-90 DPD),1,0.0
LN-13511,CUST-0770,PRD-AUTO,BR-112,20240208,2024-02-08,2029-02-07,63800.0,0.083,60,1302.81,Fleet Commercial Van,75460.75,BBB - Moderate Risk,Current / Performing,0,0.0
LN-13512,CUST-0483,PRD-MORT,BR-112,20250726,2025-07-26,2045-07-26,542400.0,0.0675,240,4124.21,Refinance Existing Mortgage,749597.08,BBB - Moderate Risk,Delinquent (61-90 DPD),1,0.0
LN-13513,CUST-0649,PRD-EQUIP,BR-102,20250818,2025-08-18,2029-08-18,37300.0,0.114,48,971.3,Industrial CNC Machine,56255.26,DDD - High Default Probability,Current / Performing,0,0.0
LN-13514,CUST-0920,PRD-EQUIP,BR-111,20240810,2024-08-10,2029-08-10,38300.0,0.094,60,802.5,Industrial CNC Machine,57824.94,CCC - Elevated Risk,Current / Performing,0,0.0
LN-13515,CUST-0622,PRD-EQUIP,BR-112,20251111,2025-11-11,2030-11-11,47200.0,0.134,60,1083.63,Warehouse Forklift Fleet,74716.55,DDD - High Default Probability,Current / Performing,0,0.0
LN-13516,CUST-0618,PRD-EQUIP,BR-105,20260426,2026-04-26,2031-04-26,119900.0,0.084,60,2454.16,Medical Imaging Scanner,166578.52,CCC - Elevated Risk,Current / Performing,0,0.0
LN-13517,CUST-0376,PRD-SME,BR-102,20240510,2024-05-10,2031-05-10,90200.0,0.1,84,1497.43,New Branch Expansion,111474.78,BBB - Moderate Risk,Current / Performing,0,0.0
LN-13518,CUST-0787,PRD-SME,BR-109,20250710,2025-07-10,2028-07-09,379000.0,0.09,36,12052.1,Working Capital Expansion,523471.87,AAA - Low Risk,Current / Performing,0,0.0
LN-13519,CUST-0373,PRD-AUTO,BR-111,20230908,2023-09-08,2026-09-07,24400.0,0.083,36,767.99,Certified Pre-Owned Luxury Car,32533.08,BBB - Moderate Risk,Fully Paid,0,0.0
LN-13520,CUST-0894,PRD-MORT,BR-105,20230408,2023-04-08,2043-04-08,531300.0,0.0575,240,3730.17,Investment Property Buy,808867.76,AAA - Low Risk,Current / Performing,0,0.0
LN-13521,CUST-0188,PRD-EQUIP,BR-104,20240914,2024-09-14,2027-09-14,103800.0,0.094,36,3320.17,Industrial CNC Machine,142180.52,BBB - Moderate Risk,Current / Performing,0,0.0
LN-13522,CUST-0852,PRD-AUTO,BR-107,20240216,2024-02-16,2030-02-15,24600.0,0.103,72,459.47,Fleet Commercial Van,33032.05,CCC - Elevated Risk,Current / Performing,0,0.0
LN-13523,CUST-0577,PRD-EDU,BR-107,20250901,2025-09-01,2029-09-01,11900.0,0.074,48,287.17,Medical Residency Program,0.0,CCC - Elevated Risk,Delinquent (61-90 DPD),1,0.0
LN-13524,CUST-0735,PRD-PERS,BR-111,20250209,2025-02-09,2029-02-09,7500.0,0.15,48,208.73,Emergency Medical Exp,0.0,CCC - Elevated Risk,Current / Performing,0,0.0
LN-13525,CUST-0821,PRD-PERS,BR-107,20230407,2023-04-07,2027-04-07,17900.0,0.15,48,498.17,Debt Consolidation,0.0,DDD - High Default Probability,In Default (90+ DPD),1,0.0
LN-13526,CUST-0004,PRD-EDU,BR-104,20250226,2025-02-26,2029-02-26,55900.0,0.074,48,1348.99,MBA Program Tuition,0.0,BBB - Moderate Risk,Current / Performing,0,0.0
LN-13527,CUST-0825,PRD-EDU,BR-103,20251219,2025-12-19,2035-12-19,28300.0,0.064,120,319.9,MBA Program Tuition,0.0,AAA - Low Risk,Current / Performing,0,0.0
LN-13528,CUST-0050,PRD-AUTO,BR-111,20230619,2023-06-19,2026-06-18,37200.0,0.083,36,1170.87,Certified Pre-Owned Luxury Car,53710.47,BBB - Moderate Risk,Fully Paid,0,0.0
LN-13529,CUST-0364,PRD-AUTO,BR-104,20260221,2026-02-21,2032-02-21,32900.0,0.083,72,581.67,Fleet Commercial Van,50944.45,BBB - Moderate Risk,Current / Performing,0,0.0
LN-13530,CUST-0665,PRD-SME,BR-107,20260224,2026-02-24,2033-02-23,241100.0,0.09,84,3879.08,New Branch Expansion,354418.76,AAA - Low Risk,Current / Performing,0,0.0
LN-13531,CUST-0728,PRD-PERS,BR-112,20230714,2023-07-14,2027-07-14,4800.0,0.12,48,126.4,Wedding & Family,0.0,AAA - Low Risk,Current / Performing,0,0.0
LN-13532,CUST-0414,PRD-EQUIP,BR-109,20241213,2024-12-13,2026-12-13,79300.0,0.094,24,3637.37,Warehouse Forklift Fleet,126729.89,BBB - Moderate Risk,Fully Paid,0,0.0
LN-13533,CUST-0732,PRD-EQUIP,BR-111,20241010,2024-10-10,2029-10-10,165000.0,0.114,60,3620.5,Warehouse Forklift Fleet,226352.7,CCC - Elevated Risk,Current / Performing,0,0.0
LN-13534,CUST-0698,PRD-AUTO,BR-108,20260416,2026-04-16,2029-04-15,58600.0,0.083,36,1844.43,New EV Purchase,78718.38,BBB - Moderate Risk,Delinquent (61-90 DPD),1,0.0
LN-13535,CUST-0706,PRD-EDU,BR-109,20230408,2023-04-08,2027-04-08,21500.0,0.064,48,508.88,Medical Residency Program,0.0,AAA - Low Risk,Current / Performing,0,0.0
LN-13536,CUST-0864,PRD-EDU,BR-101,20240425,2024-04-25,2028-04-25,68100.0,0.074,48,1643.41,Medical Residency Program,0.0,BBB - Moderate Risk,Current / Performing,0,0.0
LN-13537,CUST-0297,PRD-PERS,BR-109,20250511,2025-05-11,2029-05-11,25700.0,0.15,48,715.25,Home Renovation,0.0,CCC - Elevated Risk,Current / Performing,0,0.0
LN-13538,CUST-0606,PRD-EQUIP,BR-110,20230204,2023-02-04,2025-02-03,132600.0,0.094,24,6082.16,Medical Imaging Scanner,190546.77,BBB - Moderate Risk,Fully Paid,0,0.0
LN-13539,CUST-0231,PRD-MORT,BR-103,20231110,2023-11-10,2043-11-10,690500.0,0.0875,240,6102.02,Primary Residence Purchase,1052750.71,CCC - Elevated Risk,Current / Performing,0,0.0
LN-13540,CUST-0255,PRD-MORT,BR-103,20241122,2024-11-22,2044-11-22,528800.0,0.0675,240,4020.8,Primary Residence Purchase,792908.03,BBB - Moderate Risk,Current / Performing,0,0.0
LN-13541,CUST-0564,PRD-MORT,BR-110,20250827,2025-08-27,2045-08-27,736500.0,0.0575,240,5170.85,Refinance Existing Mortgage,1004431.05,BBB - Moderate Risk,Current / Performing,0,0.0
LN-13542,CUST-0965,PRD-SME,BR-109,20240305,2024-03-05,2031-03-05,206800.0,0.09,84,3327.22,Inventory Stocking Q4,258864.54,AAA - Low Risk,Current / Performing,0,0.0
LN-13543,CUST-0055,PRD-AUTO,BR-109,20241009,2024-10-09,2030-10-09,50100.0,0.123,72,987.3,New EV Purchase,72936.69,DDD - High Default Probability,Charged Off / Written Off,1,37559.41
LN-13544,CUST-0468,PRD-PERS,BR-103,20250720,2025-07-20,2026-07-20,23900.0,0.12,12,2123.49,Home Renovation,0.0,BBB - Moderate Risk,Fully Paid,0,0.0
LN-13545,CUST-0093,PRD-SME,BR-110,20251017,2025-10-17,2030-10-17,280500.0,0.1,60,5959.8,Technology & IT Modernization,389518.32,BBB - Moderate Risk,Current / Performing,0,0.0
LN-13546,CUST-0560,PRD-MORT,BR-108,20240902,2024-09-02,2054-09-02,786100.0,0.0675,360,5098.63,Primary Residence Purchase,1248826.69,BBB - Moderate Risk,Current / Performing,0,0.0
LN-13547,CUST-0605,PRD-AUTO,BR-108,20231017,2023-10-17,2026-10-16,45700.0,0.103,36,1481.06,Certified Pre-Owned Luxury Car,63501.33,CCC - Elevated Risk,Fully Paid,0,0.0
LN-13548,CUST-0600,PRD-EDU,BR-110,20260505,2026-05-05,2030-05-05,62200.0,0.064,48,1472.2,Medical Residency Program,0.0,AAA - Low Risk,Current / Performing,0,0.0
LN-13549,CUST-0931,PRD-EDU,BR-109,20230604,2023-06-04,2033-06-03,20000.0,0.074,120,236.36,Medical Residency Program,0.0,BBB - Moderate Risk,Current / Performing,0,0.0
LN-13550,CUST-0692,PRD-PERS,BR-110,20260312,2026-03-12,2030-03-12,11000.0,0.17,48,317.41,Emergency Medical Exp,0.0,DDD - High Default Probability,Current / Performing,0,0.0
LN-13551,CUST-0354,PRD-EQUIP,BR-112,20250819,2025-08-19,2027-08-19,88000.0,0.084,24,3996.08,Warehouse Forklift Fleet,101788.27,CCC - Elevated Risk,Delinquent (61-90 DPD),1,0.0
LN-13552,CUST-0316,PRD-EDU,BR-101,20240308,2024-03-08,2029-03-08,17000.0,0.064,60,331.83,MBA Program Tuition,0.0,BBB - Moderate Risk,Current / Performing,0,0.0
LN-13553,CUST-0484,PRD-AUTO,BR-108,20240525,2024-05-25,2029-05-25,21700.0,0.073,60,432.76,New EV Purchase,34686.01,BBB - Moderate Risk,Current / Performing,0,0.0
LN-13554,CUST-0915,PRD-EQUIP,BR-102,20231111,2023-11-11,2028-11-10,166600.0,0.094,60,3490.77,Warehouse Forklift Fleet,206471.83,BBB - Moderate Risk,Current / Performing,0,0.0
LN-13555,CUST-0503,PRD-SME,BR-111,20250223,2025-02-23,2028-02-23,243300.0,0.1,36,7850.61,New Branch Expansion,294112.81,BBB - Moderate Risk,Current / Performing,0,0.0
LN-13556,CUST-0193,PRD-SME,BR-106,20230618,2023-06-18,2028-06-17,131400.0,0.1,60,2791.86,New Branch Expansion,207746.48,BBB - Moderate Risk,Current / Performing,0,0.0
LN-13557,CUST-0881,PRD-AUTO,BR-101,20260407,2026-04-07,2032-04-06,52100.0,0.083,72,921.13,Certified Pre-Owned Luxury Car,60396.14,BBB - Moderate Risk,Current / Performing,0,0.0
LN-13558,CUST-0985,PRD-EDU,BR-104,20231126,2023-11-26,2027-11-26,41800.0,0.064,48,989.36,MBA Program Tuition,0.0,AAA - Low Risk,Current / Performing,0,0.0
LN-13559,CUST-0849,PRD-MORT,BR-106,20230503,2023-05-03,2043-05-03,208800.0,0.1075,240,2119.8,Investment Property Buy,257487.88,DDD - High Default Probability,In Default (90+ DPD),1,0.0
LN-13560,CUST-0376,PRD-MORT,BR-102,20240704,2024-07-04,2044-07-04,737100.0,0.0675,240,5604.64,Investment Property Buy,892124.45,BBB - Moderate Risk,Current / Performing,0,0.0
LN-13561,CUST-0315,PRD-SME,BR-105,20230814,2023-08-14,2025-08-13,231800.0,0.09,24,10589.72,New Branch Expansion,306248.52,AAA - Low Risk,Fully Paid,0,0.0
LN-13562,CUST-0196,PRD-EDU,BR-101,20241121,2024-11-21,2028-11-21,42000.0,0.064,48,994.09,Medical Residency Program,0.0,BBB - Moderate Risk,Current / Performing,0,0.0
LN-13563,CUST-0840,PRD-AUTO,BR-101,20260411,2026-04-11,2029-04-10,55200.0,0.083,36,1737.42,Fleet Commercial Van,63827.65,BBB - Moderate Risk,Delinquent (31-60 DPD),0,0.0
LN-13564,CUST-0447,PRD-EDU,BR-107,20240616,2024-06-16,2029-06-16,42800.0,0.074,60,855.59,Master of Science in Data Analytics,0.0,BBB - Moderate Risk,Under Restructuring,1,0.0
LN-13565,CUST-0868,PRD-MORT,BR-111,20231208,2023-12-08,2043-12-08,640900.0,0.0575,240,4499.65,Investment Property Buy,790011.7,AAA - Low Risk,Current / Performing,0,0.0
LN-13566,CUST-0045,PRD-EQUIP,BR-111,20251115,2025-11-15,2030-11-15,148100.0,0.114,60,3249.68,Industrial CNC Machine,199879.78,CCC - Elevated Risk,Current / Performing,0,0.0
LN-13567,CUST-0711,PRD-EQUIP,BR-107,20231009,2023-10-09,2028-10-08,43400.0,0.094,60,909.36,Medical Imaging Scanner,61375.87,BBB - Moderate Risk,Delinquent (31-60 DPD),0,0.0
LN-13568,CUST-0561,PRD-MORT,BR-112,20250115,2025-01-15,2045-01-15,584400.0,0.0675,240,4443.57,Refinance Existing Mortgage,726233.2,CCC - Elevated Risk,Delinquent (31-60 DPD),0,0.0
LN-13569,CUST-0052,PRD-EQUIP,BR-112,20240204,2024-02-04,2029-02-03,127800.0,0.114,60,2804.24,Warehouse Forklift Fleet,149593.37,CCC - Elevated Risk,Current / Performing,0,0.0
LN-13570,CUST-0315,PRD-EDU,BR-105,20230217,2023-02-17,2027-02-17,38200.0,0.064,48,904.15,MBA Program Tuition,0.0,AAA - Low Risk,Current / Performing,0,0.0
LN-13571,CUST-0060,PRD-PERS,BR-101,20240607,2024-06-07,2028-06-07,8300.0,0.12,48,218.57,Home Renovation,0.0,AAA - Low Risk,Current / Performing,0,0.0
LN-13572,CUST-0805,PRD-SME,BR-101,20250819,2025-08-19,2032-08-18,403800.0,0.1,84,6703.56,Working Capital Expansion,506545.55,BBB - Moderate Risk,Current / Performing,0,0.0
LN-13573,CUST-0862,PRD-EDU,BR-105,20230306,2023-03-06,2033-03-05,18500.0,0.074,120,218.63,MBA Program Tuition,0.0,CCC - Elevated Risk,Current / Performing,0,0.0
LN-13574,CUST-0119,PRD-AUTO,BR-106,20250803,2025-08-03,2028-08-02,31700.0,0.083,36,997.76,Fleet Commercial Van,38026.9,BBB - Moderate Risk,Delinquent (31-60 DPD),0,0.0
LN-13575,CUST-0779,PRD-EQUIP,BR-105,20250216,2025-02-16,2030-02-16,69400.0,0.084,60,1420.5,Warehouse Forklift Fleet,104836.33,CCC - Elevated Risk,Current / Performing,0,0.0
LN-13576,CUST-0767,PRD-MORT,BR-106,20251003,2025-10-03,2045-10-03,316000.0,0.0675,240,2402.75,Refinance Existing Mortgage,433974.38,BBB - Moderate Risk,Current / Performing,0,0.0
LN-13577,CUST-0362,PRD-EQUIP,BR-106,20250801,2025-08-01,2030-08-01,147100.0,0.094,60,3082.19,Warehouse Forklift Fleet,180613.25,BBB - Moderate Risk,Current / Performing,0,0.0
LN-13578,CUST-0092,PRD-MORT,BR-106,20250404,2025-04-04,2045-04-04,829900.0,0.1075,240,8425.39,Investment Property Buy,1148217.68,DDD - High Default Probability,Current / Performing,0,0.0
LN-13579,CUST-0910,PRD-PERS,BR-104,20240221,2024-02-21,2026-02-20,19000.0,0.15,24,921.25,Home Renovation,0.0,CCC - Elevated Risk,Fully Paid,0,0.0
LN-13580,CUST-0513,PRD-PERS,BR-108,20240918,2024-09-18,2026-09-18,17200.0,0.12,24,809.66,Emergency Medical Exp,0.0,AAA - Low Risk,Fully Paid,0,0.0
LN-13581,CUST-0979,PRD-AUTO,BR-110,20250929,2025-09-29,2028-09-28,35600.0,0.073,36,1104.11,Fleet Commercial Van,46848.74,AAA - Low Risk,Current / Performing,0,0.0
LN-13582,CUST-0184,PRD-EQUIP,BR-104,20250802,2025-08-02,2030-08-02,124100.0,0.084,60,2540.12,Industrial CNC Machine,195244.54,AAA - Low Risk,Current / Performing,0,0.0
LN-13583,CUST-0174,PRD-MORT,BR-105,20230404,2023-04-04,2043-04-04,463600.0,0.0575,240,3254.86,Investment Property Buy,734363.68,AAA - Low Risk,Current / Performing,0,0.0
LN-13584,CUST-0409,PRD-PERS,BR-104,20230504,2023-05-04,2026-05-03,27200.0,0.17,36,969.75,Wedding & Family,0.0,DDD - High Default Probability,In Default (90+ DPD),1,0.0
LN-13585,CUST-0525,PRD-AUTO,BR-108,20250913,2025-09-13,2028-09-12,41500.0,0.083,36,1306.21,Fleet Commercial Van,60476.58,BBB - Moderate Risk,Current / Performing,0,0.0
LN-13586,CUST-0025,PRD-MORT,BR-111,20231014,2023-10-14,2043-10-14,673700.0,0.0675,240,5122.57,Investment Property Buy,1050883.93,BBB - Moderate Risk,Current / Performing,0,0.0
LN-13587,CUST-0293,PRD-PERS,BR-101,20230624,2023-06-24,2027-06-24,31900.0,0.13,48,855.8,Emergency Medical Exp,0.0,BBB - Moderate Risk,Delinquent (31-60 DPD),0,0.0
LN-13588,CUST-0192,PRD-SME,BR-110,20241023,2024-10-23,2028-10-23,160400.0,0.09,48,3991.56,Technology & IT Modernization,243933.49,AAA - Low Risk,Current / Performing,0,0.0
LN-13589,CUST-0297,PRD-SME,BR-109,20250715,2025-07-15,2032-07-14,255000.0,0.12,84,4501.45,Working Capital Expansion,350613.96,CCC - Elevated Risk,Current / Performing,0,0.0
LN-13590,CUST-0315,PRD-AUTO,BR-105,20250217,2025-02-17,2031-02-17,44000.0,0.073,72,756.51,Fleet Commercial Van,60884.94,AAA - Low Risk,Current / Performing,0,0.0
LN-13591,CUST-0782,PRD-EQUIP,BR-107,20250711,2025-07-11,2028-07-10,155900.0,0.094,36,4986.65,Warehouse Forklift Fleet,183515.06,BBB - Moderate Risk,Current / Performing,0,0.0
LN-13592,CUST-0435,PRD-AUTO,BR-102,20250610,2025-06-10,2031-06-10,45400.0,0.103,72,847.96,Fleet Commercial Van,61222.06,CCC - Elevated Risk,Current / Performing,0,0.0
LN-13593,CUST-0250,PRD-MORT,BR-101,20250405,2025-04-05,2045-04-05,361200.0,0.0875,240,3191.96,Primary Residence Purchase,472524.11,CCC - Elevated Risk,Current / Performing,0,0.0
LN-13594,CUST-0865,PRD-PERS,BR-103,20240808,2024-08-08,2028-08-08,23000.0,0.12,48,605.68,Wedding & Family,0.0,AAA - Low Risk,Current / Performing,0,0.0
LN-13595,CUST-0792,PRD-MORT,BR-106,20260125,2026-01-25,2046-01-25,777400.0,0.0675,240,5911.07,Refinance Existing Mortgage,997359.26,CCC - Elevated Risk,Current / Performing,0,0.0
LN-13596,CUST-0599,PRD-EDU,BR-108,20240929,2024-09-29,2031-09-29,22300.0,0.064,84,330.06,Medical Residency Program,0.0,AAA - Low Risk,Current / Performing,0,0.0
LN-13597,CUST-0913,PRD-PERS,BR-106,20240322,2024-03-22,2028-03-22,26100.0,0.12,48,687.31,Emergency Medical Exp,0.0,CCC - Elevated Risk,Current / Performing,0,0.0
LN-13598,CUST-0247,PRD-PERS,BR-109,20250811,2025-08-11,2029-08-11,32200.0,0.15,48,896.15,Wedding & Family,0.0,DDD - High Default Probability,Charged Off / Written Off,1,19313.98
LN-13599,CUST-0397,PRD-AUTO,BR-103,20240919,2024-09-19,2027-09-19,50600.0,0.073,36,1569.33,Fleet Commercial Van,68978.73,CCC - Elevated Risk,Current / Performing,0,0.0
LN-13600,CUST-0308,PRD-PERS,BR-106,20250112,2025-01-12,2029-01-12,25900.0,0.13,48,694.83,Wedding & Family,0.0,BBB - Moderate Risk,Current / Performing,0,0.0
LN-13601,CUST-0680,PRD-SME,BR-112,20230522,2023-05-22,2030-05-21,259500.0,0.14,84,4863.03,Technology & IT Modernization,360294.95,DDD - High Default Probability,Current / Performing,0,0.0
LN-13602,CUST-0417,PRD-SME,BR-107,20230429,2023-04-29,2030-04-28,141700.0,0.09,84,2279.82,Inventory Stocking Q4,203258.6,AAA - Low Risk,Current / Performing,0,0.0
LN-13603,CUST-0146,PRD-MORT,BR-103,20250501,2025-05-01,2045-05-01,421000.0,0.0575,240,2955.77,Primary Residence Purchase,609175.72,BBB - Moderate Risk,Current / Performing,0,0.0
LN-13604,CUST-0672,PRD-EQUIP,BR-112,20231014,2023-10-14,2028-10-13,92400.0,0.094,60,1936.06,Warehouse Forklift Fleet,116564.59,CCC - Elevated Risk,Charged Off / Written Off,1,44463.45
LN-13605,CUST-0719,PRD-AUTO,BR-108,20251110,2025-11-10,2031-11-10,15400.0,0.123,72,303.48,Certified Pre-Owned Luxury Car,21373.72,DDD - High Default Probability,Current / Performing,0,0.0
LN-13606,CUST-0738,PRD-SME,BR-101,20251218,2025-12-18,2032-12-17,331100.0,0.14,84,6204.82,Technology & IT Modernization,420243.42,DDD - High Default Probability,Delinquent (31-60 DPD),0,0.0
LN-13607,CUST-0495,PRD-MORT,BR-108,20230101,2023-01-01,2043-01-01,654900.0,0.0575,240,4597.94,Refinance Existing Mortgage,879784.97,AAA - Low Risk,Current / Performing,0,0.0
LN-13608,CUST-0103,PRD-AUTO,BR-107,20240608,2024-06-08,2028-06-08,51400.0,0.083,48,1262.07,Certified Pre-Owned Luxury Car,78014.03,BBB - Moderate Risk,Current / Performing,0,0.0
LN-13609,CUST-0038,PRD-SME,BR-101,20240207,2024-02-07,2026-02-06,441800.0,0.1,24,20386.83,Working Capital Expansion,569029.52,CCC - Elevated Risk,Fully Paid,0,0.0
LN-13610,CUST-0204,PRD-EDU,BR-107,20241022,2024-10-22,2034-10-22,62800.0,0.094,120,809.18,MBA Program Tuition,0.0,CCC - Elevated Risk,Under Restructuring,1,0.0
LN-13611,CUST-0279,PRD-SME,BR-106,20230325,2023-03-25,2026-03-24,76800.0,0.14,36,2624.84,New Branch Expansion,116645.45,DDD - High Default Probability,Fully Paid,0,0.0
LN-13612,CUST-0613,PRD-EDU,BR-112,20240105,2024-01-05,2028-01-05,69600.0,0.094,48,1745.25,Master of Science in Data Analytics,0.0,DDD - High Default Probability,Current / Performing,0,0.0
LN-13613,CUST-0756,PRD-PERS,BR-104,20250503,2025-05-03,2026-05-03,13700.0,0.15,12,1236.54,Debt Consolidation,0.0,DDD - High Default Probability,Under Restructuring,1,0.0
LN-13614,CUST-0947,PRD-AUTO,BR-105,20250216,2025-02-16,2031-02-16,32200.0,0.073,72,553.63,Certified Pre-Owned Luxury Car,46954.76,BBB - Moderate Risk,Current / Performing,0,0.0
LN-13615,CUST-0816,PRD-AUTO,BR-103,20260514,2026-05-14,2032-05-13,57000.0,0.103,72,1064.62,Certified Pre-Owned Luxury Car,65703.78,CCC - Elevated Risk,Current / Performing,0,0.0
LN-13616,CUST-0447,PRD-MORT,BR-107,20250516,2025-05-16,2045-05-16,656500.0,0.0675,240,4991.79,Primary Residence Purchase,796965.42,BBB - Moderate Risk,Current / Performing,0,0.0
LN-13617,CUST-0412,PRD-MORT,BR-103,20250404,2025-04-04,2045-04-04,678400.0,0.0575,240,4762.93,Investment Property Buy,1060465.73,BBB - Moderate Risk,Delinquent (31-60 DPD),0,0.0
LN-13618,CUST-0531,PRD-EQUIP,BR-110,20240419,2024-04-19,2029-04-19,137500.0,0.084,60,2814.4,Warehouse Forklift Fleet,162224.98,AAA - Low Risk,Delinquent (31-60 DPD),0,0.0
LN-13619,CUST-0283,PRD-SME,BR-108,20250206,2025-02-06,2032-02-06,57100.0,0.1,84,947.93,Working Capital Expansion,66197.7,BBB - Moderate Risk,Current / Performing,0,0.0
LN-13620,CUST-0329,PRD-AUTO,BR-108,20250618,2025-06-18,2029-06-18,50600.0,0.103,48,1290.65,Fleet Commercial Van,63615.87,CCC - Elevated Risk,In Default (90+ DPD),1,0.0
LN-13621,CUST-0801,PRD-AUTO,BR-109,20250717,2025-07-17,2031-07-17,20300.0,0.083,72,358.91,Certified Pre-Owned Luxury Car,28799.18,BBB - Moderate Risk,Current / Performing,0,0.0
LN-13622,CUST-0795,PRD-AUTO,BR-107,20251103,2025-11-03,2028-11-02,57200.0,0.083,36,1800.37,Fleet Commercial Van,72643.65,BBB - Moderate Risk,Delinquent (31-60 DPD),0,0.0
LN-13623,CUST-0786,PRD-EDU,BR-105,20230629,2023-06-29,2033-06-28,39800.0,0.114,120,557.3,Master of Science in Data Analytics,0.0,DDD - High Default Probability,Charged Off / Written Off,1,25729.39
LN-13624,CUST-0922,PRD-AUTO,BR-112,20240207,2024-02-07,2027-02-06,47300.0,0.123,36,1577.82,Certified Pre-Owned Luxury Car,71901.85,DDD - High Default Probability,Current / Performing,0,0.0
LN-13625,CUST-0765,PRD-AUTO,BR-108,20230908,2023-09-08,2028-09-07,61400.0,0.123,60,1375.14,Fleet Commercial Van,80060.57,DDD - High Default Probability,Charged Off / Written Off,1,29574.98
LN-13626,CUST-0982,PRD-MORT,BR-105,20250913,2025-09-13,2045-09-13,635200.0,0.0575,240,4459.63,Primary Residence Purchase,856854.03,AAA - Low Risk,Current / Performing,0,0.0
LN-13627,CUST-0956,PRD-AUTO,BR-106,20231021,2023-10-21,2029-10-20,53800.0,0.123,72,1060.21,Certified Pre-Owned Luxury Car,71905.93,DDD - High Default Probability,Current / Performing,0,0.0
LN-13628,CUST-0081,PRD-MORT,BR-107,20260324,2026-03-24,2046-03-24,284000.0,0.0675,240,2159.43,Refinance Existing Mortgage,371073.05,BBB - Moderate Risk,Current / Performing,0,0.0
LN-13629,CUST-0945,PRD-PERS,BR-102,20231119,2023-11-19,2027-11-19,24500.0,0.17,48,706.95,Wedding & Family,0.0,DDD - High Default Probability,Current / Performing,0,0.0
LN-13630,CUST-0641,PRD-EDU,BR-107,20230315,2023-03-15,2027-03-15,35900.0,0.094,48,900.21,MBA Program Tuition,0.0,CCC - Elevated Risk,Current / Performing,0,0.0
LN-13631,CUST-0686,PRD-EDU,BR-110,20230911,2023-09-11,2033-09-10,63800.0,0.074,120,753.99,Master of Science in Data Analytics,0.0,BBB - Moderate Risk,Current / Performing,0,0.0
LN-13632,CUST-0686,PRD-AUTO,BR-110,20251006,2025-10-06,2029-10-06,43100.0,0.083,48,1058.28,Fleet Commercial Van,59058.71,BBB - Moderate Risk,Current / Performing,0,0.0
LN-13633,CUST-0049,PRD-EQUIP,BR-110,20260115,2026-01-15,2028-01-15,124500.0,0.084,24,5653.54,Industrial CNC Machine,156182.36,CCC - Elevated Risk,Current / Performing,0,0.0
LN-13634,CUST-0901,PRD-PERS,BR-106,20240601,2024-06-01,2028-06-01,20100.0,0.12,48,529.31,Debt Consolidation,0.0,AAA - Low Risk,Current / Performing,0,0.0
LN-13635,CUST-0254,PRD-AUTO,BR-106,20251003,2025-10-03,2031-10-03,43300.0,0.123,72,853.29,Certified Pre-Owned Luxury Car,59790.83,DDD - High Default Probability,Current / Performing,0,0.0
LN-13636,CUST-0880,PRD-PERS,BR-102,20231219,2023-12-19,2027-12-19,24200.0,0.15,48,673.5,Emergency Medical Exp,0.0,CCC - Elevated Risk,Delinquent (31-60 DPD),0,0.0
LN-13637,CUST-0371,PRD-AUTO,BR-110,20250425,2025-04-25,2028-04-24,57900.0,0.103,36,1876.44,New EV Purchase,70276.68,CCC - Elevated Risk,Current / Performing,0,0.0
LN-13638,CUST-0481,PRD-EQUIP,BR-106,20250917,2025-09-17,2027-09-17,53700.0,0.114,24,2512.83,Industrial CNC Machine,68103.07,CCC - Elevated Risk,Current / Performing,0,0.0
LN-13639,CUST-0547,PRD-PERS,BR-109,20241113,2024-11-13,2028-11-13,13400.0,0.12,48,352.87,Home Renovation,0.0,CCC - Elevated Risk,In Default (90+ DPD),1,0.0
LN-13640,CUST-0903,PRD-MORT,BR-107,20250313,2025-03-13,2045-03-13,538000.0,0.0575,240,3777.21,Investment Property Buy,799375.69,AAA - Low Risk,Current / Performing,0,0.0
LN-13641,CUST-0227,PRD-MORT,BR-102,20250212,2025-02-12,2045-02-12,649200.0,0.0575,240,4557.93,Primary Residence Purchase,825291.32,BBB - Moderate Risk,Current / Performing,0,0.0
LN-13642,CUST-0046,PRD-SME,BR-108,20240624,2024-06-24,2031-06-24,114100.0,0.14,84,2138.24,New Branch Expansion,152116.51,DDD - High Default Probability,Current / Performing,0,0.0
LN-13643,CUST-0210,PRD-EQUIP,BR-112,20230709,2023-07-09,2026-07-08,116200.0,0.094,36,3716.8,Medical Imaging Scanner,152538.56,BBB - Moderate Risk,Fully Paid,0,0.0
LN-13644,CUST-0604,PRD-PERS,BR-101,20241022,2024-10-22,2028-10-22,10400.0,0.12,48,273.87,Debt Consolidation,0.0,AAA - Low Risk,Delinquent (31-60 DPD),0,0.0
LN-13645,CUST-0518,PRD-SME,BR-109,20260508,2026-05-08,2033-05-07,240800.0,0.1,84,3997.57,Inventory Stocking Q4,358775.84,BBB - Moderate Risk,Delinquent (31-60 DPD),0,0.0
LN-13646,CUST-0336,PRD-AUTO,BR-111,20241024,2024-10-24,2030-10-24,18100.0,0.083,72,320.01,New EV Purchase,28276.7,CCC - Elevated Risk,Current / Performing,0,0.0
LN-13647,CUST-0464,PRD-AUTO,BR-112,20241012,2024-10-12,2027-10-12,19600.0,0.123,36,653.81,New EV Purchase,27120.55,DDD - High Default Probability,In Default (90+ DPD),1,0.0
LN-13648,CUST-0676,PRD-PERS,BR-110,20230909,2023-09-09,2027-09-09,22800.0,0.13,48,611.67,Home Renovation,0.0,BBB - Moderate Risk,Current / Performing,0,0.0
LN-13649,CUST-0594,PRD-PERS,BR-112,20251206,2025-12-06,2029-12-06,26300.0,0.12,48,692.58,Debt Consolidation,0.0,CCC - Elevated Risk,Delinquent (31-60 DPD),0,0.0
LN-13650,CUST-0713,PRD-EDU,BR-108,20240424,2024-04-24,2029-04-24,60600.0,0.074,60,1211.42,MBA Program Tuition,0.0,BBB - Moderate Risk,Current / Performing,0,0.0
LN-13651,CUST-0126,PRD-SME,BR-107,20240929,2024-09-29,2029-09-29,143600.0,0.09,60,2980.9,New Branch Expansion,178182.82,CCC - Elevated Risk,Current / Performing,0,0.0
LN-13652,CUST-0400,PRD-AUTO,BR-106,20240320,2024-03-20,2027-03-20,29000.0,0.103,36,939.84,Certified Pre-Owned Luxury Car,39835.17,CCC - Elevated Risk,Under Restructuring,1,0.0
LN-13653,CUST-0835,PRD-SME,BR-101,20240529,2024-05-29,2031-05-29,147300.0,0.09,84,2369.92,Technology & IT Modernization,192156.17,BBB - Moderate Risk,Current / Performing,0,0.0
LN-13654,CUST-0231,PRD-AUTO,BR-103,20250506,2025-05-06,2028-05-05,26500.0,0.103,36,858.82,Fleet Commercial Van,42041.8,CCC - Elevated Risk,Delinquent (61-90 DPD),1,0.0
LN-13655,CUST-0853,PRD-EQUIP,BR-107,20231210,2023-12-10,2028-12-09,134000.0,0.084,60,2742.76,Warehouse Forklift Fleet,206726.84,AAA - Low Risk,Current / Performing,0,0.0
LN-13656,CUST-0587,PRD-AUTO,BR-112,20241013,2024-10-13,2029-10-13,29200.0,0.083,60,596.27,Certified Pre-Owned Luxury Car,43279.3,BBB - Moderate Risk,Delinquent (61-90 DPD),1,0.0
LN-13657,CUST-0940,PRD-PERS,BR-103,20240527,2024-05-27,2028-05-27,29700.0,0.13,48,796.78,Wedding & Family,0.0,CCC - Elevated Risk,Current / Performing,0,0.0
LN-13658,CUST-0822,PRD-MORT,BR-107,20251130,2025-11-30,2045-11-30,230700.0,0.0675,240,1754.16,Investment Property Buy,333762.77,BBB - Moderate Risk,Current / Performing,0,0.0
LN-13659,CUST-0263,PRD-AUTO,BR-107,20240316,2024-03-16,2030-03-16,60900.0,0.123,72,1200.13,Fleet Commercial Van,94022.92,DDD - High Default Probability,Current / Performing,0,0.0
LN-13660,CUST-0679,PRD-EDU,BR-104,20230408,2023-04-08,2027-04-08,48200.0,0.074,48,1163.17,Master of Science in Data Analytics,0.0,BBB - Moderate Risk,Current / Performing,0,0.0
LN-13661,CUST-0640,PRD-AUTO,BR-106,20230222,2023-02-22,2028-02-22,59500.0,0.123,60,1332.58,Fleet Commercial Van,77513.92,DDD - High Default Probability,Under Restructuring,1,0.0
LN-13662,CUST-0544,PRD-EDU,BR-103,20250610,2025-06-10,2035-06-10,52800.0,0.094,120,680.33,Medical Residency Program,0.0,CCC - Elevated Risk,Current / Performing,0,0.0
LN-13663,CUST-0082,PRD-PERS,BR-108,20251218,2025-12-18,2029-12-18,13500.0,0.13,48,362.17,Debt Consolidation,0.0,BBB - Moderate Risk,Current / Performing,0,0.0
LN-13664,CUST-0989,PRD-EDU,BR-106,20230814,2023-08-14,2027-08-14,47200.0,0.064,48,1117.17,Medical Residency Program,0.0,CCC - Elevated Risk,In Default (90+ DPD),1,0.0
LN-13665,CUST-0822,PRD-EQUIP,BR-107,20240223,2024-02-23,2027-02-22,55500.0,0.094,36,1775.24,Industrial CNC Machine,73866.62,BBB - Moderate Risk,Delinquent (61-90 DPD),1,0.0
LN-13666,CUST-0369,PRD-AUTO,BR-103,20240904,2024-09-04,2030-09-04,51200.0,0.083,72,905.22,Fleet Commercial Van,76422.06,BBB - Moderate Risk,Current / Performing,0,0.0
LN-13667,CUST-0922,PRD-MORT,BR-112,20260603,2026-06-03,2046-06-03,279900.0,0.1075,240,2841.63,Primary Residence Purchase,445002.22,DDD - High Default Probability,Current / Performing,0,0.0
LN-13668,CUST-0270,PRD-MORT,BR-112,20230120,2023-01-20,2043-01-20,270700.0,0.0675,240,2058.31,Refinance Existing Mortgage,337672.83,BBB - Moderate Risk,Current / Performing,0,0.0
LN-13669,CUST-0908,PRD-PERS,BR-103,20251111,2025-11-11,2029-11-11,23700.0,0.12,48,624.11,Debt Consolidation,0.0,CCC - Elevated Risk,Current / Performing,0,0.0
LN-13670,CUST-0468,PRD-PERS,BR-103,20250908,2025-09-08,2029-09-08,14000.0,0.12,48,368.67,Wedding & Family,0.0,BBB - Moderate Risk,Current / Performing,0,0.0
LN-13671,CUST-0776,PRD-MORT,BR-103,20260321,2026-03-21,2046-03-21,773700.0,0.0875,240,6837.27,Refinance Existing Mortgage,1195550.87,CCC - Elevated Risk,Current / Performing,0,0.0
LN-13672,CUST-0855,PRD-AUTO,BR-106,20260331,2026-03-31,2032-03-30,43400.0,0.123,72,855.26,Certified Pre-Owned Luxury Car,51563.74,DDD - High Default Probability,Current / Performing,0,0.0
LN-13673,CUST-0800,PRD-EDU,BR-103,20250617,2025-06-17,2030-06-17,57900.0,0.094,60,1213.18,Master of Science in Data Analytics,0.0,DDD - High Default Probability,In Default (90+ DPD),1,0.0
LN-13674,CUST-0101,PRD-EQUIP,BR-109,20241113,2024-11-13,2029-11-13,142900.0,0.084,60,2924.93,Industrial CNC Machine,168957.13,BBB - Moderate Risk,Current / Performing,0,0.0
LN-13675,CUST-0955,PRD-AUTO,BR-109,20250804,2025-08-04,2031-08-04,22800.0,0.083,72,403.11,New EV Purchase,33846.9,BBB - Moderate Risk,Current / Performing,0,0.0
LN-13676,CUST-0306,PRD-EQUIP,BR-106,20260222,2026-02-22,2028-02-22,61300.0,0.094,24,2811.74,Medical Imaging Scanner,89822.08,BBB - Moderate Risk,Current / Performing,0,0.0
LN-13677,CUST-0631,PRD-EQUIP,BR-112,20240104,2024-01-04,2029-01-03,38400.0,0.114,60,842.59,Warehouse Forklift Fleet,45689.69,CCC - Elevated Risk,Current / Performing,0,0.0
LN-13678,CUST-0276,PRD-MORT,BR-101,20251130,2025-11-30,2045-11-30,211700.0,0.0875,240,1870.82,Primary Residence Purchase,308195.42,CCC - Elevated Risk,Current / Performing,0,0.0
LN-13679,CUST-0143,PRD-PERS,BR-112,20231022,2023-10-22,2027-10-22,29100.0,0.12,48,766.31,Wedding & Family,0.0,CCC - Elevated Risk,Charged Off / Written Off,1,21596.46
LN-13680,CUST-0650,PRD-EQUIP,BR-105,20230518,2023-05-18,2028-05-17,149300.0,0.094,60,3128.29,Medical Imaging Scanner,214845.82,CCC - Elevated Risk,Current / Performing,0,0.0
LN-13681,CUST-0837,PRD-PERS,BR-102,20241002,2024-10-02,2028-10-02,8500.0,0.13,48,228.03,Emergency Medical Exp,0.0,BBB - Moderate Risk,Delinquent (31-60 DPD),0,0.0
LN-13682,CUST-0319,PRD-MORT,BR-112,20250519,2025-05-19,2045-05-19,627700.0,0.0875,240,5547.05,Refinance Existing Mortgage,896929.27,CCC - Elevated Risk,Current / Performing,0,0.0
LN-13683,CUST-0523,PRD-EDU,BR-109,20250823,2025-08-23,2030-08-23,24800.0,0.064,60,484.08,MBA Program Tuition,0.0,CCC - Elevated Risk,Delinquent (31-60 DPD),0,0.0
LN-13684,CUST-0446,PRD-SME,BR-103,20231113,2023-11-13,2026-11-12,336300.0,0.09,36,10694.25,Technology & IT Modernization,397719.41,BBB - Moderate Risk,Fully Paid,0,0.0
LN-13685,CUST-0338,PRD-SME,BR-109,20240116,2024-01-16,2031-01-15,290000.0,0.12,84,5119.29,Inventory Stocking Q4,360446.95,CCC - Elevated Risk,Current / Performing,0,0.0
LN-13686,CUST-0021,PRD-MORT,BR-103,20251028,2025-10-28,2045-10-28,661100.0,0.0675,240,5026.77,Primary Residence Purchase,912957.49,CCC - Elevated Risk,Current / Performing,0,0.0
LN-13687,CUST-0170,PRD-EDU,BR-102,20260308,2026-03-08,2030-03-08,23100.0,0.064,48,546.75,MBA Program Tuition,0.0,BBB - Moderate Risk,Current / Performing,0,0.0
LN-13688,CUST-0226,PRD-PERS,BR-104,20230507,2023-05-07,2027-05-07,30300.0,0.13,48,812.87,Wedding & Family,0.0,BBB - Moderate Risk,Current / Performing,0,0.0
LN-13689,CUST-0207,PRD-EQUIP,BR-102,20230618,2023-06-18,2028-06-17,49600.0,0.094,60,1039.27,Warehouse Forklift Fleet,59228.31,BBB - Moderate Risk,Current / Performing,0,0.0
LN-13690,CUST-0557,PRD-EDU,BR-101,20250127,2025-01-27,2032-01-27,13400.0,0.074,84,204.87,MBA Program Tuition,0.0,BBB - Moderate Risk,Delinquent (61-90 DPD),1,0.0
LN-13691,CUST-0678,PRD-EQUIP,BR-111,20260215,2026-02-15,2028-02-15,173100.0,0.084,24,7860.46,Industrial CNC Machine,241454.97,AAA - Low Risk,Charged Off / Written Off,1,136382.83
LN-13692,CUST-0161,PRD-AUTO,BR-107,20250519,2025-05-19,2029-05-19,29000.0,0.123,48,767.96,New EV Purchase,45386.42,DDD - High Default Probability,In Default (90+ DPD),1,0.0
LN-13693,CUST-0397,PRD-MORT,BR-103,20230716,2023-07-16,2053-07-15,349700.0,0.0575,360,2040.75,Refinance Existing Mortgage,553895.29,CCC - Elevated Risk,Delinquent (31-60 DPD),0,0.0
LN-13694,CUST-0579,PRD-PERS,BR-101,20250827,2025-08-27,2029-08-27,34600.0,0.12,48,911.15,Emergency Medical Exp,0.0,BBB - Moderate Risk,Current / Performing,0,0.0
LN-13695,CUST-0575,PRD-PERS,BR-107,20241211,2024-12-11,2026-12-11,17800.0,0.17,24,880.07,Home Renovation,0.0,DDD - High Default Probability,Fully Paid,0,0.0
LN-13696,CUST-0269,PRD-EQUIP,BR-101,20241110,2024-11-10,2028-11-10,48300.0,0.114,48,1257.74,Industrial CNC Machine,73178.66,DDD - High Default Probability,Current / Performing,0,0.0
LN-13697,CUST-0876,PRD-MORT,BR-108,20240226,2024-02-26,2044-02-26,679400.0,0.0875,240,6003.93,Primary Residence Purchase,993806.36,CCC - Elevated Risk,Current / Performing,0,0.0
LN-13698,CUST-0384,PRD-MORT,BR-110,20240804,2024-08-04,2044-08-04,261800.0,0.1075,240,2657.87,Refinance Existing Mortgage,339825.3,DDD - High Default Probability,Current / Performing,0,0.0
LN-13699,CUST-0012,PRD-EQUIP,BR-102,20230417,2023-04-17,2025-04-16,147500.0,0.084,24,6697.97,Medical Imaging Scanner,226561.19,AAA - Low Risk,Fully Paid,0,0.0
LN-13700,CUST-0039,PRD-AUTO,BR-111,20230114,2023-01-14,2029-01-13,21300.0,0.103,72,397.83,Fleet Commercial Van,28544.73,CCC - Elevated Risk,Current / Performing,0,0.0
LN-13701,CUST-0444,PRD-MORT,BR-111,20260221,2026-02-21,2046-02-21,262800.0,0.1075,240,2668.02,Investment Property Buy,361525.27,DDD - High Default Probability,Current / Performing,0,0.0
LN-13702,CUST-0398,PRD-PERS,BR-108,20231018,2023-10-18,2027-10-18,17300.0,0.15,48,481.47,Wedding & Family,0.0,CCC - Elevated Risk,Current / Performing,0,0.0
LN-13703,CUST-0894,PRD-SME,BR-105,20230518,2023-05-18,2030-05-17,296400.0,0.09,84,4768.8,Technology & IT Modernization,401539.99,AAA - Low Risk,Current / Performing,0,0.0
LN-13704,CUST-0605,PRD-EDU,BR-108,20231015,2023-10-15,2030-10-14,16100.0,0.094,84,262.31,MBA Program Tuition,0.0,CCC - Elevated Risk,Current / Performing,0,0.0
LN-13705,CUST-0856,PRD-MORT,BR-104,20230528,2023-05-28,2043-05-28,529400.0,0.0575,240,3716.83,Investment Property Buy,671882.46,CCC - Elevated Risk,Delinquent (31-60 DPD),0,0.0
LN-13706,CUST-0506,PRD-EDU,BR-108,20260326,2026-03-26,2036-03-25,32400.0,0.074,120,382.9,Master of Science in Data Analytics,0.0,BBB - Moderate Risk,Current / Performing,0,0.0
LN-13707,CUST-0886,PRD-EDU,BR-103,20230430,2023-04-30,2027-04-30,20300.0,0.064,48,480.48,Master of Science in Data Analytics,0.0,AAA - Low Risk,Current / Performing,0,0.0
LN-13708,CUST-0601,PRD-EDU,BR-110,20260316,2026-03-16,2030-03-16,22300.0,0.074,48,538.15,Master of Science in Data Analytics,0.0,BBB - Moderate Risk,Current / Performing,0,0.0
LN-13709,CUST-0871,PRD-MORT,BR-110,20241010,2024-10-10,2044-10-10,651900.0,0.0675,240,4956.81,Investment Property Buy,922385.78,CCC - Elevated Risk,Current / Performing,0,0.0
LN-13710,CUST-0276,PRD-PERS,BR-101,20260219,2026-02-19,2030-02-19,30900.0,0.15,48,859.97,Emergency Medical Exp,0.0,CCC - Elevated Risk,Current / Performing,0,0.0
LN-13711,CUST-0665,PRD-AUTO,BR-107,20251217,2025-12-17,2028-12-16,26500.0,0.073,36,821.88,Fleet Commercial Van,39940.99,AAA - Low Risk,Current / Performing,0,0.0
LN-13712,CUST-0495,PRD-SME,BR-108,20260109,2026-01-09,2033-01-08,301200.0,0.09,84,4846.03,Inventory Stocking Q4,405017.84,AAA - Low Risk,Current / Performing,0,0.0
LN-13713,CUST-0272,PRD-PERS,BR-107,20231122,2023-11-22,2026-11-21,4300.0,0.15,36,149.06,Emergency Medical Exp,0.0,CCC - Elevated Risk,Fully Paid,0,0.0
LN-13714,CUST-0655,PRD-AUTO,BR-106,20241018,2024-10-18,2029-10-18,54300.0,0.103,60,1161.75,Fleet Commercial Van,84286.49,CCC - Elevated Risk,Current / Performing,0,0.0
LN-13715,CUST-0789,PRD-PERS,BR-101,20240730,2024-07-30,2025-07-30,30200.0,0.12,12,2683.23,Debt Consolidation,0.0,CCC - Elevated Risk,Charged Off / Written Off,1,14716.28
LN-13716,CUST-0534,PRD-SME,BR-107,20260218,2026-02-18,2031-02-18,168900.0,0.14,60,3930.01,Technology & IT Modernization,256545.28,DDD - High Default Probability,Charged Off / Written Off,1,109951.99
LN-13717,CUST-0385,PRD-SME,BR-110,20250121,2025-01-21,2032-01-21,164200.0,0.12,84,2898.58,Inventory Stocking Q4,239796.68,CCC - Elevated Risk,Current / Performing,0,0.0
LN-13718,CUST-0577,PRD-AUTO,BR-107,20260425,2026-04-25,2031-04-25,23600.0,0.083,60,481.92,Fleet Commercial Van,31240.24,CCC - Elevated Risk,Delinquent (31-60 DPD),0,0.0
LN-13719,CUST-0933,PRD-EQUIP,BR-105,20260522,2026-05-22,2031-05-22,91800.0,0.094,60,1923.49,Industrial CNC Machine,140648.27,CCC - Elevated Risk,Current / Performing,0,0.0
LN-13720,CUST-0211,PRD-SME,BR-105,20240726,2024-07-26,2026-07-26,100200.0,0.09,24,4577.61,New Branch Expansion,144740.79,CCC - Elevated Risk,Fully Paid,0,0.0
LN-13721,CUST-0154,PRD-AUTO,BR-110,20230420,2023-04-20,2028-04-19,32700.0,0.123,60,732.36,Fleet Commercial Van,51986.64,DDD - High Default Probability,Charged Off / Written Off,1,15454.29
LN-13722,CUST-0965,PRD-PERS,BR-109,20250306,2025-03-06,2029-03-06,20200.0,0.12,48,531.94,Debt Consolidation,0.0,AAA - Low Risk,Current / Performing,0,0.0
LN-13723,CUST-0213,PRD-PERS,BR-112,20250517,2025-05-17,2029-05-17,3500.0,0.12,48,92.17,Debt Consolidation,0.0,BBB - Moderate Risk,Current / Performing,0,0.0
LN-13724,CUST-0873,PRD-EDU,BR-102,20230330,2023-03-30,2027-03-30,59400.0,0.094,48,1489.48,Medical Residency Program,0.0,CCC - Elevated Risk,Current / Performing,0,0.0
LN-13725,CUST-0069,PRD-PERS,BR-107,20240421,2024-04-21,2027-04-21,4000.0,0.12,36,132.86,Debt Consolidation,0.0,AAA - Low Risk,Current / Performing,0,0.0
LN-13726,CUST-0682,PRD-MORT,BR-102,20250425,2025-04-25,2045-04-25,223500.0,0.0575,240,1569.16,Investment Property Buy,354945.65,AAA - Low Risk,Current / Performing,0,0.0
LN-13727,CUST-0116,PRD-SME,BR-104,20250309,2025-03-09,2032-03-08,223400.0,0.1,84,3708.7,Working Capital Expansion,341576.3,CCC - Elevated Risk,Delinquent (31-60 DPD),0,0.0
LN-13728,CUST-0097,PRD-AUTO,BR-107,20250827,2025-08-27,2031-08-27,55500.0,0.083,72,981.24,Certified Pre-Owned Luxury Car,71919.35,CCC - Elevated Risk,Current / Performing,0,0.0
LN-13729,CUST-0412,PRD-EQUIP,BR-103,20250515,2025-05-15,2028-05-14,128500.0,0.084,36,4050.48,Warehouse Forklift Fleet,193907.44,BBB - Moderate Risk,Current / Performing,0,0.0
LN-13730,CUST-0035,PRD-EDU,BR-107,20230916,2023-09-16,2027-09-16,45700.0,0.074,48,1102.84,Medical Residency Program,0.0,BBB - Moderate Risk,Current / Performing,0,0.0
LN-13731,CUST-0502,PRD-EQUIP,BR-109,20230823,2023-08-23,2028-08-22,166200.0,0.094,60,3482.39,Medical Imaging Scanner,263009.08,BBB - Moderate Risk,Delinquent (31-60 DPD),0,0.0
LN-13732,CUST-0517,PRD-MORT,BR-102,20240904,2024-09-04,2044-09-04,575800.0,0.0575,240,4042.6,Investment Property Buy,689121.29,BBB - Moderate Risk,Current / Performing,0,0.0
LN-13733,CUST-0264,PRD-MORT,BR-111,20230812,2023-08-12,2043-08-12,589400.0,0.0675,240,4481.59,Investment Property Buy,854999.78,BBB - Moderate Risk,Current / Performing,0,0.0
LN-13734,CUST-0998,PRD-AUTO,BR-106,20250223,2025-02-23,2028-02-23,42800.0,0.103,36,1387.07,Fleet Commercial Van,49418.63,CCC - Elevated Risk,Current / Performing,0,0.0
LN-13735,CUST-0673,PRD-SME,BR-110,20240321,2024-03-21,2031-03-21,351000.0,0.1,84,5827.02,Technology & IT Modernization,485545.69,CCC - Elevated Risk,Under Restructuring,1,0.0
LN-13736,CUST-0085,PRD-SME,BR-111,20240206,2024-02-06,2028-02-06,90600.0,0.12,48,2385.85,New Branch Expansion,114193.56,CCC - Elevated Risk,Current / Performing,0,0.0
LN-13737,CUST-0603,PRD-PERS,BR-110,20231224,2023-12-24,2024-12-23,10600.0,0.15,12,956.74,Wedding & Family,0.0,CCC - Elevated Risk,Fully Paid,0,0.0
LN-13738,CUST-0856,PRD-PERS,BR-104,20251116,2025-11-16,2029-11-16,28600.0,0.12,48,753.15,Home Renovation,0.0,CCC - Elevated Risk,Current / Performing,0,0.0
LN-13739,CUST-0566,PRD-EQUIP,BR-112,20250815,2025-08-15,2029-08-15,75100.0,0.084,48,1847.54,Medical Imaging Scanner,106671.54,AAA - Low Risk,Current / Performing,0,0.0
LN-13740,CUST-0098,PRD-MORT,BR-109,20250429,2025-04-29,2045-04-29,491500.0,0.0675,240,3737.19,Investment Property Buy,653564.91,CCC - Elevated Risk,Charged Off / Written Off,1,238143.52
LN-13741,CUST-0579,PRD-EDU,BR-101,20230318,2023-03-18,2027-03-18,42700.0,0.064,48,1010.66,Master of Science in Data Analytics,0.0,BBB - Moderate Risk,Current / Performing,0,0.0
LN-13742,CUST-0618,PRD-AUTO,BR-105,20240312,2024-03-12,2030-03-12,40200.0,0.073,72,691.18,Fleet Commercial Van,59630.31,CCC - Elevated Risk,Current / Performing,0,0.0
LN-13743,CUST-0988,PRD-SME,BR-112,20250526,2025-05-26,2029-05-26,372300.0,0.12,48,9804.09,Working Capital Expansion,523298.6,CCC - Elevated Risk,Current / Performing,0,0.0
LN-13744,CUST-0980,PRD-SME,BR-104,20240314,2024-03-14,2031-03-14,185400.0,0.09,84,2982.92,Technology & IT Modernization,276704.36,AAA - Low Risk,Current / Performing,0,0.0
LN-13745,CUST-0342,PRD-SME,BR-102,20241212,2024-12-12,2031-12-12,315700.0,0.1,84,5240.99,New Branch Expansion,478974.64,BBB - Moderate Risk,Delinquent (31-60 DPD),0,0.0
LN-13746,CUST-0974,PRD-PERS,BR-109,20230304,2023-03-04,2026-03-03,33700.0,0.12,36,1119.32,Debt Consolidation,0.0,BBB - Moderate Risk,Fully Paid,0,0.0
LN-13747,CUST-0702,PRD-MORT,BR-105,20240604,2024-06-04,2044-06-04,774700.0,0.0675,240,5890.54,Investment Property Buy,1028443.28,BBB - Moderate Risk,Current / Performing,0,0.0
LN-13748,CUST-0285,PRD-MORT,BR-110,20241006,2024-10-06,2044-10-06,515500.0,0.1075,240,5233.51,Refinance Existing Mortgage,713013.03,DDD - High Default Probability,Under Restructuring,1,0.0
LN-13749,CUST-0918,PRD-SME,BR-104,20250902,2025-09-02,2032-09-01,384100.0,0.1,84,6376.51,New Branch Expansion,495448.66,BBB - Moderate Risk,Current / Performing,0,0.0
LN-13750,CUST-0527,PRD-PERS,BR-107,20250922,2025-09-22,2027-09-22,7500.0,0.13,24,356.56,Emergency Medical Exp,0.0,BBB - Moderate Risk,Current / Performing,0,0.0
LN-13751,CUST-0709,PRD-EDU,BR-105,20231221,2023-12-21,2027-12-21,41900.0,0.094,48,1050.66,MBA Program Tuition,0.0,DDD - High Default Probability,Current / Performing,0,0.0
LN-13752,CUST-0262,PRD-PERS,BR-111,20230628,2023-06-28,2027-06-28,27800.0,0.13,48,745.8,Debt Consolidation,0.0,CCC - Elevated Risk,Current / Performing,0,0.0
LN-13753,CUST-0250,PRD-PERS,BR-101,20260206,2026-02-06,2030-02-06,31100.0,0.15,48,865.54,Home Renovation,0.0,CCC - Elevated Risk,Delinquent (61-90 DPD),1,0.0
LN-13754,CUST-0573,PRD-EDU,BR-110,20230121,2023-01-21,2033-01-20,31400.0,0.094,120,404.59,Medical Residency Program,0.0,CCC - Elevated Risk,Current / Performing,0,0.0
LN-13755,CUST-0989,PRD-PERS,BR-106,20231008,2023-10-08,2027-10-08,26300.0,0.12,48,692.58,Debt Consolidation,0.0,CCC - Elevated Risk,Current / Performing,0,0.0
LN-13756,CUST-0418,PRD-AUTO,BR-111,20251205,2025-12-05,2031-12-05,35800.0,0.073,72,615.52,Fleet Commercial Van,51699.86,CCC - Elevated Risk,Delinquent (61-90 DPD),1,0.0
LN-13757,CUST-0026,PRD-SME,BR-111,20230226,2023-02-26,2025-02-25,184800.0,0.12,24,8699.18,Inventory Stocking Q4,227795.27,CCC - Elevated Risk,Fully Paid,0,0.0
LN-13758,CUST-0216,PRD-PERS,BR-111,20250810,2025-08-10,2029-08-10,10800.0,0.13,48,289.74,Wedding & Family,0.0,BBB - Moderate Risk,Delinquent (31-60 DPD),0,0.0
LN-13759,CUST-0336,PRD-EQUIP,BR-111,20231024,2023-10-24,2028-10-23,78200.0,0.094,60,1638.53,Medical Imaging Scanner,97632.09,CCC - Elevated Risk,Delinquent (61-90 DPD),1,0.0
LN-13760,CUST-0560,PRD-PERS,BR-108,20250302,2025-03-02,2029-03-02,29200.0,0.13,48,783.36,Wedding & Family,0.0,BBB - Moderate Risk,Current / Performing,0,0.0
LN-13761,CUST-0377,PRD-MORT,BR-111,20240523,2024-05-23,2044-05-23,779300.0,0.0675,240,5925.52,Primary Residence Purchase,980830.27,CCC - Elevated Risk,Current / Performing,0,0.0
LN-13762,CUST-0689,PRD-SME,BR-111,20250128,2025-01-28,2027-01-28,352000.0,0.14,24,16900.53,Inventory Stocking Q4,429604.59,DDD - High Default Probability,Delinquent (61-90 DPD),1,0.0
LN-13763,CUST-0196,PRD-MORT,BR-101,20240330,2024-03-30,2054-03-30,825200.0,0.0575,360,4815.64,Primary Residence Purchase,1304308.08,BBB - Moderate Risk,Delinquent (31-60 DPD),0,0.0
LN-13764,CUST-0026,PRD-AUTO,BR-111,20260501,2026-05-01,2032-04-30,56300.0,0.103,72,1051.54,Fleet Commercial Van,84366.3,CCC - Elevated Risk,Current / Performing,0,0.0
LN-13765,CUST-0740,PRD-MORT,BR-106,20251231,2025-12-31,2045-12-31,265800.0,0.0875,240,2348.9,Refinance Existing Mortgage,374562.37,CCC - Elevated Risk,Current / Performing,0,0.0
LN-13766,CUST-0757,PRD-EDU,BR-104,20240505,2024-05-05,2028-05-05,12600.0,0.064,48,298.23,Master of Science in Data Analytics,0.0,CCC - Elevated Risk,Current / Performing,0,0.0
LN-13767,CUST-0188,PRD-EQUIP,BR-104,20250816,2025-08-16,2030-08-16,170400.0,0.094,60,3570.4,Industrial CNC Machine,254249.21,BBB - Moderate Risk,Current / Performing,0,0.0
LN-13768,CUST-0199,PRD-AUTO,BR-112,20240808,2024-08-08,2030-08-08,22200.0,0.123,72,437.49,Certified Pre-Owned Luxury Car,34218.46,DDD - High Default Probability,In Default (90+ DPD),1,0.0
LN-13769,CUST-0785,PRD-AUTO,BR-105,20240311,2024-03-11,2030-03-11,38800.0,0.083,72,685.99,New EV Purchase,52402.39,CCC - Elevated Risk,Delinquent (61-90 DPD),1,0.0
LN-13770,CUST-0510,PRD-SME,BR-108,20230811,2023-08-11,2025-08-10,64800.0,0.1,24,2990.19,New Branch Expansion,84449.99,BBB - Moderate Risk,Fully Paid,0,0.0
LN-13771,CUST-0761,PRD-EDU,BR-110,20260310,2026-03-10,2036-03-09,71000.0,0.074,120,839.08,MBA Program Tuition,0.0,BBB - Moderate Risk,Current / Performing,0,0.0
LN-13772,CUST-0571,PRD-AUTO,BR-101,20230808,2023-08-08,2027-08-08,18700.0,0.073,48,450.4,New EV Purchase,23605.21,CCC - Elevated Risk,Current / Performing,0,0.0
LN-13773,CUST-0841,PRD-AUTO,BR-111,20250404,2025-04-04,2029-04-04,52800.0,0.073,48,1271.72,Fleet Commercial Van,82575.61,BBB - Moderate Risk,Current / Performing,0,0.0
LN-13774,CUST-0604,PRD-SME,BR-101,20250727,2025-07-27,2030-07-27,263800.0,0.09,60,5476.05,Technology & IT Modernization,357064.01,AAA - Low Risk,Current / Performing,0,0.0
LN-13775,CUST-0615,PRD-MORT,BR-110,20260131,2026-01-31,2046-01-31,412000.0,0.0575,240,2892.58,Primary Residence Purchase,597000.05,CCC - Elevated Risk,Current / Performing,0,0.0
LN-13776,CUST-0976,PRD-PERS,BR-104,20230705,2023-07-05,2027-07-05,27100.0,0.12,48,713.65,Emergency Medical Exp,0.0,AAA - Low Risk,Delinquent (61-90 DPD),1,0.0
LN-13777,CUST-0566,PRD-EQUIP,BR-112,20230525,2023-05-25,2028-05-24,85500.0,0.084,60,1750.05,Medical Imaging Scanner,132016.49,AAA - Low Risk,Current / Performing,0,0.0
LN-13778,CUST-0950,PRD-PERS,BR-105,20230510,2023-05-10,2027-05-10,17500.0,0.12,48,460.84,Home Renovation,0.0,BBB - Moderate Risk,Current / Performing,0,0.0
LN-13779,CUST-0045,PRD-PERS,BR-111,20240308,2024-03-08,2028-03-08,7900.0,0.15,48,219.86,Wedding & Family,0.0,CCC - Elevated Risk,Current / Performing,0,0.0
LN-13780,CUST-0431,PRD-PERS,BR-101,20240507,2024-05-07,2028-05-07,4000.0,0.12,48,105.34,Wedding & Family,0.0,BBB - Moderate Risk,Current / Performing,0,0.0
LN-13781,CUST-0179,PRD-EDU,BR-102,20250828,2025-08-28,2032-08-27,27500.0,0.074,84,420.45,Master of Science in Data Analytics,0.0,CCC - Elevated Risk,Current / Performing,0,0.0
LN-13782,CUST-0483,PRD-AUTO,BR-112,20230402,2023-04-02,2026-04-01,43000.0,0.083,36,1353.42,Fleet Commercial Van,55714.81,BBB - Moderate Risk,Fully Paid,0,0.0
LN-13783,CUST-0432,PRD-SME,BR-112,20260104,2026-01-04,2029-01-03,276800.0,0.1,36,8931.56,New Branch Expansion,344706.86,BBB - Moderate Risk,Delinquent (61-90 DPD),1,0.0
LN-13784,CUST-0957,PRD-EQUIP,BR-110,20260306,2026-03-06,2028-03-05,124000.0,0.094,24,5687.69,Medical Imaging Scanner,180026.47,BBB - Moderate Risk,Current / Performing,0,0.0
LN-13785,CUST-0925,PRD-AUTO,BR-102,20240902,2024-09-02,2029-09-02,42000.0,0.073,60,837.61,Certified Pre-Owned Luxury Car,56536.49,BBB - Moderate Risk,Current / Performing,0,0.0
LN-13786,CUST-0875,PRD-MORT,BR-110,20240309,2024-03-09,2044-03-09,228700.0,0.0575,240,1605.66,Investment Property Buy,313818.35,AAA - Low Risk,Current / Performing,0,0.0
LN-13787,CUST-0894,PRD-MORT,BR-105,20230716,2023-07-16,2043-07-16,589800.0,0.0575,240,4140.89,Investment Property Buy,882634.45,AAA - Low Risk,Current / Performing,0,0.0
LN-13788,CUST-0348,PRD-SME,BR-101,20240429,2024-04-29,2026-04-29,156900.0,0.1,24,7240.14,New Branch Expansion,213033.99,BBB - Moderate Risk,Fully Paid,0,0.0
LN-13789,CUST-0507,PRD-EDU,BR-106,20260415,2026-04-15,2030-04-15,13800.0,0.074,48,333.03,MBA Program Tuition,0.0,CCC - Elevated Risk,Charged Off / Written Off,1,8489.36
LN-13790,CUST-0603,PRD-PERS,BR-110,20250309,2025-03-09,2026-03-09,6900.0,0.15,12,622.78,Home Renovation,0.0,CCC - Elevated Risk,Fully Paid,0,0.0
LN-13791,CUST-0981,PRD-SME,BR-108,20260415,2026-04-15,2033-04-14,69800.0,0.1,84,1158.76,Inventory Stocking Q4,104718.62,CCC - Elevated Risk,Current / Performing,0,0.0
LN-13792,CUST-0876,PRD-EQUIP,BR-108,20241207,2024-12-07,2029-12-07,111800.0,0.114,60,2453.16,Medical Imaging Scanner,166639.04,CCC - Elevated Risk,Current / Performing,0,0.0
LN-13793,CUST-0570,PRD-SME,BR-111,20230507,2023-05-07,2025-05-06,68800.0,0.1,24,3174.77,Inventory Stocking Q4,106937.34,BBB - Moderate Risk,Fully Paid,0,0.0
LN-13794,CUST-0588,PRD-EDU,BR-104,20260603,2026-06-03,2036-06-02,70100.0,0.074,120,828.45,Medical Residency Program,0.0,BBB - Moderate Risk,Current / Performing,0,0.0
LN-13795,CUST-0948,PRD-EDU,BR-112,20240718,2024-07-18,2028-07-18,24600.0,0.064,48,582.25,Master of Science in Data Analytics,0.0,CCC - Elevated Risk,Current / Performing,0,0.0
LN-13796,CUST-0967,PRD-MORT,BR-110,20231020,2023-10-20,2043-10-20,265200.0,0.0575,240,1861.93,Investment Property Buy,342821.73,AAA - Low Risk,Current / Performing,0,0.0
LN-13797,CUST-0841,PRD-EDU,BR-111,20241207,2024-12-07,2028-12-07,32300.0,0.064,48,764.5,MBA Program Tuition,0.0,BBB - Moderate Risk,Current / Performing,0,0.0
LN-13798,CUST-0634,PRD-MORT,BR-111,20230419,2023-04-19,2043-04-19,247900.0,0.0575,240,1740.47,Investment Property Buy,290271.11,AAA - Low Risk,Current / Performing,0,0.0
LN-13799,CUST-0292,PRD-MORT,BR-104,20251017,2025-10-17,2045-10-17,357500.0,0.0875,240,3159.27,Investment Property Buy,473797.57,CCC - Elevated Risk,Current / Performing,0,0.0
LN-13800,CUST-0964,PRD-AUTO,BR-101,20260426,2026-04-26,2032-04-25,45900.0,0.073,72,789.18,Certified Pre-Owned Luxury Car,64487.64,BBB - Moderate Risk,Current / Performing,0,0.0
LN-13801,CUST-0374,PRD-AUTO,BR-107,20241025,2024-10-25,2028-10-25,53000.0,0.083,48,1301.36,New EV Purchase,61773.26,BBB - Moderate Risk,Current / Performing,0,0.0
LN-13802,CUST-0276,PRD-MORT,BR-101,20230721,2023-07-21,2043-07-21,291200.0,0.0875,240,2573.37,Primary Residence Purchase,368985.97,CCC - Elevated Risk,Current / Performing,0,0.0
LN-13803,CUST-0161,PRD-SME,BR-107,20251113,2025-11-13,2027-11-13,373800.0,0.14,24,17947.22,Technology & IT Modernization,474109.51,DDD - High Default Probability,In Default (90+ DPD),1,0.0
LN-13804,CUST-0709,PRD-MORT,BR-105,20260505,2026-05-05,2056-05-04,622100.0,0.0875,360,4894.06,Primary Residence Purchase,850833.72,DDD - High Default Probability,Current / Performing,0,0.0
LN-13805,CUST-0266,PRD-SME,BR-106,20251104,2025-11-04,2028-11-03,84600.0,0.09,36,2690.26,New Branch Expansion,122989.54,AAA - Low Risk,Current / Performing,0,0.0
LN-13806,CUST-0159,PRD-EDU,BR-110,20241202,2024-12-02,2031-12-02,20100.0,0.074,84,307.31,MBA Program Tuition,0.0,CCC - Elevated Risk,Delinquent (31-60 DPD),0,0.0
LN-13807,CUST-0239,PRD-AUTO,BR-110,20260513,2026-05-13,2029-05-12,24400.0,0.083,36,767.99,Certified Pre-Owned Luxury Car,37548.84,BBB - Moderate Risk,Current / Performing,0,0.0
LN-13808,CUST-0808,PRD-PERS,BR-101,20241018,2024-10-18,2028-10-18,3800.0,0.12,48,100.07,Debt Consolidation,0.0,BBB - Moderate Risk,Current / Performing,0,0.0
LN-13809,CUST-0021,PRD-MORT,BR-103,20250319,2025-03-19,2045-03-19,366600.0,0.0675,240,2787.49,Investment Property Buy,425664.63,CCC - Elevated Risk,Current / Performing,0,0.0
LN-13810,CUST-0800,PRD-MORT,BR-103,20250622,2025-06-22,2045-06-22,813800.0,0.0875,240,7191.64,Refinance Existing Mortgage,1279850.33,DDD - High Default Probability,Current / Performing,0,0.0
LN-13811,CUST-0629,PRD-SME,BR-103,20240507,2024-05-07,2027-05-07,143300.0,0.12,36,4759.61,Inventory Stocking Q4,188887.1,DDD - High Default Probability,Current / Performing,0,0.0
LN-13812,CUST-0052,PRD-AUTO,BR-112,20240524,2024-05-24,2027-05-24,26500.0,0.103,36,858.82,Certified Pre-Owned Luxury Car,34121.56,CCC - Elevated Risk,Current / Performing,0,0.0
LN-13813,CUST-0429,PRD-MORT,BR-102,20230819,2023-08-19,2043-08-19,602600.0,0.0575,240,4230.76,Refinance Existing Mortgage,832384.68,BBB - Moderate Risk,Current / Performing,0,0.0
LN-13814,CUST-0805,PRD-EDU,BR-101,20250228,2025-02-28,2035-02-28,15900.0,0.074,120,187.91,MBA Program Tuition,0.0,BBB - Moderate Risk,Current / Performing,0,0.0
LN-13815,CUST-0191,PRD-PERS,BR-108,20240326,2024-03-26,2028-03-26,7600.0,0.13,48,203.89,Home Renovation,0.0,BBB - Moderate Risk,Current / Performing,0,0.0
LN-13816,CUST-0707,PRD-SME,BR-107,20250421,2025-04-21,2032-04-20,326500.0,0.1,84,5420.29,Inventory Stocking Q4,393578.78,BBB - Moderate Risk,Current / Performing,0,0.0
LN-13817,CUST-0134,PRD-AUTO,BR-104,20230317,2023-03-17,2028-03-16,54300.0,0.123,60,1216.12,New EV Purchase,79741.82,DDD - High Default Probability,Current / Performing,0,0.0
LN-13818,CUST-0650,PRD-PERS,BR-105,20250518,2025-05-18,2029-05-18,7700.0,0.13,48,206.57,Wedding & Family,0.0,CCC - Elevated Risk,Current / Performing,0,0.0
LN-13819,CUST-0439,PRD-AUTO,BR-109,20250125,2025-01-25,2029-01-25,54000.0,0.073,48,1300.63,Certified Pre-Owned Luxury Car,65988.03,AAA - Low Risk,Current / Performing,0,0.0
LN-13820,CUST-0653,PRD-MORT,BR-112,20260219,2026-02-19,2046-02-19,257200.0,0.0675,240,1955.66,Refinance Existing Mortgage,386070.69,BBB - Moderate Risk,Current / Performing,0,0.0
LN-13821,CUST-0747,PRD-AUTO,BR-108,20230709,2023-07-09,2029-07-08,58700.0,0.123,72,1156.77,Certified Pre-Owned Luxury Car,76057.11,DDD - High Default Probability,In Default (90+ DPD),1,0.0
LN-13822,CUST-0388,PRD-AUTO,BR-111,20250721,2025-07-21,2031-07-21,26400.0,0.083,72,466.75,Certified Pre-Owned Luxury Car,39325.81,BBB - Moderate Risk,Current / Performing,0,0.0
LN-13823,CUST-0182,PRD-PERS,BR-102,20240510,2024-05-10,2028-05-10,31300.0,0.13,48,839.7,Emergency Medical Exp,0.0,CCC - Elevated Risk,Current / Performing,0,0.0
LN-13824,CUST-0821,PRD-SME,BR-107,20260321,2026-03-21,2033-03-20,214300.0,0.12,84,3782.98,Working Capital Expansion,266851.18,DDD - High Default Probability,Charged Off / Written Off,1,108858.46
LN-13825,CUST-0616,PRD-SME,BR-111,20251006,2025-10-06,2032-10-05,90700.0,0.12,84,1601.1,New Branch Expansion,138252.01,CCC - Elevated Risk,Current / Performing,0,0.0
LN-13826,CUST-0997,PRD-MORT,BR-105,20240508,2024-05-08,2044-05-08,464500.0,0.0675,240,3531.89,Primary Residence Purchase,541527.68,BBB - Moderate Risk,Current / Performing,0,0.0
LN-13827,CUST-0470,PRD-AUTO,BR-106,20230525,2023-05-25,2026-05-24,20300.0,0.083,36,638.94,Fleet Commercial Van,23628.65,BBB - Moderate Risk,Fully Paid,0,0.0
LN-13828,CUST-0806,PRD-EQUIP,BR-112,20230918,2023-09-18,2026-09-17,125100.0,0.094,36,4001.48,Warehouse Forklift Fleet,168217.02,CCC - Elevated Risk,Fully Paid,0,0.0
LN-13829,CUST-0038,PRD-PERS,BR-101,20241029,2024-10-29,2028-10-29,28800.0,0.13,48,772.63,Emergency Medical Exp,0.0,CCC - Elevated Risk,Current / Performing,0,0.0
LN-13830,CUST-0990,PRD-EDU,BR-104,20250127,2025-01-27,2035-01-27,63300.0,0.094,120,815.62,MBA Program Tuition,0.0,CCC - Elevated Risk,Current / Performing,0,0.0
LN-13831,CUST-0024,PRD-PERS,BR-104,20240620,2024-06-20,2025-06-20,11600.0,0.15,12,1047.0,Home Renovation,0.0,CCC - Elevated Risk,Fully Paid,0,0.0
LN-13832,CUST-0291,PRD-EQUIP,BR-101,20250526,2025-05-26,2027-05-26,171700.0,0.114,24,8034.49,Warehouse Forklift Fleet,240905.88,CCC - Elevated Risk,Current / Performing,0,0.0
LN-13833,CUST-0349,PRD-PERS,BR-105,20251020,2025-10-20,2029-10-20,18900.0,0.12,48,497.71,Emergency Medical Exp,0.0,AAA - Low Risk,Current / Performing,0,0.0
LN-13834,CUST-0208,PRD-SME,BR-107,20240829,2024-08-29,2026-08-29,175300.0,0.12,24,8251.98,Working Capital Expansion,239053.86,CCC - Elevated Risk,Fully Paid,0,0.0
LN-13835,CUST-0560,PRD-SME,BR-108,20240512,2024-05-12,2029-05-12,338700.0,0.1,60,7196.37,Inventory Stocking Q4,451753.52,BBB - Moderate Risk,Current / Performing,0,0.0
LN-13836,CUST-0137,PRD-SME,BR-106,20230222,2023-02-22,2030-02-21,189200.0,0.1,84,3140.94,Working Capital Expansion,255546.51,BBB - Moderate Risk,Current / Performing,0,0.0
LN-13837,CUST-0114,PRD-PERS,BR-108,20250628,2025-06-28,2029-06-28,25300.0,0.12,48,666.25,Emergency Medical Exp,0.0,AAA - Low Risk,Current / Performing,0,0.0
LN-13838,CUST-0232,PRD-PERS,BR-102,20250131,2025-01-31,2028-01-31,10400.0,0.13,36,350.42,Home Renovation,0.0,BBB - Moderate Risk,Delinquent (61-90 DPD),1,0.0
LN-13839,CUST-0669,PRD-MORT,BR-109,20230806,2023-08-06,2043-08-06,251000.0,0.0575,240,1762.23,Investment Property Buy,311858.77,CCC - Elevated Risk,Current / Performing,0,0.0
LN-13840,CUST-0188,PRD-PERS,BR-104,20250508,2025-05-08,2029-05-08,5300.0,0.13,48,142.19,Emergency Medical Exp,0.0,BBB - Moderate Risk,Current / Performing,0,0.0
LN-13841,CUST-0847,PRD-MORT,BR-109,20230901,2023-09-01,2043-09-01,282200.0,0.0675,240,2145.75,Primary Residence Purchase,340169.9,CCC - Elevated Risk,Current / Performing,0,0.0
LN-13842,CUST-0159,PRD-PERS,BR-110,20231203,2023-12-03,2027-12-03,30600.0,0.13,48,820.92,Emergency Medical Exp,0.0,CCC - Elevated Risk,Current / Performing,0,0.0
LN-13843,CUST-0689,PRD-AUTO,BR-111,20251124,2025-11-24,2028-11-23,37300.0,0.123,36,1244.25,New EV Purchase,58167.13,DDD - High Default Probability,Charged Off / Written Off,1,24035.21
LN-13844,CUST-0921,PRD-EDU,BR-101,20240904,2024-09-04,2034-09-04,16200.0,0.064,120,183.12,Master of Science in Data Analytics,0.0,BBB - Moderate Risk,Current / Performing,0,0.0
LN-13845,CUST-0377,PRD-PERS,BR-111,20250217,2025-02-17,2028-02-17,21500.0,0.13,36,724.42,Emergency Medical Exp,0.0,CCC - Elevated Risk,Current / Performing,0,0.0
LN-13846,CUST-0714,PRD-AUTO,BR-111,20260210,2026-02-10,2032-02-10,29400.0,0.073,72,505.49,Certified Pre-Owned Luxury Car,41386.57,AAA - Low Risk,Current / Performing,0,0.0
LN-13847,CUST-0491,PRD-SME,BR-108,20230906,2023-09-06,2030-09-05,346800.0,0.09,84,5579.69,New Branch Expansion,455921.43,BBB - Moderate Risk,Delinquent (31-60 DPD),0,0.0
LN-13848,CUST-0721,PRD-SME,BR-106,20240714,2024-07-14,2031-07-14,313800.0,0.14,84,5880.62,Working Capital Expansion,411429.49,DDD - High Default Probability,In Default (90+ DPD),1,0.0
LN-13849,CUST-0335,PRD-EDU,BR-108,20230508,2023-05-08,2027-05-08,34500.0,0.064,48,816.58,Medical Residency Program,0.0,BBB - Moderate Risk,Current / Performing,0,0.0
LN-13850,CUST-0568,PRD-EDU,BR-106,20241123,2024-11-23,2029-11-23,62200.0,0.064,60,1214.1,Master of Science in Data Analytics,0.0,CCC - Elevated Risk,Current / Performing,0,0.0
LN-13851,CUST-0781,PRD-SME,BR-105,20240121,2024-01-21,2031-01-20,186200.0,0.09,84,2995.79,New Branch Expansion,251075.83,AAA - Low Risk,Current / Performing,0,0.0
LN-13852,CUST-0510,PRD-PERS,BR-108,20230802,2023-08-02,2027-08-02,15600.0,0.13,48,418.51,Debt Consolidation,0.0,BBB - Moderate Risk,Current / Performing,0,0.0
LN-13853,CUST-0374,PRD-EQUIP,BR-107,20240611,2024-06-11,2026-06-11,42900.0,0.094,24,1967.76,Warehouse Forklift Fleet,58233.59,BBB - Moderate Risk,Fully Paid,0,0.0
LN-13854,CUST-0096,PRD-AUTO,BR-102,20241027,2024-10-27,2030-10-27,20500.0,0.083,72,362.44,New EV Purchase,31607.4,CCC - Elevated Risk,Current / Performing,0,0.0
LN-13855,CUST-0697,PRD-SME,BR-109,20250519,2025-05-19,2030-05-19,128600.0,0.09,60,2669.52,New Branch Expansion,173910.97,BBB - Moderate Risk,Current / Performing,0,0.0
LN-13856,CUST-0341,PRD-PERS,BR-110,20251216,2025-12-16,2029-12-16,31900.0,0.15,48,887.8,Debt Consolidation,0.0,CCC - Elevated Risk,Charged Off / Written Off,1,14264.56
LN-13857,CUST-0101,PRD-PERS,BR-109,20230103,2023-01-03,2027-01-03,4500.0,0.12,48,118.5,Wedding & Family,0.0,BBB - Moderate Risk,Fully Paid,0,0.0
LN-13858,CUST-0237,PRD-EDU,BR-103,20250428,2025-04-28,2029-04-28,48400.0,0.074,48,1168.0,Medical Residency Program,0.0,BBB - Moderate Risk,Current / Performing,0,0.0
LN-13859,CUST-0214,PRD-MORT,BR-112,20240319,2024-03-19,2044-03-19,717200.0,0.0675,240,5453.33,Refinance Existing Mortgage,1077913.73,BBB - Moderate Risk,Current / Performing,0,0.0
LN-13860,CUST-0188,PRD-EQUIP,BR-104,20230814,2023-08-14,2025-08-13,83000.0,0.094,24,3807.08,Medical Imaging Scanner,121476.83,BBB - Moderate Risk,Fully Paid,0,0.0
LN-13861,CUST-0748,PRD-MORT,BR-111,20251231,2025-12-31,2045-12-31,399100.0,0.0675,240,3034.61,Primary Residence Purchase,586123.01,BBB - Moderate Risk,Current / Performing,0,0.0
LN-13862,CUST-0385,PRD-PERS,BR-110,20240627,2024-06-27,2028-06-27,7600.0,0.15,48,211.51,Emergency Medical Exp,0.0,CCC - Elevated Risk,Current / Performing,0,0.0
LN-13863,CUST-0882,PRD-SME,BR-107,20241119,2024-11-19,2028-11-19,328700.0,0.14,48,8982.21,Technology & IT Modernization,459860.47,DDD - High Default Probability,Current / Performing,0,0.0
LN-13864,CUST-0135,PRD-MORT,BR-101,20250701,2025-07-01,2045-07-01,452100.0,0.0675,240,3437.61,Refinance Existing Mortgage,610581.05,CCC - Elevated Risk,Current / Performing,0,0.0
LN-13865,CUST-0738,PRD-AUTO,BR-101,20230218,2023-02-18,2029-02-17,55400.0,0.123,72,1091.74,Fleet Commercial Van,71064.67,DDD - High Default Probability,Current / Performing,0,0.0
LN-13866,CUST-0441,PRD-MORT,BR-110,20231206,2023-12-06,2043-12-06,592300.0,0.0575,240,4158.44,Primary Residence Purchase,774011.48,CCC - Elevated Risk,Current / Performing,0,0.0
LN-13867,CUST-0849,PRD-EDU,BR-106,20260220,2026-02-20,2030-02-20,39900.0,0.114,48,1039.0,Master of Science in Data Analytics,0.0,DDD - High Default Probability,In Default (90+ DPD),1,0.0
LN-13868,CUST-0740,PRD-EQUIP,BR-106,20230730,2023-07-30,2028-07-29,68900.0,0.114,60,1511.83,Warehouse Forklift Fleet,98481.45,CCC - Elevated Risk,Current / Performing,0,0.0
LN-13869,CUST-0200,PRD-PERS,BR-112,20251010,2025-10-10,2026-10-10,31200.0,0.12,12,2772.08,Wedding & Family,0.0,AAA - Low Risk,Fully Paid,0,0.0
LN-13870,CUST-0417,PRD-EQUIP,BR-107,20230630,2023-06-30,2028-06-29,58700.0,0.084,60,1201.49,Industrial CNC Machine,75555.03,AAA - Low Risk,Current / Performing,0,0.0
LN-13871,CUST-0421,PRD-PERS,BR-108,20260525,2026-05-25,2027-05-25,18900.0,0.12,12,1679.24,Wedding & Family,0.0,CCC - Elevated Risk,Charged Off / Written Off,1,14073.25
LN-13872,CUST-0061,PRD-MORT,BR-102,20250601,2025-06-01,2045-06-01,361300.0,0.0675,240,2747.2,Primary Residence Purchase,452851.4,CCC - Elevated Risk,Current / Performing,0,0.0
LN-13873,CUST-0540,PRD-PERS,BR-102,20240216,2024-02-16,2026-02-15,30500.0,0.12,24,1435.74,Emergency Medical Exp,0.0,AAA - Low Risk,Fully Paid,0,0.0
LN-13874,CUST-0774,PRD-SME,BR-101,20230219,2023-02-19,2028-02-19,223000.0,0.1,60,4738.09,Technology & IT Modernization,329602.27,BBB - Moderate Risk,Current / Performing,0,0.0
LN-13875,CUST-0397,PRD-AUTO,BR-103,20230519,2023-05-19,2029-05-18,38400.0,0.073,72,660.23,Certified Pre-Owned Luxury Car,45668.29,CCC - Elevated Risk,Delinquent (61-90 DPD),1,0.0
LN-13876,CUST-0381,PRD-AUTO,BR-105,20260305,2026-03-05,2032-03-04,37000.0,0.123,72,729.14,New EV Purchase,47691.63,DDD - High Default Probability,Under Restructuring,1,0.0
LN-13877,CUST-0902,PRD-EQUIP,BR-107,20231030,2023-10-30,2028-10-29,120800.0,0.114,60,2650.65,Industrial CNC Machine,160139.42,CCC - Elevated Risk,Current / Performing,0,0.0
LN-13878,CUST-0662,PRD-MORT,BR-109,20241009,2024-10-09,2044-10-09,450800.0,0.0675,240,3427.72,Refinance Existing Mortgage,617470.37,BBB - Moderate Risk,Current / Performing,0,0.0
LN-13879,CUST-0746,PRD-EQUIP,BR-103,20250117,2025-01-17,2029-01-17,58100.0,0.114,48,1512.94,Industrial CNC Machine,77272.68,CCC - Elevated Risk,Current / Performing,0,0.0
LN-13880,CUST-0490,PRD-MORT,BR-103,20240724,2024-07-24,2044-07-24,533200.0,0.0575,240,3743.51,Investment Property Buy,702294.38,CCC - Elevated Risk,Current / Performing,0,0.0
LN-13881,CUST-0477,PRD-EDU,BR-110,20230327,2023-03-27,2027-03-27,21600.0,0.074,48,521.26,MBA Program Tuition,0.0,BBB - Moderate Risk,Current / Performing,0,0.0
LN-13882,CUST-0493,PRD-PERS,BR-108,20250427,2025-04-27,2029-04-27,24100.0,0.17,48,695.41,Home Renovation,0.0,DDD - High Default Probability,Current / Performing,0,0.0
LN-13883,CUST-0954,PRD-SME,BR-112,20230403,2023-04-03,2030-04-02,316400.0,0.09,84,5090.58,New Branch Expansion,429495.02,BBB - Moderate Risk,Current / Performing,0,0.0
LN-13884,CUST-0555,PRD-AUTO,BR-105,20230418,2023-04-18,2028-04-17,17400.0,0.083,60,355.31,Certified Pre-Owned Luxury Car,24763.11,BBB - Moderate Risk,Current / Performing,0,0.0
LN-13885,CUST-0262,PRD-PERS,BR-111,20250127,2025-01-27,2029-01-27,8200.0,0.13,48,219.99,Wedding & Family,0.0,CCC - Elevated Risk,Current / Performing,0,0.0
LN-13886,CUST-0551,PRD-SME,BR-106,20251208,2025-12-08,2032-12-07,325400.0,0.09,84,5235.39,Inventory Stocking Q4,464465.51,AAA - Low Risk,Current / Performing,0,0.0
LN-13887,CUST-0619,PRD-SME,BR-107,20250604,2025-06-04,2032-06-03,405800.0,0.14,84,7604.7,Inventory Stocking Q4,639406.23,DDD - High Default Probability,Current / Performing,0,0.0
LN-13888,CUST-0321,PRD-EQUIP,BR-111,20250813,2025-08-13,2028-08-12,89400.0,0.134,36,3029.49,Medical Imaging Scanner,115952.56,DDD - High Default Probability,Current / Performing,0,0.0
LN-13889,CUST-0887,PRD-EQUIP,BR-111,20251123,2025-11-23,2030-11-23,83700.0,0.094,60,1753.77,Medical Imaging Scanner,130617.37,BBB - Moderate Risk,Current / Performing,0,0.0
LN-13890,CUST-0109,PRD-AUTO,BR-111,20240519,2024-05-19,2027-05-19,59500.0,0.103,36,1928.29,Fleet Commercial Van,77946.66,CCC - Elevated Risk,Current / Performing,0,0.0
LN-13891,CUST-0963,PRD-SME,BR-104,20240821,2024-08-21,2031-08-21,77100.0,0.14,84,1444.85,Technology & IT Modernization,112445.29,DDD - High Default Probability,Current / Performing,0,0.0
LN-13892,CUST-0361,PRD-EDU,BR-107,20241111,2024-11-11,2029-11-11,17100.0,0.074,60,341.84,Medical Residency Program,0.0,BBB - Moderate Risk,Under Restructuring,1,0.0
LN-13893,CUST-0109,PRD-MORT,BR-111,20240912,2024-09-12,2044-09-12,496900.0,0.0875,240,4391.16,Refinance Existing Mortgage,752974.16,CCC - Elevated Risk,Current / Performing,0,0.0
LN-13894,CUST-0671,PRD-PERS,BR-104,20240210,2024-02-10,2025-02-09,18600.0,0.13,12,1661.3,Home Renovation,0.0,BBB - Moderate Risk,Fully Paid,0,0.0
LN-13895,CUST-0374,PRD-PERS,BR-107,20260312,2026-03-12,2030-03-12,19200.0,0.13,48,515.09,Debt Consolidation,0.0,BBB - Moderate Risk,Current / Performing,0,0.0
LN-13896,CUST-0402,PRD-EDU,BR-105,20230919,2023-09-19,2027-09-19,76800.0,0.064,48,1817.77,Medical Residency Program,0.0,AAA - Low Risk,Current / Performing,0,0.0
LN-13897,CUST-0478,PRD-MORT,BR-103,20240715,2024-07-15,2044-07-15,599200.0,0.0575,240,4206.88,Refinance Existing Mortgage,947817.71,AAA - Low Risk,Current / Performing,0,0.0
LN-13898,CUST-0539,PRD-SME,BR-112,20230228,2023-02-28,2030-02-27,239100.0,0.1,84,3969.34,Technology & IT Modernization,308338.71,BBB - Moderate Risk,Current / Performing,0,0.0
LN-13899,CUST-0801,PRD-AUTO,BR-109,20230627,2023-06-27,2026-06-26,45400.0,0.083,36,1428.96,New EV Purchase,71727.84,BBB - Moderate Risk,Fully Paid,0,0.0
LN-13900,CUST-0871,PRD-SME,BR-110,20250913,2025-09-13,2030-09-13,148300.0,0.1,60,3150.94,Working Capital Expansion,180011.44,CCC - Elevated Risk,Current / Performing,0,0.0
LN-13901,CUST-0918,PRD-AUTO,BR-104,20230727,2023-07-27,2027-07-27,42900.0,0.083,48,1053.37,Certified Pre-Owned Luxury Car,58600.21,BBB - Moderate Risk,Current / Performing,0,0.0
LN-13902,CUST-0091,PRD-SME,BR-103,20231124,2023-11-24,2028-11-23,389500.0,0.1,60,8275.72,Technology & IT Modernization,584316.6,BBB - Moderate Risk,Current / Performing,0,0.0
LN-13903,CUST-0628,PRD-PERS,BR-106,20251124,2025-11-24,2027-11-24,30000.0,0.12,24,1412.2,Home Renovation,0.0,BBB - Moderate Risk,Current / Performing,0,0.0
LN-13904,CUST-0596,PRD-MORT,BR-105,20240323,2024-03-23,2044-03-23,305800.0,0.0575,240,2146.97,Investment Property Buy,445556.33,AAA - Low Risk,Current / Performing,0,0.0
LN-13905,CUST-0124,PRD-AUTO,BR-108,20260326,2026-03-26,2029-03-25,59800.0,0.083,36,1882.2,Fleet Commercial Van,78468.34,BBB - Moderate Risk,Current / Performing,0,0.0
LN-13906,CUST-0416,PRD-PERS,BR-110,20250805,2025-08-05,2026-08-05,8800.0,0.15,12,794.27,Emergency Medical Exp,0.0,CCC - Elevated Risk,Fully Paid,0,0.0
LN-13907,CUST-0531,PRD-PERS,BR-110,20230709,2023-07-09,2027-07-09,19100.0,0.12,48,502.98,Debt Consolidation,0.0,AAA - Low Risk,Current / Performing,0,0.0
LN-13908,CUST-0321,PRD-EQUIP,BR-111,20240722,2024-07-22,2029-07-22,106300.0,0.134,60,2440.47,Warehouse Forklift Fleet,131723.17,DDD - High Default Probability,Current / Performing,0,0.0
LN-13909,CUST-0043,PRD-MORT,BR-107,20251027,2025-10-27,2055-10-27,694300.0,0.0575,360,4051.75,Primary Residence Purchase,962049.74,BBB - Moderate Risk,Current / Performing,0,0.0
LN-13910,CUST-0408,PRD-EQUIP,BR-108,20240620,2024-06-20,2029-06-20,63800.0,0.134,60,1464.74,Medical Imaging Scanner,98305.67,DDD - High Default Probability,Current / Performing,0,0.0
LN-13911,CUST-0501,PRD-AUTO,BR-108,20250123,2025-01-23,2028-01-23,59300.0,0.083,36,1866.46,Certified Pre-Owned Luxury Car,85680.66,BBB - Moderate Risk,Current / Performing,0,0.0
LN-13912,CUST-0462,PRD-MORT,BR-102,20230916,2023-09-16,2043-09-16,315200.0,0.0675,240,2396.67,Investment Property Buy,435523.45,BBB - Moderate Risk,Current / Performing,0,0.0
LN-13913,CUST-0830,PRD-PERS,BR-112,20250519,2025-05-19,2029-05-19,5300.0,0.15,48,147.5,Emergency Medical Exp,0.0,CCC - Elevated Risk,Current / Performing,0,0.0
LN-13914,CUST-0372,PRD-EDU,BR-112,20250214,2025-02-14,2035-02-14,20700.0,0.074,120,244.63,Medical Residency Program,0.0,BBB - Moderate Risk,Current / Performing,0,0.0
LN-13915,CUST-0597,PRD-AUTO,BR-111,20250726,2025-07-26,2031-07-26,55900.0,0.083,72,988.32,New EV Purchase,84377.65,BBB - Moderate Risk,Current / Performing,0,0.0
LN-13916,CUST-0573,PRD-MORT,BR-110,20240605,2024-06-05,2054-06-05,782700.0,0.0875,360,6157.5,Investment Property Buy,1026720.28,CCC - Elevated Risk,In Default (90+ DPD),1,0.0
LN-13917,CUST-0543,PRD-PERS,BR-105,20250307,2025-03-07,2029-03-07,28100.0,0.13,48,753.85,Wedding & Family,0.0,BBB - Moderate Risk,Current / Performing,0,0.0
LN-13918,CUST-0055,PRD-SME,BR-109,20250630,2025-06-30,2030-06-30,154400.0,0.14,60,3592.62,Working Capital Expansion,197994.28,DDD - High Default Probability,Current / Performing,0,0.0
LN-13919,CUST-0056,PRD-EQUIP,BR-106,20250920,2025-09-20,2030-09-20,169100.0,0.134,60,3882.26,Medical Imaging Scanner,219123.41,DDD - High Default Probability,Charged Off / Written Off,1,143222.01
LN-13920,CUST-0297,PRD-PERS,BR-109,20240608,2024-06-08,2027-06-08,23800.0,0.15,36,825.03,Emergency Medical Exp,0.0,CCC - Elevated Risk,Current / Performing,0,0.0
LN-13921,CUST-0808,PRD-MORT,BR-101,20230930,2023-09-30,2043-09-30,352600.0,0.0575,240,2475.55,Primary Residence Purchase,523681.95,BBB - Moderate Risk,Current / Performing,0,0.0
LN-13922,CUST-0852,PRD-AUTO,BR-107,20230509,2023-05-09,2026-05-08,36100.0,0.103,36,1169.94,Certified Pre-Owned Luxury Car,46048.25,CCC - Elevated Risk,Fully Paid,0,0.0
LN-13923,CUST-0667,PRD-PERS,BR-103,20260107,2026-01-07,2030-01-07,14800.0,0.13,48,397.05,Home Renovation,0.0,BBB - Moderate Risk,Delinquent (61-90 DPD),1,0.0
LN-13924,CUST-0964,PRD-AUTO,BR-101,20230209,2023-02-09,2026-02-08,63000.0,0.073,36,1953.91,New EV Purchase,79067.7,BBB - Moderate Risk,Fully Paid,0,0.0
LN-13925,CUST-0471,PRD-SME,BR-105,20240616,2024-06-16,2031-06-16,418800.0,0.09,84,6738.11,New Branch Expansion,520915.04,AAA - Low Risk,Current / Performing,0,0.0
LN-13926,CUST-0704,PRD-EDU,BR-107,20250324,2025-03-24,2035-03-24,69200.0,0.064,120,782.24,Master of Science in Data Analytics,0.0,AAA - Low Risk,Current / Performing,0,0.0
LN-13927,CUST-0762,PRD-AUTO,BR-108,20251211,2025-12-11,2029-12-11,37700.0,0.083,48,925.69,Certified Pre-Owned Luxury Car,57957.13,CCC - Elevated Risk,Delinquent (31-60 DPD),0,0.0
LN-13928,CUST-0711,PRD-PERS,BR-107,20230713,2023-07-13,2024-07-12,16500.0,0.13,12,1473.74,Emergency Medical Exp,0.0,BBB - Moderate Risk,Fully Paid,0,0.0
LN-13929,CUST-0926,PRD-EDU,BR-112,20230103,2023-01-03,2027-01-03,64000.0,0.064,48,1514.81,Master of Science in Data Analytics,0.0,AAA - Low Risk,Fully Paid,0,0.0
LN-13930,CUST-0551,PRD-EDU,BR-106,20230309,2023-03-09,2033-03-08,13100.0,0.064,120,148.08,Medical Residency Program,0.0,AAA - Low Risk,Current / Performing,0,0.0
LN-13931,CUST-0987,PRD-EDU,BR-104,20231003,2023-10-03,2027-10-03,73500.0,0.074,48,1773.72,Master of Science in Data Analytics,0.0,BBB - Moderate Risk,Current / Performing,0,0.0
LN-13932,CUST-0935,PRD-PERS,BR-106,20240418,2024-04-18,2028-04-18,29400.0,0.13,48,788.73,Emergency Medical Exp,0.0,CCC - Elevated Risk,Current / Performing,0,0.0
LN-13933,CUST-0205,PRD-PERS,BR-102,20231125,2023-11-25,2027-11-25,19700.0,0.13,48,528.5,Wedding & Family,0.0,BBB - Moderate Risk,Current / Performing,0,0.0
LN-13934,CUST-0216,PRD-EDU,BR-111,20240420,2024-04-20,2028-04-20,36000.0,0.074,48,868.76,Medical Residency Program,0.0,BBB - Moderate Risk,Current / Performing,0,0.0
LN-13935,CUST-0207,PRD-EQUIP,BR-102,20251009,2025-10-09,2027-10-09,144200.0,0.094,24,6614.24,Industrial CNC Machine,228639.88,BBB - Moderate Risk,Current / Performing,0,0.0
LN-13936,CUST-0085,PRD-PERS,BR-111,20231018,2023-10-18,2025-10-17,15900.0,0.15,24,770.94,Emergency Medical Exp,0.0,CCC - Elevated Risk,Fully Paid,0,0.0
LN-13937,CUST-0365,PRD-AUTO,BR-103,20241117,2024-11-17,2030-11-17,33400.0,0.083,72,590.51,Fleet Commercial Van,46108.15,CCC - Elevated Risk,Current / Performing,0,0.0
LN-13938,CUST-0987,PRD-EQUIP,BR-104,20231203,2023-12-03,2025-12-02,111600.0,0.094,24,5118.92,Industrial CNC Machine,166476.37,BBB - Moderate Risk,Fully Paid,0,0.0
LN-13939,CUST-0280,PRD-EQUIP,BR-102,20240422,2024-04-22,2027-04-22,37300.0,0.094,36,1193.09,Warehouse Forklift Fleet,50700.04,BBB - Moderate Risk,Delinquent (61-90 DPD),1,0.0
LN-13940,CUST-0605,PRD-EDU,BR-108,20250912,2025-09-12,2035-09-12,66600.0,0.094,120,858.15,Medical Residency Program,0.0,CCC - Elevated Risk,Current / Performing,0,0.0
LN-13941,CUST-0980,PRD-AUTO,BR-104,20240510,2024-05-10,2027-05-10,48400.0,0.073,36,1501.1,Fleet Commercial Van,71348.39,AAA - Low Risk,Current / Performing,0,0.0
LN-13942,CUST-0118,PRD-SME,BR-110,20230208,2023-02-08,2030-02-07,60600.0,0.1,84,1006.03,Working Capital Expansion,76425.95,BBB - Moderate Risk,Current / Performing,0,0.0
LN-13943,CUST-0149,PRD-EDU,BR-101,20230201,2023-02-01,2027-02-01,38300.0,0.064,48,906.52,MBA Program Tuition,0.0,CCC - Elevated Risk,Current / Performing,0,0.0
LN-13944,CUST-0448,PRD-MORT,BR-110,20250329,2025-03-29,2045-03-29,354200.0,0.0575,240,2486.78,Refinance Existing Mortgage,529572.52,BBB - Moderate Risk,Current / Performing,0,0.0
LN-13945,CUST-0461,PRD-MORT,BR-107,20241231,2024-12-31,2044-12-31,439100.0,0.0875,240,3880.37,Refinance Existing Mortgage,622635.8,DDD - High Default Probability,Under Restructuring,1,0.0
LN-13946,CUST-0319,PRD-SME,BR-112,20240507,2024-05-07,2031-05-07,407000.0,0.12,84,7184.66,Inventory Stocking Q4,484228.94,CCC - Elevated Risk,Current / Performing,0,0.0
LN-13947,CUST-0891,PRD-AUTO,BR-110,20231118,2023-11-18,2029-11-17,46400.0,0.103,72,866.64,Certified Pre-Owned Luxury Car,69244.04,CCC - Elevated Risk,Current / Performing,0,0.0
LN-13948,CUST-0413,PRD-AUTO,BR-108,20240319,2024-03-19,2027-03-19,54900.0,0.073,36,1702.69,Fleet Commercial Van,76869.14,CCC - Elevated Risk,Delinquent (31-60 DPD),0,0.0
LN-13949,CUST-0749,PRD-AUTO,BR-110,20230719,2023-07-19,2026-07-18,27900.0,0.073,36,865.3,New EV Purchase,33722.62,BBB - Moderate Risk,Fully Paid,0,0.0
LN-13950,CUST-0804,PRD-PERS,BR-110,20240805,2024-08-05,2025-08-05,8300.0,0.12,12,737.44,Home Renovation,0.0,BBB - Moderate Risk,Fully Paid,0,0.0
LN-13951,CUST-0192,PRD-SME,BR-110,20251116,2025-11-16,2029-11-16,284600.0,0.09,48,7082.28,Working Capital Expansion,331105.98,AAA - Low Risk,Current / Performing,0,0.0
LN-13952,CUST-0943,PRD-EQUIP,BR-110,20250404,2025-04-04,2030-04-04,93800.0,0.094,60,1965.39,Warehouse Forklift Fleet,123919.56,CCC - Elevated Risk,Current / Performing,0,0.0
LN-13953,CUST-0440,PRD-MORT,BR-111,20251211,2025-12-11,2045-12-11,222900.0,0.0675,240,1694.85,Primary Residence Purchase,284024.22,BBB - Moderate Risk,Current / Performing,0,0.0
LN-13954,CUST-0950,PRD-AUTO,BR-105,20230218,2023-02-18,2029-02-17,39400.0,0.073,72,677.42,New EV Purchase,52509.96,BBB - Moderate Risk,Current / Performing,0,0.0
LN-13955,CUST-0299,PRD-EDU,BR-105,20250513,2025-05-13,2029-05-13,57900.0,0.074,48,1397.26,Master of Science in Data Analytics,0.0,BBB - Moderate Risk,Current / Performing,0,0.0
LN-13956,CUST-0236,PRD-MORT,BR-111,20240409,2024-04-09,2044-04-09,811000.0,0.0875,240,7166.89,Refinance Existing Mortgage,997972.75,CCC - Elevated Risk,Current / Performing,0,0.0
LN-13957,CUST-0912,PRD-PERS,BR-107,20240109,2024-01-09,2028-01-09,10700.0,0.12,48,281.77,Debt Consolidation,0.0,AAA - Low Risk,Current / Performing,0,0.0
LN-13958,CUST-0632,PRD-EQUIP,BR-110,20260212,2026-02-12,2031-02-12,81500.0,0.084,60,1668.17,Industrial CNC Machine,94818.78,AAA - Low Risk,Current / Performing,0,0.0
LN-13959,CUST-0239,PRD-EQUIP,BR-110,20230119,2023-01-19,2028-01-19,172500.0,0.094,60,3614.4,Medical Imaging Scanner,238782.62,BBB - Moderate Risk,Delinquent (31-60 DPD),0,0.0
LN-13960,CUST-0350,PRD-EDU,BR-105,20230706,2023-07-06,2027-07-06,55100.0,0.114,48,1434.82,Medical Residency Program,0.0,DDD - High Default Probability,Current / Performing,0,0.0
LN-13961,CUST-0979,PRD-PERS,BR-110,20250304,2025-03-04,2029-03-04,29100.0,0.12,48,766.31,Wedding & Family,0.0,AAA - Low Risk,Current / Performing,0,0.0
LN-13962,CUST-0450,PRD-EQUIP,BR-105,20260217,2026-02-17,2028-02-17,88500.0,0.114,24,4141.25,Medical Imaging Scanner,106213.06,CCC - Elevated Risk,Current / Performing,0,0.0
LN-13963,CUST-0986,PRD-EDU,BR-112,20260406,2026-04-06,2030-04-06,14000.0,0.074,48,337.85,Master of Science in Data Analytics,0.0,BBB - Moderate Risk,Current / Performing,0,0.0
LN-13964,CUST-0653,PRD-MORT,BR-112,20250901,2025-09-01,2045-09-01,662100.0,0.0675,240,5034.37,Primary Residence Purchase,996225.04,BBB - Moderate Risk,Current / Performing,0,0.0
LN-13965,CUST-0788,PRD-EQUIP,BR-112,20230407,2023-04-07,2027-04-07,83100.0,0.084,48,2044.35,Warehouse Forklift Fleet,99657.89,BBB - Moderate Risk,Current / Performing,0,0.0
LN-13966,CUST-0917,PRD-EQUIP,BR-102,20240513,2024-05-13,2027-05-13,170200.0,0.114,36,5604.43,Medical Imaging Scanner,196678.73,DDD - High Default Probability,Current / Performing,0,0.0
LN-13967,CUST-0640,PRD-AUTO,BR-106,20241030,2024-10-30,2030-10-30,35800.0,0.123,72,705.49,New EV Purchase,45199.47,DDD - High Default Probability,Current / Performing,0,0.0
LN-13968,CUST-0237,PRD-MORT,BR-103,20241017,2024-10-17,2044-10-17,598200.0,0.0675,240,4548.5,Primary Residence Purchase,703405.16,BBB - Moderate Risk,Current / Performing,0,0.0
LN-13969,CUST-0639,PRD-AUTO,BR-108,20230901,2023-09-01,2026-08-31,27200.0,0.073,36,843.59,Certified Pre-Owned Luxury Car,32563.98,CCC - Elevated Risk,Fully Paid,0,0.0
LN-13970,CUST-0617,PRD-PERS,BR-111,20230509,2023-05-09,2027-05-09,27700.0,0.17,48,799.28,Home Renovation,0.0,DDD - High Default Probability,Under Restructuring,1,0.0
LN-13971,CUST-0559,PRD-MORT,BR-106,20251003,2025-10-03,2045-10-03,809900.0,0.0675,240,6158.19,Investment Property Buy,934766.28,BBB - Moderate Risk,Current / Performing,0,0.0
LN-13972,CUST-0097,PRD-AUTO,BR-107,20230920,2023-09-20,2026-09-19,16500.0,0.083,36,519.34,Fleet Commercial Van,19069.01,CCC - Elevated Risk,Fully Paid,0,0.0
LN-13973,CUST-0541,PRD-PERS,BR-109,20230624,2023-06-24,2027-06-24,12400.0,0.15,48,345.1,Wedding & Family,0.0,DDD - High Default Probability,Current / Performing,0,0.0
LN-13974,CUST-0774,PRD-EQUIP,BR-101,20251121,2025-11-21,2030-11-21,131300.0,0.094,60,2751.13,Warehouse Forklift Fleet,198703.14,BBB - Moderate Risk,Current / Performing,0,0.0
LN-13975,CUST-0539,PRD-AUTO,BR-112,20241008,2024-10-08,2027-10-08,52500.0,0.083,36,1652.43,Fleet Commercial Van,70197.86,BBB - Moderate Risk,Current / Performing,0,0.0
LN-13976,CUST-0215,PRD-EDU,BR-107,20241129,2024-11-29,2028-11-29,62200.0,0.094,48,1559.69,Master of Science in Data Analytics,0.0,CCC - Elevated Risk,Current / Performing,0,0.0
LN-13977,CUST-0938,PRD-AUTO,BR-107,20240723,2024-07-23,2030-07-23,22700.0,0.073,72,390.29,Fleet Commercial Van,29850.22,BBB - Moderate Risk,Current / Performing,0,0.0
LN-13978,CUST-0122,PRD-AUTO,BR-110,20250606,2025-06-06,2031-06-06,32100.0,0.083,72,567.53,New EV Purchase,41001.4,BBB - Moderate Risk,Current / Performing,0,0.0
LN-13979,CUST-0346,PRD-EDU,BR-107,20231231,2023-12-31,2027-12-31,39700.0,0.074,48,958.05,Medical Residency Program,0.0,BBB - Moderate Risk,Current / Performing,0,0.0
LN-13980,CUST-0534,PRD-AUTO,BR-107,20230819,2023-08-19,2028-08-18,55400.0,0.123,60,1240.76,Certified Pre-Owned Luxury Car,73254.07,DDD - High Default Probability,In Default (90+ DPD),1,0.0
LN-13981,CUST-0425,PRD-MORT,BR-106,20250602,2025-06-02,2045-06-02,641700.0,0.0575,240,4505.27,Investment Property Buy,742969.14,BBB - Moderate Risk,Current / Performing,0,0.0
LN-13982,CUST-0413,PRD-SME,BR-108,20240720,2024-07-20,2027-07-20,172200.0,0.09,36,5475.91,Technology & IT Modernization,275208.38,CCC - Elevated Risk,Current / Performing,0,0.0
LN-13983,CUST-0282,PRD-EDU,BR-102,20260429,2026-04-29,2036-04-28,61800.0,0.064,120,698.59,MBA Program Tuition,0.0,AAA - Low Risk,Current / Performing,0,0.0
LN-13984,CUST-0064,PRD-PERS,BR-108,20260420,2026-04-20,2030-04-20,24200.0,0.13,48,649.23,Wedding & Family,0.0,CCC - Elevated Risk,In Default (90+ DPD),1,0.0
LN-13985,CUST-0860,PRD-EDU,BR-110,20230906,2023-09-06,2028-09-05,56500.0,0.114,60,1239.75,MBA Program Tuition,0.0,DDD - High Default Probability,Charged Off / Written Off,1,45932.95
LN-13986,CUST-0600,PRD-EQUIP,BR-110,20241218,2024-12-18,2029-12-18,135700.0,0.084,60,2777.56,Medical Imaging Scanner,208688.55,AAA - Low Risk,Current / Performing,0,0.0
LN-13987,CUST-0672,PRD-SME,BR-112,20230504,2023-05-04,2026-05-03,345200.0,0.1,36,11138.63,New Branch Expansion,528447.58,CCC - Elevated Risk,Fully Paid,0,0.0
LN-13988,CUST-0869,PRD-PERS,BR-106,20240526,2024-05-26,2028-05-26,16200.0,0.15,48,450.86,Debt Consolidation,0.0,CCC - Elevated Risk,Current / Performing,0,0.0
LN-13989,CUST-0493,PRD-PERS,BR-108,20230629,2023-06-29,2024-06-28,25800.0,0.17,12,2353.08,Debt Consolidation,0.0,DDD - High Default Probability,Fully Paid,0,0.0
LN-13990,CUST-0336,PRD-EDU,BR-111,20250204,2025-02-04,2029-02-04,49900.0,0.074,48,1204.2,MBA Program Tuition,0.0,CCC - Elevated Risk,Delinquent (31-60 DPD),0,0.0
LN-13991,CUST-0252,PRD-PERS,BR-102,20251014,2025-10-14,2026-10-14,16000.0,0.12,12,1421.58,Home Renovation,0.0,CCC - Elevated Risk,Fully Paid,0,0.0
LN-13992,CUST-0330,PRD-MORT,BR-103,20230831,2023-08-31,2043-08-31,222600.0,0.0675,240,1692.57,Primary Residence Purchase,335959.27,BBB - Moderate Risk,Current / Performing,0,0.0
LN-13993,CUST-0297,PRD-EQUIP,BR-109,20240519,2024-05-19,2029-05-19,135300.0,0.114,60,2968.81,Industrial CNC Machine,157642.28,CCC - Elevated Risk,Current / Performing,0,0.0
LN-13994,CUST-0650,PRD-EDU,BR-105,20251119,2025-11-19,2029-11-19,31400.0,0.074,48,757.75,MBA Program Tuition,0.0,CCC - Elevated Risk,Current / Performing,0,0.0
LN-13995,CUST-0251,PRD-MORT,BR-101,20240818,2024-08-18,2054-08-18,702200.0,0.0675,360,4554.46,Refinance Existing Mortgage,1027030.32,CCC - Elevated Risk,Current / Performing,0,0.0
LN-13996,CUST-0568,PRD-EDU,BR-106,20240128,2024-01-28,2028-01-28,69600.0,0.064,48,1647.35,MBA Program Tuition,0.0,CCC - Elevated Risk,Delinquent (31-60 DPD),0,0.0
LN-13997,CUST-0262,PRD-EQUIP,BR-111,20250529,2025-05-29,2027-05-29,50100.0,0.094,24,2298.01,Medical Imaging Scanner,67280.22,CCC - Elevated Risk,Current / Performing,0,0.0
LN-13998,CUST-0341,PRD-AUTO,BR-110,20240610,2024-06-10,2030-06-10,41400.0,0.103,72,773.25,New EV Purchase,56511.16,CCC - Elevated Risk,Under Restructuring,1,0.0
LN-13999,CUST-0583,PRD-MORT,BR-107,20251205,2025-12-05,2045-12-05,429800.0,0.0575,240,3017.55,Investment Property Buy,584703.5,CCC - Elevated Risk,Current / Performing,0,0.0
LN-14000,CUST-0508,PRD-AUTO,BR-109,20260418,2026-04-18,2032-04-17,53100.0,0.083,72,938.81,New EV Purchase,78895.3,BBB - Moderate Risk,Current / Performing,0,0.0
LN-14001,CUST-0626,PRD-MORT,BR-111,20260227,2026-02-27,2046-02-27,273800.0,0.0575,240,1922.3,Refinance Existing Mortgage,407078.62,BBB - Moderate Risk,Current / Performing,0,0.0
LN-14002,CUST-0943,PRD-SME,BR-110,20250811,2025-08-11,2027-08-11,134800.0,0.1,24,6220.34,Technology & IT Modernization,206288.21,CCC - Elevated Risk,Current / Performing,0,0.0
LN-14003,CUST-0839,PRD-EQUIP,BR-106,20251111,2025-11-11,2030-11-11,140200.0,0.134,60,3218.76,Industrial CNC Machine,178012.06,DDD - High Default Probability,Current / Performing,0,0.0
LN-14004,CUST-0217,PRD-EQUIP,BR-106,20250106,2025-01-06,2030-01-06,101800.0,0.094,60,2133.02,Warehouse Forklift Fleet,147428.66,CCC - Elevated Risk,Current / Performing,0,0.0
LN-14005,CUST-0679,PRD-MORT,BR-104,20250719,2025-07-19,2045-07-19,505100.0,0.0675,240,3840.6,Investment Property Buy,755141.11,BBB - Moderate Risk,Current / Performing,0,0.0
LN-14006,CUST-0035,PRD-PERS,BR-107,20231228,2023-12-28,2025-12-27,24800.0,0.13,24,1179.04,Emergency Medical Exp,0.0,BBB - Moderate Risk,Fully Paid,0,0.0
LN-14007,CUST-0687,PRD-SME,BR-103,20260510,2026-05-10,2030-05-10,405800.0,0.1,48,10292.14,Inventory Stocking Q4,479679.49,BBB - Moderate Risk,Delinquent (31-60 DPD),0,0.0
LN-14008,CUST-0808,PRD-EDU,BR-101,20230518,2023-05-18,2027-05-18,47600.0,0.064,48,1126.64,Master of Science in Data Analytics,0.0,BBB - Moderate Risk,Current / Performing,0,0.0
LN-14009,CUST-0827,PRD-PERS,BR-104,20240715,2024-07-15,2028-07-15,10300.0,0.13,48,276.32,Home Renovation,0.0,CCC - Elevated Risk,Current / Performing,0,0.0
LN-14010,CUST-0138,PRD-AUTO,BR-106,20250526,2025-05-26,2028-05-25,27000.0,0.073,36,837.39,Certified Pre-Owned Luxury Car,35421.29,AAA - Low Risk,Current / Performing,0,0.0
LN-14011,CUST-0523,PRD-EDU,BR-109,20260201,2026-02-01,2036-02-01,27600.0,0.064,120,311.99,MBA Program Tuition,0.0,CCC - Elevated Risk,Current / Performing,0,0.0
LN-14012,CUST-0930,PRD-SME,BR-109,20241218,2024-12-18,2031-12-18,347200.0,0.09,84,5586.13,Inventory Stocking Q4,426696.95,AAA - Low Risk,Current / Performing,0,0.0
LN-14013,CUST-0876,PRD-AUTO,BR-108,20230928,2023-09-28,2027-09-28,59900.0,0.103,48,1527.86,New EV Purchase,69654.04,CCC - Elevated Risk,Delinquent (31-60 DPD),0,0.0
LN-14014,CUST-0250,PRD-AUTO,BR-101,20230701,2023-07-01,2026-06-30,23200.0,0.103,36,751.87,Fleet Commercial Van,27277.56,CCC - Elevated Risk,Fully Paid,0,0.0
LN-14015,CUST-0779,PRD-EDU,BR-105,20240408,2024-04-08,2029-04-08,34400.0,0.064,60,671.47,MBA Program Tuition,0.0,CCC - Elevated Risk,Current / Performing,0,0.0
LN-14016,CUST-0421,PRD-SME,BR-108,20250219,2025-02-19,2032-02-19,214000.0,0.09,84,3443.06,Working Capital Expansion,284547.03,CCC - Elevated Risk,Under Restructuring,1,0.0
LN-14017,CUST-0916,PRD-EDU,BR-103,20240630,2024-06-30,2028-06-30,26400.0,0.064,48,624.86,Master of Science in Data Analytics,0.0,CCC - Elevated Risk,Current / Performing,0,0.0
LN-14018,CUST-0408,PRD-PERS,BR-108,20260106,2026-01-06,2030-01-06,25400.0,0.17,48,732.92,Wedding & Family,0.0,DDD - High Default Probability,Current / Performing,0,0.0
LN-14019,CUST-0094,PRD-SME,BR-106,20230404,2023-04-04,2030-04-03,306800.0,0.12,84,5415.86,Technology & IT Modernization,373663.92,CCC - Elevated Risk,Current / Performing,0,0.0
LN-14020,CUST-0442,PRD-AUTO,BR-108,20230713,2023-07-13,2026-07-12,62000.0,0.073,36,1922.9,Certified Pre-Owned Luxury Car,96209.92,CCC - Elevated Risk,Fully Paid,0,0.0
LN-14021,CUST-0561,PRD-AUTO,BR-112,20240219,2024-02-19,2027-02-18,25400.0,0.083,36,799.46,Fleet Commercial Van,36976.09,CCC - Elevated Risk,Current / Performing,0,0.0
LN-14022,CUST-0835,PRD-MORT,BR-101,20260521,2026-05-21,2046-05-21,705700.0,0.0575,240,4954.6,Investment Property Buy,867424.37,BBB - Moderate Risk,Current / Performing,0,0.0
LN-14023,CUST-0567,PRD-AUTO,BR-101,20240722,2024-07-22,2030-07-22,52300.0,0.083,72,924.67,Fleet Commercial Van,73674.35,BBB - Moderate Risk,Current / Performing,0,0.0
LN-14024,CUST-0413,PRD-PERS,BR-108,20230301,2023-03-01,2025-02-28,17800.0,0.12,24,837.91,Home Renovation,0.0,CCC - Elevated Risk,Fully Paid,0,0.0
LN-14025,CUST-0234,PRD-SME,BR-106,20241220,2024-12-20,2031-12-20,291900.0,0.09,84,4696.4,Technology & IT Modernization,456314.77,AAA - Low Risk,Current / Performing,0,0.0
LN-14026,CUST-0245,PRD-SME,BR-103,20240911,2024-09-11,2027-09-11,194400.0,0.12,36,6456.86,New Branch Expansion,230515.41,DDD - High Default Probability,Current / Performing,0,0.0
LN-14027,CUST-0420,PRD-SME,BR-105,20250624,2025-06-24,2027-06-24,122600.0,0.1,24,5657.37,Technology & IT Modernization,155737.67,BBB - Moderate Risk,Current / Performing,0,0.0
LN-14028,CUST-0578,PRD-AUTO,BR-107,20260322,2026-03-22,2029-03-21,49500.0,0.073,36,1535.22,New EV Purchase,71630.54,AAA - Low Risk,Delinquent (61-90 DPD),1,0.0
LN-14029,CUST-0840,PRD-SME,BR-101,20240218,2024-02-18,2026-02-17,438500.0,0.1,24,20234.55,Technology & IT Modernization,677882.97,BBB - Moderate Risk,Fully Paid,0,0.0
LN-14030,CUST-0232,PRD-MORT,BR-102,20240620,2024-06-20,2044-06-20,500600.0,0.0675,240,3806.38,Primary Residence Purchase,709571.29,BBB - Moderate Risk,Current / Performing,0,0.0
LN-14031,CUST-0397,PRD-SME,BR-103,20230326,2023-03-26,2026-03-25,370500.0,0.09,36,11781.8,New Branch Expansion,489077.82,CCC - Elevated Risk,Charged Off / Written Off,1,226402.32
LN-14032,CUST-0737,PRD-MORT,BR-108,20250301,2025-03-01,2045-03-01,790200.0,0.0675,240,6008.4,Primary Residence Purchase,1129915.35,BBB - Moderate Risk,Current / Performing,0,0.0
LN-14033,CUST-0574,PRD-EQUIP,BR-102,20250416,2025-04-16,2028-04-15,118400.0,0.084,36,3732.11,Medical Imaging Scanner,173101.38,AAA - Low Risk,Current / Performing,0,0.0
LN-14034,CUST-0489,PRD-EDU,BR-111,20251105,2025-11-05,2035-11-05,57000.0,0.074,120,673.63,Medical Residency Program,0.0,BBB - Moderate Risk,Current / Performing,0,0.0
LN-14035,CUST-0262,PRD-SME,BR-111,20260305,2026-03-05,2033-03-04,292700.0,0.1,84,4859.17,Inventory Stocking Q4,408666.89,CCC - Elevated Risk,Current / Performing,0,0.0
LN-14036,CUST-0121,PRD-MORT,BR-108,20240707,2024-07-07,2044-07-07,688000.0,0.1075,240,6984.78,Investment Property Buy,898321.62,DDD - High Default Probability,Charged Off / Written Off,1,547088.73
LN-14037,CUST-0657,PRD-EQUIP,BR-108,20230122,2023-01-22,2026-01-21,116400.0,0.094,36,3723.2,Industrial CNC Machine,161407.75,CCC - Elevated Risk,Fully Paid,0,0.0
LN-14038,CUST-0867,PRD-SME,BR-103,20230221,2023-02-21,2030-02-20,324000.0,0.1,84,5378.78,New Branch Expansion,408695.51,BBB - Moderate Risk,Current / Performing,0,0.0
LN-14039,CUST-0180,PRD-MORT,BR-111,20240211,2024-02-11,2044-02-11,790400.0,0.0675,240,6009.92,Refinance Existing Mortgage,1009590.39,BBB - Moderate Risk,Current / Performing,0,0.0
LN-14040,CUST-0107,PRD-EQUIP,BR-111,20240429,2024-04-29,2026-04-29,92100.0,0.084,24,4182.26,Medical Imaging Scanner,137643.03,BBB - Moderate Risk,Fully Paid,0,0.0
LN-14041,CUST-0937,PRD-AUTO,BR-104,20260511,2026-05-11,2030-05-11,37300.0,0.123,48,987.76,Fleet Commercial Van,48421.43,DDD - High Default Probability,Current / Performing,0,0.0
LN-14042,CUST-0312,PRD-MORT,BR-107,20251130,2025-11-30,2055-11-30,803800.0,0.0675,360,5213.43,Refinance Existing Mortgage,1241952.82,BBB - Moderate Risk,Current / Performing,0,0.0
LN-14043,CUST-0223,PRD-EQUIP,BR-103,20230605,2023-06-05,2025-06-04,74300.0,0.094,24,3408.03,Medical Imaging Scanner,110450.42,BBB - Moderate Risk,Fully Paid,0,0.0
LN-14044,CUST-0394,PRD-EQUIP,BR-111,20260528,2026-05-28,2031-05-28,74700.0,0.094,60,1565.19,Industrial CNC Machine,118202.15,BBB - Moderate Risk,Under Restructuring,1,0.0
LN-14045,CUST-0818,PRD-EQUIP,BR-101,20250605,2025-06-05,2027-06-05,167900.0,0.084,24,7624.33,Industrial CNC Machine,217348.23,BBB - Moderate Risk,Current / Performing,0,0.0
LN-14046,CUST-0805,PRD-AUTO,BR-101,20240914,2024-09-14,2030-09-14,53900.0,0.083,72,952.96,Fleet Commercial Van,63411.9,BBB - Moderate Risk,Current / Performing,0,0.0
LN-14047,CUST-0157,PRD-MORT,BR-101,20230807,2023-08-07,2043-08-07,214800.0,0.0675,240,1633.26,Refinance Existing Mortgage,261195.35,BBB - Moderate Risk,Current / Performing,0,0.0
LN-14048,CUST-0252,PRD-EQUIP,BR-102,20230519,2023-05-19,2026-05-18,41800.0,0.084,36,1317.59,Warehouse Forklift Fleet,51525.86,CCC - Elevated Risk,Fully Paid,0,0.0
LN-14049,CUST-0336,PRD-AUTO,BR-111,20241215,2024-12-15,2029-12-15,27000.0,0.083,60,551.35,Certified Pre-Owned Luxury Car,36362.84,CCC - Elevated Risk,Current / Performing,0,0.0
LN-14050,CUST-0403,PRD-AUTO,BR-108,20240117,2024-01-17,2027-01-16,25400.0,0.083,36,799.46,New EV Purchase,30733.14,BBB - Moderate Risk,Current / Performing,0,0.0
LN-14051,CUST-0141,PRD-EDU,BR-109,20240215,2024-02-15,2028-02-15,40400.0,0.094,48,1013.05,Master of Science in Data Analytics,0.0,DDD - High Default Probability,Current / Performing,0,0.0
LN-14052,CUST-0225,PRD-SME,BR-104,20230410,2023-04-10,2030-04-09,66500.0,0.09,84,1069.92,New Branch Expansion,77827.31,CCC - Elevated Risk,Current / Performing,0,0.0
LN-14053,CUST-0709,PRD-EDU,BR-105,20240427,2024-04-27,2029-04-27,45100.0,0.094,60,944.98,Medical Residency Program,0.0,DDD - High Default Probability,Delinquent (31-60 DPD),0,0.0
LN-14054,CUST-0534,PRD-EDU,BR-107,20240427,2024-04-27,2029-04-27,40000.0,0.114,60,877.7,Master of Science in Data Analytics,0.0,DDD - High Default Probability,Current / Performing,0,0.0
LN-14055,CUST-0191,PRD-SME,BR-108,20251118,2025-11-18,2027-11-18,326200.0,0.1,24,15052.47,Technology & IT Modernization,469413.14,BBB - Moderate Risk,Current / Performing,0,0.0
LN-14056,CUST-0680,PRD-AUTO,BR-112,20240307,2024-03-07,2029-03-07,24100.0,0.123,60,539.75,Fleet Commercial Van,28314.76,DDD - High Default Probability,Under Restructuring,1,0.0
LN-14057,CUST-0235,PRD-MORT,BR-108,20260314,2026-03-14,2046-03-14,572700.0,0.1075,240,5814.22,Refinance Existing Mortgage,701022.15,DDD - High Default Probability,Current / Performing,0,0.0
LN-14058,CUST-0323,PRD-SME,BR-108,20251007,2025-10-07,2032-10-06,82600.0,0.1,84,1371.26,Technology & IT Modernization,121891.95,CCC - Elevated Risk,Current / Performing,0,0.0
LN-14059,CUST-0794,PRD-PERS,BR-108,20251215,2025-12-15,2029-12-15,9500.0,0.13,48,254.86,Home Renovation,0.0,CCC - Elevated Risk,Current / Performing,0,0.0
LN-14060,CUST-0376,PRD-SME,BR-102,20230428,2023-04-28,2026-04-27,405600.0,0.1,36,13087.57,New Branch Expansion,628623.02,BBB - Moderate Risk,Fully Paid,0,0.0
LN-14061,CUST-0710,PRD-PERS,BR-107,20250222,2025-02-22,2029-02-22,14500.0,0.12,48,381.84,Emergency Medical Exp,0.0,AAA - Low Risk,Current / Performing,0,0.0
LN-14062,CUST-0392,PRD-SME,BR-108,20260514,2026-05-14,2031-05-14,148400.0,0.12,60,3301.08,New Branch Expansion,211043.1,CCC - Elevated Risk,Delinquent (31-60 DPD),0,0.0
LN-14063,CUST-0484,PRD-EQUIP,BR-108,20240410,2024-04-10,2029-04-10,35400.0,0.084,60,724.58,Warehouse Forklift Fleet,43631.44,BBB - Moderate Risk,Current / Performing,0,0.0
LN-14064,CUST-0608,PRD-PERS,BR-104,20250922,2025-09-22,2027-09-22,8400.0,0.17,24,415.32,Wedding & Family,0.0,DDD - High Default Probability,Charged Off / Written Off,1,3567.87
LN-14065,CUST-0256,PRD-EQUIP,BR-107,20231129,2023-11-29,2028-11-28,47400.0,0.094,60,993.17,Industrial CNC Machine,68651.68,BBB - Moderate Risk,Current / Performing,0,0.0
LN-14066,CUST-0713,PRD-PERS,BR-108,20240216,2024-02-16,2028-02-16,19900.0,0.13,48,533.87,Emergency Medical Exp,0.0,BBB - Moderate Risk,Current / Performing,0,0.0
LN-14067,CUST-0062,PRD-EDU,BR-110,20260511,2026-05-11,2030-05-11,79300.0,0.094,48,1988.48,Medical Residency Program,0.0,CCC - Elevated Risk,Current / Performing,0,0.0
LN-14068,CUST-0368,PRD-EQUIP,BR-109,20250609,2025-06-09,2030-06-09,46700.0,0.094,60,978.51,Warehouse Forklift Fleet,72499.04,BBB - Moderate Risk,Current / Performing,0,0.0
LN-14069,CUST-0006,PRD-MORT,BR-101,20260427,2026-04-27,2046-04-27,450400.0,0.0675,240,3424.68,Refinance Existing Mortgage,557182.08,CCC - Elevated Risk,Current / Performing,0,0.0
LN-14070,CUST-0681,PRD-AUTO,BR-111,20251124,2025-11-24,2028-11-23,22800.0,0.083,36,717.63,Fleet Commercial Van,29886.21,BBB - Moderate Risk,Current / Performing,0,0.0
LN-14071,CUST-0655,PRD-EQUIP,BR-106,20260218,2026-02-18,2031-02-18,157600.0,0.114,60,3458.13,Medical Imaging Scanner,203477.55,CCC - Elevated Risk,Current / Performing,0,0.0
LN-14072,CUST-0931,PRD-SME,BR-109,20250106,2025-01-06,2029-01-06,406600.0,0.1,48,10312.43,Working Capital Expansion,499484.22,BBB - Moderate Risk,Current / Performing,0,0.0
LN-14073,CUST-0705,PRD-MORT,BR-108,20240410,2024-04-10,2044-04-10,846800.0,0.0875,240,7483.26,Investment Property Buy,1069683.15,CCC - Elevated Risk,Delinquent (31-60 DPD),0,0.0
LN-14074,CUST-0352,PRD-EDU,BR-111,20250722,2025-07-22,2029-07-22,25300.0,0.074,48,610.55,Medical Residency Program,0.0,CCC - Elevated Risk,Current / Performing,0,0.0
LN-14075,CUST-0261,PRD-MORT,BR-104,20241214,2024-12-14,2044-12-14,489500.0,0.0875,240,4325.76,Primary Residence Purchase,703630.19,DDD - High Default Probability,Current / Performing,0,0.0
LN-14076,CUST-0666,PRD-AUTO,BR-101,20251028,2025-10-28,2028-10-27,59300.0,0.123,36,1978.12,Certified Pre-Owned Luxury Car,75803.42,DDD - High Default Probability,Current / Performing,0,0.0
LN-14077,CUST-0118,PRD-AUTO,BR-110,20231109,2023-11-09,2026-11-08,51400.0,0.083,36,1617.81,Certified Pre-Owned Luxury Car,73801.48,BBB - Moderate Risk,Fully Paid,0,0.0
LN-14078,CUST-0964,PRD-EDU,BR-101,20250218,2025-02-18,2035-02-18,50600.0,0.064,120,571.98,MBA Program Tuition,0.0,BBB - Moderate Risk,Current / Performing,0,0.0
LN-14079,CUST-0967,PRD-AUTO,BR-110,20260527,2026-05-27,2032-05-26,21100.0,0.073,72,362.78,New EV Purchase,31929.73,AAA - Low Risk,Current / Performing,0,0.0
LN-14080,CUST-0085,PRD-SME,BR-111,20250407,2025-04-07,2032-04-06,186000.0,0.12,84,3283.41,Working Capital Expansion,268845.99,CCC - Elevated Risk,Current / Performing,0,0.0
LN-14081,CUST-0796,PRD-MORT,BR-111,20250911,2025-09-11,2055-09-11,675300.0,0.0575,360,3940.87,Investment Property Buy,850415.66,AAA - Low Risk,Current / Performing,0,0.0
LN-14082,CUST-0087,PRD-EQUIP,BR-105,20260114,2026-01-14,2031-01-14,60500.0,0.094,60,1267.66,Medical Imaging Scanner,82379.86,CCC - Elevated Risk,Current / Performing,0,0.0
LN-14083,CUST-0223,PRD-EDU,BR-103,20230310,2023-03-10,2027-03-10,67200.0,0.074,48,1621.69,Master of Science in Data Analytics,0.0,BBB - Moderate Risk,Current / Performing,0,0.0
LN-14084,CUST-0158,PRD-SME,BR-107,20230506,2023-05-06,2028-05-05,119700.0,0.1,60,2543.27,New Branch Expansion,145881.83,CCC - Elevated Risk,Current / Performing,0,0.0
LN-14085,CUST-0073,PRD-SME,BR-107,20251017,2025-10-17,2027-10-17,320100.0,0.1,24,14770.99,Technology & IT Modernization,397784.03,BBB - Moderate Risk,Current / Performing,0,0.0
LN-14086,CUST-0912,PRD-MORT,BR-107,20250626,2025-06-26,2045-06-26,771400.0,0.0575,240,5415.87,Refinance Existing Mortgage,1023447.11,AAA - Low Risk,Current / Performing,0,0.0
LN-14087,CUST-0128,PRD-PERS,BR-103,20260327,2026-03-27,2030-03-27,9100.0,0.12,48,239.64,Emergency Medical Exp,0.0,CCC - Elevated Risk,Current / Performing,0,0.0
LN-14088,CUST-0951,PRD-SME,BR-108,20230611,2023-06-11,2025-06-10,405600.0,0.12,24,19093.0,Working Capital Expansion,600230.77,CCC - Elevated Risk,Fully Paid,0,0.0
LN-14089,CUST-0120,PRD-AUTO,BR-112,20230422,2023-04-22,2027-04-22,63200.0,0.083,48,1551.81,Certified Pre-Owned Luxury Car,96243.73,BBB - Moderate Risk,Current / Performing,0,0.0
LN-14090,CUST-0251,PRD-PERS,BR-101,20260306,2026-03-06,2030-03-06,25700.0,0.13,48,689.47,Home Renovation,0.0,CCC - Elevated Risk,Current / Performing,0,0.0
LN-14091,CUST-0332,PRD-MORT,BR-105,20230831,2023-08-31,2053-08-30,778300.0,0.0675,360,5048.04,Investment Property Buy,1174311.21,BBB - Moderate Risk,Current / Performing,0,0.0
LN-14092,CUST-0721,PRD-AUTO,BR-106,20231009,2023-10-09,2029-10-08,22400.0,0.123,72,441.43,Fleet Commercial Van,29374.23,DDD - High Default Probability,Current / Performing,0,0.0
LN-14093,CUST-0723,PRD-EQUIP,BR-102,20250209,2025-02-09,2028-02-09,77800.0,0.084,36,2452.35,Medical Imaging Scanner,107603.2,AAA - Low Risk,Delinquent (31-60 DPD),0,0.0
LN-14094,CUST-0858,PRD-EDU,BR-109,20250201,2025-02-01,2032-02-01,20200.0,0.064,84,298.98,Master of Science in Data Analytics,0.0,AAA - Low Risk,Current / Performing,0,0.0
LN-14095,CUST-0904,PRD-SME,BR-106,20241028,2024-10-28,2031-10-28,114600.0,0.09,84,1843.81,Working Capital Expansion,146642.01,AAA - Low Risk,Current / Performing,0,0.0
LN-14096,CUST-0546,PRD-MORT,BR-103,20231206,2023-12-06,2043-12-06,374200.0,0.0575,240,2627.2,Investment Property Buy,531732.23,AAA - Low Risk,Current / Performing,0,0.0
LN-14097,CUST-0681,PRD-MORT,BR-111,20250828,2025-08-28,2045-08-28,743000.0,0.0675,240,5649.5,Refinance Existing Mortgage,991773.31,BBB - Moderate Risk,Current / Performing,0,0.0
LN-14098,CUST-0676,PRD-EQUIP,BR-110,20260428,2026-04-28,2031-04-28,107600.0,0.094,60,2254.55,Warehouse Forklift Fleet,124323.6,BBB - Moderate Risk,Current / Performing,0,0.0
LN-14099,CUST-0206,PRD-SME,BR-107,20231015,2023-10-15,2030-10-14,82400.0,0.12,84,1454.59,Inventory Stocking Q4,114553.86,CCC - Elevated Risk,Current / Performing,0,0.0
LN-14100,CUST-0322,PRD-AUTO,BR-103,20240525,2024-05-25,2027-05-25,53700.0,0.083,36,1690.2,New EV Purchase,71927.34,BBB - Moderate Risk,Current / Performing,0,0.0
LN-14101,CUST-0688,PRD-AUTO,BR-106,20230130,2023-01-30,2026-01-29,15500.0,0.073,36,480.72,Fleet Commercial Van,24271.04,AAA - Low Risk,Fully Paid,0,0.0
LN-14102,CUST-0931,PRD-PERS,BR-109,20250610,2025-06-10,2029-06-10,32900.0,0.13,48,882.62,Emergency Medical Exp,0.0,BBB - Moderate Risk,Delinquent (31-60 DPD),0,0.0
LN-14103,CUST-0641,PRD-EQUIP,BR-107,20230809,2023-08-09,2028-08-08,141100.0,0.114,60,3096.08,Medical Imaging Scanner,197422.73,CCC - Elevated Risk,In Default (90+ DPD),1,0.0
LN-14104,CUST-0816,PRD-AUTO,BR-103,20241204,2024-12-04,2027-12-04,39400.0,0.103,36,1276.88,Certified Pre-Owned Luxury Car,59953.6,CCC - Elevated Risk,Current / Performing,0,0.0
LN-14105,CUST-0206,PRD-EQUIP,BR-107,20260105,2026-01-05,2031-01-05,50600.0,0.114,60,1110.29,Warehouse Forklift Fleet,77025.23,CCC - Elevated Risk,Current / Performing,0,0.0
LN-14106,CUST-0364,PRD-EQUIP,BR-104,20240921,2024-09-21,2026-09-21,44900.0,0.094,24,2059.5,Industrial CNC Machine,57868.83,BBB - Moderate Risk,Fully Paid,0,0.0
LN-14107,CUST-0237,PRD-SME,BR-103,20251012,2025-10-12,2032-10-11,286900.0,0.1,84,4762.88,Working Capital Expansion,347538.03,BBB - Moderate Risk,Current / Performing,0,0.0
LN-14108,CUST-0503,PRD-MORT,BR-111,20260315,2026-03-15,2056-03-14,453700.0,0.0675,360,2942.69,Investment Property Buy,639142.7,BBB - Moderate Risk,Current / Performing,0,0.0
LN-14109,CUST-0964,PRD-EDU,BR-101,20230907,2023-09-07,2033-09-06,77600.0,0.064,120,877.19,Medical Residency Program,0.0,BBB - Moderate Risk,Delinquent (61-90 DPD),1,0.0
LN-14110,CUST-0759,PRD-PERS,BR-106,20260219,2026-02-19,2030-02-19,5500.0,0.12,48,144.84,Home Renovation,0.0,BBB - Moderate Risk,Current / Performing,0,0.0
LN-14111,CUST-0390,PRD-MORT,BR-103,20250420,2025-04-20,2045-04-20,499300.0,0.0575,240,3505.5,Investment Property Buy,713214.0,CCC - Elevated Risk,In Default (90+ DPD),1,0.0
LN-14112,CUST-0745,PRD-SME,BR-112,20231225,2023-12-25,2025-12-24,107100.0,0.14,24,5142.18,Inventory Stocking Q4,162294.43,DDD - High Default Probability,Fully Paid,0,0.0
LN-14113,CUST-0155,PRD-MORT,BR-112,20241225,2024-12-25,2044-12-25,271300.0,0.0675,240,2062.87,Primary Residence Purchase,392949.25,CCC - Elevated Risk,Current / Performing,0,0.0
LN-14114,CUST-0952,PRD-PERS,BR-110,20250317,2025-03-17,2029-03-17,6200.0,0.13,48,166.33,Wedding & Family,0.0,BBB - Moderate Risk,Delinquent (61-90 DPD),1,0.0
LN-14115,CUST-0126,PRD-EQUIP,BR-107,20250103,2025-01-03,2030-01-03,89700.0,0.084,60,1836.01,Medical Imaging Scanner,128440.03,CCC - Elevated Risk,In Default (90+ DPD),1,0.0
LN-14116,CUST-0848,PRD-EDU,BR-102,20250428,2025-04-28,2035-04-28,68300.0,0.074,120,807.17,MBA Program Tuition,0.0,CCC - Elevated Risk,Current / Performing,0,0.0
LN-14117,CUST-0071,PRD-SME,BR-103,20260507,2026-05-07,2029-05-06,306800.0,0.09,36,9756.16,Inventory Stocking Q4,450533.24,AAA - Low Risk,Current / Performing,0,0.0
LN-14118,CUST-0131,PRD-MORT,BR-106,20230130,2023-01-30,2053-01-29,496400.0,0.0875,360,3905.18,Refinance Existing Mortgage,671564.69,CCC - Elevated Risk,Delinquent (61-90 DPD),1,0.0
LN-14119,CUST-0345,PRD-SME,BR-101,20260507,2026-05-07,2033-05-06,173700.0,0.1,84,2883.63,New Branch Expansion,259612.22,CCC - Elevated Risk,Current / Performing,0,0.0
LN-14120,CUST-0193,PRD-MORT,BR-106,20240718,2024-07-18,2044-07-18,203900.0,0.0675,240,1550.38,Refinance Existing Mortgage,321437.08,BBB - Moderate Risk,Current / Performing,0,0.0
LN-14121,CUST-0648,PRD-AUTO,BR-109,20230113,2023-01-13,2027-01-13,36000.0,0.083,48,883.94,Fleet Commercial Van,57546.54,BBB - Moderate Risk,Fully Paid,0,0.0
LN-14122,CUST-0576,PRD-EDU,BR-111,20241218,2024-12-18,2029-12-18,76000.0,0.064,60,1483.47,Master of Science in Data Analytics,0.0,CCC - Elevated Risk,Current / Performing,0,0.0
LN-14123,CUST-0500,PRD-SME,BR-101,20241118,2024-11-18,2031-11-18,288000.0,0.09,84,4633.65,Working Capital Expansion,337878.07,BBB - Moderate Risk,Current / Performing,0,0.0
LN-14124,CUST-0856,PRD-SME,BR-104,20250422,2025-04-22,2032-04-21,154200.0,0.09,84,2480.94,New Branch Expansion,210697.41,CCC - Elevated Risk,Current / Performing,0,0.0
LN-14125,CUST-0120,PRD-MORT,BR-112,20250211,2025-02-11,2045-02-11,572700.0,0.0675,240,4354.6,Primary Residence Purchase,913725.36,BBB - Moderate Risk,Delinquent (61-90 DPD),1,0.0
LN-14126,CUST-0748,PRD-MORT,BR-111,20251108,2025-11-08,2045-11-08,763700.0,0.0675,240,5806.9,Primary Residence Purchase,927203.59,BBB - Moderate Risk,Current / Performing,0,0.0
LN-14127,CUST-0170,PRD-EDU,BR-102,20240106,2024-01-06,2034-01-05,72300.0,0.064,120,817.28,MBA Program Tuition,0.0,BBB - Moderate Risk,Current / Performing,0,0.0
LN-14128,CUST-0230,PRD-EDU,BR-112,20250718,2025-07-18,2029-07-18,45900.0,0.074,48,1107.67,Master of Science in Data Analytics,0.0,BBB - Moderate Risk,Current / Performing,0,0.0
LN-14129,CUST-0269,PRD-EDU,BR-101,20230805,2023-08-05,2027-08-05,79600.0,0.094,48,1996.0,Medical Residency Program,0.0,DDD - High Default Probability,Current / Performing,0,0.0
LN-14130,CUST-0876,PRD-EDU,BR-108,20260106,2026-01-06,2030-01-06,46600.0,0.094,48,1168.51,MBA Program Tuition,0.0,CCC - Elevated Risk,Current / Performing,0,0.0
LN-14131,CUST-0280,PRD-MORT,BR-102,20230912,2023-09-12,2053-09-11,315600.0,0.0675,360,2046.98,Investment Property Buy,468123.14,BBB - Moderate Risk,Current / Performing,0,0.0
LN-14132,CUST-0964,PRD-EQUIP,BR-101,20231019,2023-10-19,2025-10-18,139200.0,0.084,24,6321.06,Medical Imaging Scanner,187509.4,BBB - Moderate Risk,Fully Paid,0,0.0
LN-14133,CUST-0082,PRD-EQUIP,BR-108,20260221,2026-02-21,2028-02-21,137400.0,0.094,24,6302.33,Industrial CNC Machine,197296.8,BBB - Moderate Risk,Current / Performing,0,0.0
LN-14134,CUST-0203,PRD-EDU,BR-110,20250613,2025-06-13,2029-06-13,40700.0,0.094,48,1020.57,Medical Residency Program,0.0,DDD - High Default Probability,Current / Performing,0,0.0
LN-14135,CUST-0829,PRD-EQUIP,BR-106,20240326,2024-03-26,2029-03-26,105400.0,0.094,60,2208.45,Warehouse Forklift Fleet,129004.82,CCC - Elevated Risk,Current / Performing,0,0.0
LN-14136,CUST-0217,PRD-MORT,BR-106,20230207,2023-02-07,2043-02-07,651500.0,0.0675,240,4953.77,Refinance Existing Mortgage,936820.79,CCC - Elevated Risk,Current / Performing,0,0.0
LN-14137,CUST-0117,PRD-AUTO,BR-101,20260218,2026-02-18,2032-02-18,15400.0,0.073,72,264.78,New EV Purchase,19475.99,AAA - Low Risk,Current / Performing,0,0.0
LN-14138,CUST-0981,PRD-MORT,BR-108,20251011,2025-10-11,2045-10-11,275000.0,0.0675,240,2091.0,Primary Residence Purchase,368895.05,CCC - Elevated Risk,Current / Performing,0,0.0
LN-14139,CUST-0547,PRD-EQUIP,BR-109,20240120,2024-01-20,2028-01-20,92100.0,0.084,48,2265.76,Warehouse Forklift Fleet,134075.43,CCC - Elevated Risk,Current / Performing,0,0.0
LN-14140,CUST-0645,PRD-PERS,BR-112,20260221,2026-02-21,2030-02-21,14500.0,0.12,48,381.84,Wedding & Family,0.0,AAA - Low Risk,Current / Performing,0,0.0
LN-14141,CUST-0824,PRD-EDU,BR-105,20251231,2025-12-31,2035-12-31,77900.0,0.094,120,1003.75,Master of Science in Data Analytics,0.0,CCC - Elevated Risk,Current / Performing,0,0.0
LN-14142,CUST-0514,PRD-EDU,BR-108,20250603,2025-06-03,2032-06-02,40200.0,0.094,84,654.97,Master of Science in Data Analytics,0.0,CCC - Elevated Risk,Current / Performing,0,0.0
LN-14143,CUST-0239,PRD-EDU,BR-110,20260530,2026-05-30,2033-05-29,11100.0,0.074,84,169.71,Master of Science in Data Analytics,0.0,BBB - Moderate Risk,Charged Off / Written Off,1,5364.13
LN-14144,CUST-0470,PRD-SME,BR-106,20230602,2023-06-02,2030-06-01,167600.0,0.1,84,2782.36,Working Capital Expansion,200870.03,BBB - Moderate Risk,Current / Performing,0,0.0
LN-14145,CUST-0207,PRD-AUTO,BR-102,20260323,2026-03-23,2029-03-22,34800.0,0.083,36,1095.33,Certified Pre-Owned Luxury Car,51507.31,BBB - Moderate Risk,Current / Performing,0,0.0
LN-14146,CUST-0215,PRD-MORT,BR-107,20231119,2023-11-19,2043-11-19,380700.0,0.0875,240,3364.29,Primary Residence Purchase,588288.47,CCC - Elevated Risk,Current / Performing,0,0.0
LN-14147,CUST-0692,PRD-EQUIP,BR-110,20260221,2026-02-21,2031-02-21,165300.0,0.134,60,3795.02,Industrial CNC Machine,262837.23,DDD - High Default Probability,Charged Off / Written Off,1,103812.28
LN-14148,CUST-0212,PRD-EDU,BR-112,20250823,2025-08-23,2029-08-23,15600.0,0.094,48,391.18,MBA Program Tuition,0.0,CCC - Elevated Risk,Current / Performing,0,0.0
LN-14149,CUST-0610,PRD-AUTO,BR-101,20241216,2024-12-16,2030-12-16,15800.0,0.073,72,271.66,Fleet Commercial Van,23800.95,AAA - Low Risk,Current / Performing,0,0.0
LN-14150,CUST-0286,PRD-PERS,BR-101,20260329,2026-03-29,2030-03-29,11900.0,0.13,48,319.25,Wedding & Family,0.0,BBB - Moderate Risk,Current / Performing,0,0.0
LN-14151,CUST-0763,PRD-MORT,BR-103,20250126,2025-01-26,2045-01-26,540200.0,0.0875,240,4773.81,Investment Property Buy,834503.79,CCC - Elevated Risk,In Default (90+ DPD),1,0.0
LN-14152,CUST-0166,PRD-EQUIP,BR-102,20250709,2025-07-09,2028-07-08,170900.0,0.114,36,5627.48,Warehouse Forklift Fleet,219640.78,DDD - High Default Probability,Under Restructuring,1,0.0
LN-14153,CUST-0726,PRD-AUTO,BR-105,20250301,2025-03-01,2031-03-01,52600.0,0.123,72,1036.56,New EV Purchase,78578.81,DDD - High Default Probability,Charged Off / Written Off,1,24073.25
LN-14154,CUST-0601,PRD-EDU,BR-110,20240118,2024-01-18,2034-01-17,13900.0,0.074,120,164.27,MBA Program Tuition,0.0,BBB - Moderate Risk,Current / Performing,0,0.0
LN-14155,CUST-0933,PRD-AUTO,BR-105,20231210,2023-12-10,2029-12-09,39000.0,0.083,72,689.52,Fleet Commercial Van,53775.4,CCC - Elevated Risk,Current / Performing,0,0.0
LN-14156,CUST-0896,PRD-PERS,BR-112,20250605,2025-06-05,2029-06-05,21200.0,0.12,48,558.28,Emergency Medical Exp,0.0,AAA - Low Risk,Current / Performing,0,0.0
LN-14157,CUST-0343,PRD-SME,BR-105,20260315,2026-03-15,2028-03-14,302900.0,0.09,24,13837.91,Inventory Stocking Q4,406137.89,AAA - Low Risk,Current / Performing,0,0.0
LN-14158,CUST-0530,PRD-AUTO,BR-108,20260216,2026-02-16,2029-02-15,38100.0,0.073,36,1181.65,Certified Pre-Owned Luxury Car,47774.6,AAA - Low Risk,Current / Performing,0,0.0
LN-14159,CUST-0444,PRD-AUTO,BR-111,20230816,2023-08-16,2029-08-15,28200.0,0.123,72,555.72,Fleet Commercial Van,35345.59,DDD - High Default Probability,Charged Off / Written Off,1,15982.56
LN-14160,CUST-0226,PRD-SME,BR-104,20240803,2024-08-03,2031-08-03,413100.0,0.1,84,6857.95,Technology & IT Modernization,614492.69,BBB - Moderate Risk,Current / Performing,0,0.0
LN-14161,CUST-0807,PRD-EQUIP,BR-112,20240501,2024-05-01,2029-05-01,159000.0,0.084,60,3254.47,Industrial CNC Machine,222738.67,CCC - Elevated Risk,Current / Performing,0,0.0
LN-14162,CUST-0029,PRD-PERS,BR-104,20251031,2025-10-31,2026-10-31,31800.0,0.12,12,2825.39,Debt Consolidation,0.0,CCC - Elevated Risk,Fully Paid,0,0.0
LN-14163,CUST-0875,PRD-EDU,BR-110,20230417,2023-04-17,2028-04-16,75700.0,0.064,60,1477.61,Medical Residency Program,0.0,AAA - Low Risk,Current / Performing,0,0.0
LN-14164,CUST-0880,PRD-SME,BR-102,20250920,2025-09-20,2032-09-19,256300.0,0.12,84,4524.4,New Branch Expansion,353584.37,CCC - Elevated Risk,Current / Performing,0,0.0
LN-14165,CUST-0203,PRD-EDU,BR-110,20250106,2025-01-06,2030-01-06,76400.0,0.094,60,1600.81,Medical Residency Program,0.0,DDD - High Default Probability,Current / Performing,0,0.0
LN-14166,CUST-0899,PRD-AUTO,BR-108,20241203,2024-12-03,2030-12-03,28200.0,0.103,72,526.7,New EV Purchase,35688.61,DDD - High Default Probability,Under Restructuring,1,0.0
LN-14167,CUST-0840,PRD-EQUIP,BR-101,20240702,2024-07-02,2029-07-02,161100.0,0.094,60,3375.53,Industrial CNC Machine,221356.22,BBB - Moderate Risk,Charged Off / Written Off,1,86069.62
LN-14168,CUST-0016,PRD-MORT,BR-107,20240405,2024-04-05,2044-04-05,390400.0,0.0675,240,2968.46,Investment Property Buy,488834.11,BBB - Moderate Risk,Current / Performing,0,0.0
LN-14169,CUST-0033,PRD-MORT,BR-106,20240423,2024-04-23,2044-04-23,575400.0,0.0575,240,4039.79,Investment Property Buy,730257.87,BBB - Moderate Risk,Current / Performing,0,0.0
LN-14170,CUST-0224,PRD-MORT,BR-111,20241113,2024-11-13,2044-11-13,477700.0,0.0675,240,3632.26,Investment Property Buy,691796.62,BBB - Moderate Risk,Current / Performing,0,0.0
LN-14171,CUST-0224,PRD-MORT,BR-111,20230817,2023-08-17,2043-08-17,591700.0,0.0675,240,4499.07,Primary Residence Purchase,851632.31,BBB - Moderate Risk,Current / Performing,0,0.0
LN-14172,CUST-0759,PRD-SME,BR-106,20241106,2024-11-06,2031-11-06,156400.0,0.09,84,2516.33,Inventory Stocking Q4,188549.43,BBB - Moderate Risk,Current / Performing,0,0.0
LN-14173,CUST-0309,PRD-EDU,BR-103,20250509,2025-05-09,2035-05-09,64000.0,0.064,120,723.45,Master of Science in Data Analytics,0.0,AAA - Low Risk,Current / Performing,0,0.0
LN-14174,CUST-0766,PRD-AUTO,BR-102,20230604,2023-06-04,2029-06-03,27800.0,0.103,72,519.23,Certified Pre-Owned Luxury Car,41773.19,CCC - Elevated Risk,Current / Performing,0,0.0
LN-14175,CUST-0263,PRD-AUTO,BR-107,20230928,2023-09-28,2026-09-27,49600.0,0.123,36,1654.55,Certified Pre-Owned Luxury Car,74048.64,DDD - High Default Probability,Fully Paid,0,0.0
LN-14176,CUST-0713,PRD-PERS,BR-108,20230126,2023-01-26,2027-01-26,19500.0,0.13,48,523.14,Wedding & Family,0.0,BBB - Moderate Risk,Current / Performing,0,0.0
LN-14177,CUST-0851,PRD-PERS,BR-104,20231102,2023-11-02,2027-11-02,13000.0,0.12,48,342.34,Wedding & Family,0.0,CCC - Elevated Risk,Current / Performing,0,0.0
LN-14178,CUST-0768,PRD-SME,BR-103,20250827,2025-08-27,2032-08-26,178500.0,0.12,84,3151.01,Inventory Stocking Q4,240832.45,CCC - Elevated Risk,Current / Performing,0,0.0
LN-14179,CUST-0108,PRD-MORT,BR-103,20230423,2023-04-23,2043-04-23,761700.0,0.0575,240,5347.77,Refinance Existing Mortgage,1195132.04,AAA - Low Risk,Current / Performing,0,0.0
LN-14180,CUST-0996,PRD-AUTO,BR-104,20250929,2025-09-29,2031-09-29,37100.0,0.083,72,655.93,New EV Purchase,54220.47,CCC - Elevated Risk,In Default (90+ DPD),1,0.0
LN-14181,CUST-0611,PRD-EDU,BR-101,20240402,2024-04-02,2029-04-02,67200.0,0.094,60,1408.04,Master of Science in Data Analytics,0.0,CCC - Elevated Risk,Delinquent (31-60 DPD),0,0.0
LN-14182,CUST-0492,PRD-AUTO,BR-108,20250813,2025-08-13,2031-08-13,63500.0,0.083,72,1122.69,New EV Purchase,94795.55,BBB - Moderate Risk,Delinquent (31-60 DPD),0,0.0
LN-14183,CUST-0699,PRD-EQUIP,BR-107,20230806,2023-08-06,2028-08-05,167400.0,0.114,60,3673.16,Industrial CNC Machine,228373.88,CCC - Elevated Risk,Delinquent (31-60 DPD),0,0.0
LN-14184,CUST-0732,PRD-PERS,BR-111,20251116,2025-11-16,2029-11-16,9000.0,0.15,48,250.48,Emergency Medical Exp,0.0,CCC - Elevated Risk,Current / Performing,0,0.0
LN-14185,CUST-0677,PRD-AUTO,BR-105,20241024,2024-10-24,2027-10-24,19900.0,0.103,36,644.92,New EV Purchase,31422.91,CCC - Elevated Risk,Under Restructuring,1,0.0
LN-14186,CUST-0044,PRD-PERS,BR-105,20240208,2024-02-08,2028-02-08,15600.0,0.12,48,410.81,Emergency Medical Exp,0.0,AAA - Low Risk,Current / Performing,0,0.0
LN-14187,CUST-0952,PRD-EDU,BR-110,20230709,2023-07-09,2027-07-09,38900.0,0.074,48,938.74,Medical Residency Program,0.0,BBB - Moderate Risk,Current / Performing,0,0.0
LN-14188,CUST-0881,PRD-SME,BR-101,20250707,2025-07-07,2032-07-06,294000.0,0.1,84,4880.75,New Branch Expansion,379603.33,BBB - Moderate Risk,Current / Performing,0,0.0
LN-14189,CUST-0778,PRD-EDU,BR-106,20230419,2023-04-19,2027-04-19,56900.0,0.094,48,1426.79,Medical Residency Program,0.0,CCC - Elevated Risk,Current / Performing,0,0.0
LN-14190,CUST-0693,PRD-EDU,BR-103,20250114,2025-01-14,2035-01-14,37200.0,0.094,120,479.32,MBA Program Tuition,0.0,CCC - Elevated Risk,Current / Performing,0,0.0
LN-14191,CUST-0409,PRD-EQUIP,BR-104,20230224,2023-02-24,2028-02-24,42500.0,0.134,60,975.73,Industrial CNC Machine,55595.19,DDD - High Default Probability,Under Restructuring,1,0.0
LN-14192,CUST-0909,PRD-SME,BR-107,20230525,2023-05-25,2030-05-24,243300.0,0.1,84,4039.07,Inventory Stocking Q4,369375.7,CCC - Elevated Risk,Current / Performing,0,0.0
LN-14193,CUST-0012,PRD-EQUIP,BR-102,20240328,2024-03-28,2026-03-28,65200.0,0.084,24,2960.73,Industrial CNC Machine,103721.87,AAA - Low Risk,Fully Paid,0,0.0
LN-14194,CUST-0172,PRD-EQUIP,BR-105,20230221,2023-02-21,2028-02-21,54700.0,0.114,60,1200.25,Industrial CNC Machine,65250.26,DDD - High Default Probability,Current / Performing,0,0.0
LN-14195,CUST-0795,PRD-AUTO,BR-107,20250711,2025-07-11,2028-07-10,41100.0,0.083,36,1293.62,Fleet Commercial Van,55737.22,BBB - Moderate Risk,Current / Performing,0,0.0
LN-14196,CUST-0933,PRD-PERS,BR-105,20250724,2025-07-24,2027-07-24,9700.0,0.13,24,461.16,Emergency Medical Exp,0.0,CCC - Elevated Risk,Current / Performing,0,0.0
LN-14197,CUST-0624,PRD-MORT,BR-107,20240807,2024-08-07,2044-08-07,767000.0,0.0675,240,5831.99,Primary Residence Purchase,1098623.21,CCC - Elevated Risk,Current / Performing,0,0.0
LN-14198,CUST-0043,PRD-EDU,BR-107,20260211,2026-02-11,2036-02-11,28100.0,0.064,120,317.64,Master of Science in Data Analytics,0.0,BBB - Moderate Risk,Current / Performing,0,0.0
LN-14199,CUST-0602,PRD-PERS,BR-108,20250310,2025-03-10,2028-03-09,13400.0,0.12,36,445.07,Debt Consolidation,0.0,CCC - Elevated Risk,Current / Performing,0,0.0
LN-14200,CUST-0127,PRD-AUTO,BR-104,20230704,2023-07-04,2026-07-03,35500.0,0.123,36,1184.2,New EV Purchase,54898.16,DDD - High Default Probability,Under Restructuring,1,0.0
LN-14201,CUST-0663,PRD-PERS,BR-105,20241230,2024-12-30,2028-12-30,6100.0,0.15,48,169.77,Debt Consolidation,0.0,DDD - High Default Probability,Delinquent (31-60 DPD),0,0.0
LN-14202,CUST-0835,PRD-SME,BR-101,20250714,2025-07-14,2029-07-14,99300.0,0.09,48,2471.08,New Branch Expansion,139347.09,BBB - Moderate Risk,Current / Performing,0,0.0
LN-14203,CUST-0825,PRD-AUTO,BR-103,20250226,2025-02-26,2028-02-26,29100.0,0.073,36,902.52,Fleet Commercial Van,42254.67,AAA - Low Risk,Current / Performing,0,0.0
LN-14204,CUST-0941,PRD-AUTO,BR-102,20240918,2024-09-18,2030-09-18,56200.0,0.073,72,966.27,New EV Purchase,75506.12,BBB - Moderate Risk,Current / Performing,0,0.0
LN-14205,CUST-0196,PRD-PERS,BR-101,20240910,2024-09-10,2026-09-10,27300.0,0.12,24,1285.11,Wedding & Family,0.0,BBB - Moderate Risk,Fully Paid,0,0.0
LN-14206,CUST-0851,PRD-AUTO,BR-104,20240312,2024-03-12,2027-03-12,34400.0,0.073,36,1066.9,Certified Pre-Owned Luxury Car,54899.46,CCC - Elevated Risk,Current / Performing,0,0.0
LN-14207,CUST-0027,PRD-MORT,BR-105,20230317,2023-03-17,2043-03-17,245300.0,0.0575,240,1722.21,Refinance Existing Mortgage,363457.42,BBB - Moderate Risk,Current / Performing,0,0.0
LN-14208,CUST-0835,PRD-SME,BR-101,20230112,2023-01-12,2025-01-11,69800.0,0.09,24,3188.8,New Branch Expansion,91723.79,BBB - Moderate Risk,Fully Paid,0,0.0
LN-14209,CUST-0143,PRD-SME,BR-112,20250726,2025-07-26,2028-07-25,268500.0,0.09,36,8538.23,New Branch Expansion,404010.97,CCC - Elevated Risk,Current / Performing,0,0.0
LN-14210,CUST-0288,PRD-SME,BR-111,20250715,2025-07-15,2030-07-15,306000.0,0.1,60,6501.6,Technology & IT Modernization,468681.11,CCC - Elevated Risk,Current / Performing,0,0.0
LN-14211,CUST-0463,PRD-SME,BR-106,20230829,2023-08-29,2025-08-28,124800.0,0.14,24,5992.01,New Branch Expansion,193381.17,DDD - High Default Probability,In Default (90+ DPD),1,0.0
LN-14212,CUST-0703,PRD-SME,BR-111,20251113,2025-11-13,2032-11-12,179900.0,0.12,84,3175.73,New Branch Expansion,233684.53,CCC - Elevated Risk,Current / Performing,0,0.0
LN-14213,CUST-0005,PRD-MORT,BR-105,20240228,2024-02-28,2044-02-28,826900.0,0.0675,240,6287.45,Investment Property Buy,1232071.34,BBB - Moderate Risk,Current / Performing,0,0.0
LN-14214,CUST-0779,PRD-SME,BR-105,20230706,2023-07-06,2026-07-05,196500.0,0.09,36,6248.65,Working Capital Expansion,287277.7,CCC - Elevated Risk,Fully Paid,0,0.0
LN-14215,CUST-0041,PRD-SME,BR-105,20230804,2023-08-04,2030-08-03,314200.0,0.1,84,5216.09,Inventory Stocking Q4,461554.25,BBB - Moderate Risk,Delinquent (31-60 DPD),0,0.0
LN-14216,CUST-0306,PRD-EDU,BR-106,20260418,2026-04-18,2030-04-18,48900.0,0.074,48,1180.07,Medical Residency Program,0.0,BBB - Moderate Risk,Current / Performing,0,0.0
LN-14217,CUST-0399,PRD-EDU,BR-105,20250705,2025-07-05,2029-07-05,72700.0,0.074,48,1754.42,MBA Program Tuition,0.0,BBB - Moderate Risk,Current / Performing,0,0.0
LN-14218,CUST-0839,PRD-PERS,BR-106,20230316,2023-03-16,2027-03-16,30000.0,0.17,48,865.65,Debt Consolidation,0.0,DDD - High Default Probability,Current / Performing,0,0.0
LN-14219,CUST-0448,PRD-AUTO,BR-110,20240213,2024-02-13,2030-02-12,20300.0,0.073,72,349.03,Fleet Commercial Van,31631.08,BBB - Moderate Risk,Current / Performing,0,0.0
LN-14220,CUST-0866,PRD-MORT,BR-101,20240426,2024-04-26,2044-04-26,425800.0,0.0575,240,2989.47,Investment Property Buy,575714.79,AAA - Low Risk,Delinquent (31-60 DPD),0,0.0
LN-14221,CUST-0064,PRD-EDU,BR-108,20250829,2025-08-29,2035-08-29,78100.0,0.074,120,922.99,MBA Program Tuition,0.0,CCC - Elevated Risk,Current / Performing,0,0.0
LN-14222,CUST-0835,PRD-SME,BR-101,20240507,2024-05-07,2031-05-07,425000.0,0.09,84,6837.86,New Branch Expansion,598950.07,BBB - Moderate Risk,Current / Performing,0,0.0
LN-14223,CUST-0529,PRD-MORT,BR-107,20240124,2024-01-24,2044-01-24,286100.0,0.0575,240,2008.66,Investment Property Buy,343213.18,BBB - Moderate Risk,Delinquent (31-60 DPD),0,0.0
LN-14224,CUST-0971,PRD-SME,BR-103,20231001,2023-10-01,2026-09-30,72400.0,0.09,36,2302.3,New Branch Expansion,109894.25,BBB - Moderate Risk,Fully Paid,0,0.0
LN-14225,CUST-0238,PRD-EQUIP,BR-107,20240519,2024-05-19,2029-05-19,114900.0,0.084,60,2351.82,Medical Imaging Scanner,133458.33,AAA - Low Risk,Delinquent (61-90 DPD),1,0.0
LN-14226,CUST-0319,PRD-PERS,BR-112,20260528,2026-05-28,2030-05-28,9400.0,0.15,48,261.61,Emergency Medical Exp,0.0,CCC - Elevated Risk,Under Restructuring,1,0.0
LN-14227,CUST-0612,PRD-SME,BR-106,20250914,2025-09-14,2032-09-13,103800.0,0.1,84,1723.2,Technology & IT Modernization,148854.5,BBB - Moderate Risk,Current / Performing,0,0.0
LN-14228,CUST-0641,PRD-EDU,BR-107,20250117,2025-01-17,2029-01-17,33800.0,0.094,48,847.55,MBA Program Tuition,0.0,CCC - Elevated Risk,Current / Performing,0,0.0
LN-14229,CUST-0812,PRD-PERS,BR-104,20240301,2024-03-01,2028-03-01,6700.0,0.12,48,176.44,Wedding & Family,0.0,CCC - Elevated Risk,Current / Performing,0,0.0
LN-14230,CUST-0281,PRD-EDU,BR-103,20260509,2026-05-09,2030-05-09,70200.0,0.114,48,1828.02,Master of Science in Data Analytics,0.0,DDD - High Default Probability,Current / Performing,0,0.0
LN-14231,CUST-0149,PRD-PERS,BR-101,20231114,2023-11-14,2027-11-14,26500.0,0.12,48,697.85,Emergency Medical Exp,0.0,CCC - Elevated Risk,Delinquent (31-60 DPD),0,0.0
LN-14232,CUST-0268,PRD-MORT,BR-110,20230623,2023-06-23,2053-06-22,382000.0,0.0875,360,3005.2,Investment Property Buy,508353.03,CCC - Elevated Risk,Current / Performing,0,0.0
LN-14233,CUST-0308,PRD-EDU,BR-106,20251003,2025-10-03,2032-10-02,30100.0,0.074,84,460.2,Medical Residency Program,0.0,BBB - Moderate Risk,Delinquent (31-60 DPD),0,0.0
LN-14234,CUST-0032,PRD-EDU,BR-107,20240119,2024-01-19,2034-01-18,59500.0,0.074,120,703.17,MBA Program Tuition,0.0,BBB - Moderate Risk,Current / Performing,0,0.0
LN-14235,CUST-0818,PRD-PERS,BR-101,20230501,2023-05-01,2027-05-01,4400.0,0.12,48,115.87,Debt Consolidation,0.0,BBB - Moderate Risk,Current / Performing,0,0.0
LN-14236,CUST-0790,PRD-EQUIP,BR-105,20250305,2025-03-05,2030-03-05,123600.0,0.084,60,2529.89,Medical Imaging Scanner,163294.15,CCC - Elevated Risk,Under Restructuring,1,0.0
LN-14237,CUST-0750,PRD-MORT,BR-111,20230621,2023-06-21,2043-06-21,671100.0,0.0675,240,5102.8,Primary Residence Purchase,800631.44,CCC - Elevated Risk,Charged Off / Written Off,1,532844.62
LN-14238,CUST-0668,PRD-EDU,BR-111,20240915,2024-09-15,2028-09-15,38800.0,0.074,48,936.33,MBA Program Tuition,0.0,CCC - Elevated Risk,Current / Performing,0,0.0
LN-14239,CUST-0667,PRD-AUTO,BR-103,20250404,2025-04-04,2030-04-04,58200.0,0.083,60,1188.46,New EV Purchase,73454.08,BBB - Moderate Risk,Current / Performing,0,0.0
LN-14240,CUST-0134,PRD-AUTO,BR-104,20230427,2023-04-27,2029-04-26,18600.0,0.123,72,366.54,Fleet Commercial Van,27813.14,DDD - High Default Probability,Charged Off / Written Off,1,10432.22
LN-14241,CUST-0850,PRD-SME,BR-103,20230509,2023-05-09,2026-05-08,283500.0,0.12,36,9416.26,Inventory Stocking Q4,422310.87,CCC - Elevated Risk,Charged Off / Written Off,1,134420.91
LN-14242,CUST-0242,PRD-MORT,BR-108,20240709,2024-07-09,2044-07-09,740400.0,0.0675,240,5629.74,Investment Property Buy,1059728.31,CCC - Elevated Risk,Current / Performing,0,0.0
LN-14243,CUST-0411,PRD-EDU,BR-102,20230111,2023-01-11,2027-01-11,44200.0,0.064,48,1046.16,Master of Science in Data Analytics,0.0,BBB - Moderate Risk,Fully Paid,0,0.0
LN-14244,CUST-0072,PRD-PERS,BR-101,20250407,2025-04-07,2029-04-07,11900.0,0.12,48,313.37,Debt Consolidation,0.0,BBB - Moderate Risk,Current / Performing,0,0.0
LN-14245,CUST-0880,PRD-MORT,BR-102,20240406,2024-04-06,2044-04-06,476500.0,0.0875,240,4210.88,Refinance Existing Mortgage,685936.05,CCC - Elevated Risk,Current / Performing,0,0.0
LN-14246,CUST-0389,PRD-EQUIP,BR-110,20240509,2024-05-09,2029-05-09,59100.0,0.084,60,1209.68,Warehouse Forklift Fleet,78759.68,AAA - Low Risk,Current / Performing,0,0.0
LN-14247,CUST-0735,PRD-EDU,BR-111,20230626,2023-06-26,2033-06-25,70000.0,0.094,120,901.95,MBA Program Tuition,0.0,CCC - Elevated Risk,Current / Performing,0,0.0
LN-14248,CUST-0503,PRD-AUTO,BR-111,20230310,2023-03-10,2029-03-09,58300.0,0.083,72,1030.75,New EV Purchase,85829.22,BBB - Moderate Risk,Current / Performing,0,0.0
LN-14249,CUST-0662,PRD-PERS,BR-109,20230722,2023-07-22,2027-07-22,23400.0,0.13,48,627.76,Home Renovation,0.0,BBB - Moderate Risk,Current / Performing,0,0.0
LN-14250,CUST-0167,PRD-AUTO,BR-108,20240229,2024-02-29,2030-02-28,63500.0,0.123,72,1251.37,Fleet Commercial Van,86710.35,DDD - High Default Probability,Current / Performing,0,0.0
LN-14251,CUST-0854,PRD-MORT,BR-104,20240324,2024-03-24,2044-03-24,383400.0,0.0675,240,2915.24,Primary Residence Purchase,524163.09,BBB - Moderate Risk,Current / Performing,0,0.0
LN-14252,CUST-0186,PRD-EDU,BR-109,20250509,2025-05-09,2029-05-09,28600.0,0.064,48,676.93,Master of Science in Data Analytics,0.0,AAA - Low Risk,Current / Performing,0,0.0
LN-14253,CUST-0640,PRD-AUTO,BR-106,20251109,2025-11-09,2031-11-09,41700.0,0.123,72,821.76,New EV Purchase,65208.32,DDD - High Default Probability,Under Restructuring,1,0.0
LN-14254,CUST-0520,PRD-EDU,BR-102,20240110,2024-01-10,2034-01-09,55500.0,0.114,120,777.13,MBA Program Tuition,0.0,DDD - High Default Probability,Current / Performing,0,0.0
LN-14255,CUST-0846,PRD-SME,BR-110,20250324,2025-03-24,2027-03-24,86600.0,0.09,24,3956.3,Technology & IT Modernization,109085.82,AAA - Low Risk,Current / Performing,0,0.0
LN-14256,CUST-0514,PRD-SME,BR-108,20260216,2026-02-16,2030-02-16,175900.0,0.12,48,4632.12,Inventory Stocking Q4,266700.5,CCC - Elevated Risk,Current / Performing,0,0.0
LN-14257,CUST-0202,PRD-EDU,BR-112,20250310,2025-03-10,2029-03-10,72000.0,0.094,48,1805.43,Medical Residency Program,0.0,CCC - Elevated Risk,Current / Performing,0,0.0
LN-14258,CUST-0946,PRD-MORT,BR-111,20240803,2024-08-03,2044-08-03,432100.0,0.0575,240,3033.7,Investment Property Buy,553086.59,AAA - Low Risk,Current / Performing,0,0.0
LN-14259,CUST-0179,PRD-EQUIP,BR-102,20240904,2024-09-04,2029-09-04,84700.0,0.094,60,1774.72,Medical Imaging Scanner,133847.87,CCC - Elevated Risk,Delinquent (31-60 DPD),0,0.0
LN-14260,CUST-0020,PRD-MORT,BR-101,20251215,2025-12-15,2045-12-15,225300.0,0.0575,240,1581.79,Investment Property Buy,273669.49,AAA - Low Risk,Delinquent (61-90 DPD),1,0.0
LN-14261,CUST-0682,PRD-MORT,BR-102,20240822,2024-08-22,2044-08-22,298200.0,0.0575,240,2093.61,Refinance Existing Mortgage,466708.7,AAA - Low Risk,Current / Performing,0,0.0
LN-14262,CUST-0368,PRD-PERS,BR-109,20231110,2023-11-10,2027-11-10,13700.0,0.13,48,367.54,Home Renovation,0.0,BBB - Moderate Risk,Current / Performing,0,0.0
LN-14263,CUST-0033,PRD-SME,BR-106,20240928,2024-09-28,2031-09-28,433100.0,0.09,84,6968.18,Technology & IT Modernization,548535.51,BBB - Moderate Risk,Current / Performing,0,0.0
LN-14264,CUST-0867,PRD-EDU,BR-103,20260526,2026-05-26,2031-05-26,77900.0,0.074,60,1557.26,Master of Science in Data Analytics,0.0,BBB - Moderate Risk,Current / Performing,0,0.0
LN-14265,CUST-0208,PRD-PERS,BR-107,20240312,2024-03-12,2027-03-12,15000.0,0.15,36,519.98,Home Renovation,0.0,CCC - Elevated Risk,Current / Performing,0,0.0
LN-14266,CUST-0458,PRD-SME,BR-103,20241226,2024-12-26,2031-12-26,105600.0,0.1,84,1753.09,Working Capital Expansion,151883.32,BBB - Moderate Risk,Current / Performing,0,0.0
LN-14267,CUST-0582,PRD-MORT,BR-101,20240427,2024-04-27,2044-04-27,253700.0,0.0575,240,1781.19,Primary Residence Purchase,352687.77,BBB - Moderate Risk,Current / Performing,0,0.0
LN-14268,CUST-0094,PRD-PERS,BR-106,20240506,2024-05-06,2028-05-06,7900.0,0.15,48,219.86,Emergency Medical Exp,0.0,CCC - Elevated Risk,Current / Performing,0,0.0
LN-14269,CUST-0750,PRD-EQUIP,BR-111,20260504,2026-05-04,2031-05-04,33000.0,0.094,60,691.45,Medical Imaging Scanner,48952.24,CCC - Elevated Risk,Current / Performing,0,0.0
LN-14270,CUST-0470,PRD-MORT,BR-106,20231224,2023-12-24,2043-12-24,325900.0,0.0675,240,2478.03,Primary Residence Purchase,458851.66,BBB - Moderate Risk,Current / Performing,0,0.0
LN-14271,CUST-0038,PRD-AUTO,BR-101,20251206,2025-12-06,2028-12-05,38000.0,0.083,36,1196.05,New EV Purchase,46450.85,CCC - Elevated Risk,Current / Performing,0,0.0
LN-14272,CUST-0236,PRD-EDU,BR-111,20260227,2026-02-27,2030-02-27,35400.0,0.094,48,887.67,Medical Residency Program,0.0,CCC - Elevated Risk,Current / Performing,0,0.0
LN-14273,CUST-0807,PRD-PERS,BR-112,20250223,2025-02-23,2029-02-23,6100.0,0.12,48,160.64,Home Renovation,0.0,CCC - Elevated Risk,Charged Off / Written Off,1,3864.31
LN-14274,CUST-0174,PRD-PERS,BR-105,20251011,2025-10-11,2027-10-11,6500.0,0.12,24,305.98,Home Renovation,0.0,AAA - Low Risk,Current / Performing,0,0.0
LN-14275,CUST-0069,PRD-EQUIP,BR-107,20240219,2024-02-19,2026-02-18,33700.0,0.084,24,1530.32,Warehouse Forklift Fleet,48436.62,AAA - Low Risk,Fully Paid,0,0.0
LN-14276,CUST-0971,PRD-EDU,BR-103,20250508,2025-05-08,2030-05-08,42200.0,0.064,60,823.72,Master of Science in Data Analytics,0.0,BBB - Moderate Risk,Current / Performing,0,0.0
LN-14277,CUST-0770,PRD-EQUIP,BR-112,20250328,2025-03-28,2029-03-28,77200.0,0.094,48,1935.82,Warehouse Forklift Fleet,115979.62,BBB - Moderate Risk,Current / Performing,0,0.0
LN-14278,CUST-0446,PRD-EDU,BR-103,20250521,2025-05-21,2035-05-21,34300.0,0.064,120,387.73,Master of Science in Data Analytics,0.0,BBB - Moderate Risk,Current / Performing,0,0.0
LN-14279,CUST-0374,PRD-EQUIP,BR-107,20241102,2024-11-02,2027-11-02,152000.0,0.094,36,4861.91,Medical Imaging Scanner,232723.35,BBB - Moderate Risk,Current / Performing,0,0.0
LN-14280,CUST-0329,PRD-MORT,BR-108,20250311,2025-03-11,2045-03-11,225000.0,0.0875,240,1988.35,Refinance Existing Mortgage,277777.31,CCC - Elevated Risk,Delinquent (31-60 DPD),0,0.0
LN-14281,CUST-0740,PRD-AUTO,BR-106,20240115,2024-01-15,2027-01-14,45300.0,0.103,36,1468.09,New EV Purchase,56822.64,CCC - Elevated Risk,Fully Paid,0,0.0
LN-14282,CUST-0870,PRD-EQUIP,BR-106,20230114,2023-01-14,2028-01-14,77300.0,0.094,60,1619.67,Medical Imaging Scanner,103934.21,CCC - Elevated Risk,Under Restructuring,1,0.0
LN-14283,CUST-0886,PRD-MORT,BR-103,20230220,2023-02-20,2053-02-19,356200.0,0.0575,360,2078.69,Primary Residence Purchase,505314.31,AAA - Low Risk,Current / Performing,0,0.0
LN-14284,CUST-0129,PRD-AUTO,BR-105,20231204,2023-12-04,2029-12-03,58500.0,0.103,72,1092.63,New EV Purchase,68468.98,DDD - High Default Probability,In Default (90+ DPD),1,0.0
LN-14285,CUST-0402,PRD-MORT,BR-105,20230301,2023-03-01,2043-03-01,766800.0,0.0575,240,5383.58,Refinance Existing Mortgage,922430.52,AAA - Low Risk,Current / Performing,0,0.0
LN-14286,CUST-0890,PRD-EQUIP,BR-106,20230710,2023-07-10,2028-07-09,83000.0,0.084,60,1698.87,Warehouse Forklift Fleet,122276.37,AAA - Low Risk,Current / Performing,0,0.0
LN-14287,CUST-0661,PRD-EQUIP,BR-110,20230425,2023-04-25,2025-04-24,122500.0,0.114,24,5732.24,Industrial CNC Machine,172477.84,DDD - High Default Probability,In Default (90+ DPD),1,0.0
LN-14288,CUST-0970,PRD-EDU,BR-108,20240416,2024-04-16,2031-04-16,14000.0,0.114,84,242.67,Master of Science in Data Analytics,0.0,DDD - High Default Probability,Delinquent (31-60 DPD),0,0.0
LN-14289,CUST-0873,PRD-SME,BR-102,20260520,2026-05-20,2029-05-19,56800.0,0.12,36,1886.57,Inventory Stocking Q4,79067.42,CCC - Elevated Risk,Current / Performing,0,0.0
LN-14290,CUST-0159,PRD-EDU,BR-110,20231103,2023-11-03,2027-11-03,51500.0,0.074,48,1242.81,MBA Program Tuition,0.0,CCC - Elevated Risk,Current / Performing,0,0.0
LN-14291,CUST-0642,PRD-AUTO,BR-111,20241108,2024-11-08,2029-11-08,56300.0,0.103,60,1204.54,Fleet Commercial Van,85147.58,CCC - Elevated Risk,Current / Performing,0,0.0
LN-14292,CUST-0969,PRD-PERS,BR-112,20240430,2024-04-30,2028-04-30,30200.0,0.13,48,810.19,Wedding & Family,0.0,BBB - Moderate Risk,Current / Performing,0,0.0
LN-14293,CUST-0680,PRD-EQUIP,BR-112,20240129,2024-01-29,2029-01-28,137700.0,0.134,60,3161.37,Industrial CNC Machine,215145.6,DDD - High Default Probability,Current / Performing,0,0.0
LN-14294,CUST-0858,PRD-EDU,BR-109,20260404,2026-04-04,2033-04-03,55500.0,0.064,84,821.46,Medical Residency Program,0.0,AAA - Low Risk,Current / Performing,0,0.0
LN-14295,CUST-0823,PRD-EDU,BR-102,20230128,2023-01-28,2030-01-27,13200.0,0.074,84,201.81,Medical Residency Program,0.0,BBB - Moderate Risk,Current / Performing,0,0.0
LN-14296,CUST-0634,PRD-MORT,BR-111,20240221,2024-02-21,2044-02-21,725100.0,0.0575,240,5090.81,Investment Property Buy,897710.23,AAA - Low Risk,Current / Performing,0,0.0
LN-14297,CUST-0437,PRD-EQUIP,BR-103,20240910,2024-09-10,2027-09-10,121100.0,0.114,36,3987.64,Warehouse Forklift Fleet,192139.03,DDD - High Default Probability,Current / Performing,0,0.0
LN-14298,CUST-0876,PRD-AUTO,BR-108,20260530,2026-05-30,2032-05-29,58000.0,0.103,72,1083.29,Certified Pre-Owned Luxury Car,80457.94,CCC - Elevated Risk,Delinquent (31-60 DPD),0,0.0
LN-14299,CUST-0968,PRD-SME,BR-110,20260404,2026-04-04,2033-04-03,295900.0,0.09,84,4760.76,Working Capital Expansion,432498.27,AAA - Low Risk,Current / Performing,0,0.0
LN-14300,CUST-0844,PRD-PERS,BR-105,20240404,2024-04-04,2025-04-04,5800.0,0.17,12,528.99,Home Renovation,0.0,DDD - High Default Probability,Fully Paid,0,0.0
LN-14301,CUST-0892,PRD-AUTO,BR-109,20250105,2025-01-05,2029-01-05,53500.0,0.123,48,1416.75,New EV Purchase,82707.39,DDD - High Default Probability,Current / Performing,0,0.0
LN-14302,CUST-0762,PRD-PERS,BR-108,20230429,2023-04-29,2027-04-29,25100.0,0.13,48,673.37,Debt Consolidation,0.0,CCC - Elevated Risk,In Default (90+ DPD),1,0.0
LN-14303,CUST-0952,PRD-SME,BR-110,20231013,2023-10-13,2026-10-12,135700.0,0.1,36,4378.66,Technology & IT Modernization,195985.37,BBB - Moderate Risk,Fully Paid,0,0.0
LN-14304,CUST-0113,PRD-EQUIP,BR-111,20251226,2025-12-26,2028-12-25,126300.0,0.114,36,4158.87,Medical Imaging Scanner,184830.32,CCC - Elevated Risk,Current / Performing,0,0.0
LN-14305,CUST-0080,PRD-MORT,BR-105,20240209,2024-02-09,2044-02-09,677200.0,0.0675,240,5149.19,Refinance Existing Mortgage,947354.6,BBB - Moderate Risk,Current / Performing,0,0.0
LN-14306,CUST-0544,PRD-EDU,BR-103,20230212,2023-02-12,2033-02-11,25500.0,0.094,120,328.57,MBA Program Tuition,0.0,CCC - Elevated Risk,Current / Performing,0,0.0
LN-14307,CUST-0701,PRD-EQUIP,BR-107,20230727,2023-07-27,2025-07-26,76700.0,0.094,24,3518.11,Warehouse Forklift Fleet,91946.62,CCC - Elevated Risk,Fully Paid,0,0.0
LN-14308,CUST-0670,PRD-PERS,BR-105,20250708,2025-07-08,2029-07-08,19600.0,0.17,48,565.56,Home Renovation,0.0,DDD - High Default Probability,Current / Performing,0,0.0
LN-14309,CUST-0127,PRD-AUTO,BR-104,20230128,2023-01-28,2029-01-27,60900.0,0.123,72,1200.13,Certified Pre-Owned Luxury Car,81740.85,DDD - High Default Probability,Current / Performing,0,0.0
LN-14310,CUST-0486,PRD-EQUIP,BR-104,20250920,2025-09-20,2030-09-20,128000.0,0.084,60,2619.95,Warehouse Forklift Fleet,198412.66,AAA - Low Risk,Delinquent (31-60 DPD),0,0.0
LN-14311,CUST-0829,PRD-EQUIP,BR-106,20250831,2025-08-31,2030-08-31,166800.0,0.094,60,3494.96,Medical Imaging Scanner,201773.18,CCC - Elevated Risk,Current / Performing,0,0.0
LN-14312,CUST-0736,PRD-EDU,BR-103,20251120,2025-11-20,2032-11-19,33800.0,0.074,84,516.77,MBA Program Tuition,0.0,BBB - Moderate Risk,Current / Performing,0,0.0
LN-14313,CUST-0906,PRD-AUTO,BR-108,20240203,2024-02-03,2030-02-02,22300.0,0.073,72,383.41,Certified Pre-Owned Luxury Car,35068.79,BBB - Moderate Risk,Current / Performing,0,0.0
LN-14314,CUST-0476,PRD-AUTO,BR-102,20240303,2024-03-03,2027-03-03,64800.0,0.083,36,2039.58,Fleet Commercial Van,78180.57,BBB - Moderate Risk,Current / Performing,0,0.0
LN-14315,CUST-0979,PRD-EQUIP,BR-110,20241207,2024-12-07,2026-12-07,41600.0,0.084,24,1889.05,Warehouse Forklift Fleet,51666.86,AAA - Low Risk,Fully Paid,0,0.0
LN-14316,CUST-0444,PRD-PERS,BR-111,20250203,2025-02-03,2029-02-03,4100.0,0.17,48,118.31,Emergency Medical Exp,0.0,DDD - High Default Probability,Current / Performing,0,0.0
LN-14317,CUST-0949,PRD-EQUIP,BR-104,20240102,2024-01-02,2026-01-01,136700.0,0.084,24,6207.54,Medical Imaging Scanner,168636.98,CCC - Elevated Risk,Under Restructuring,1,0.0
LN-14318,CUST-0663,PRD-EQUIP,BR-105,20240510,2024-05-10,2026-05-10,173900.0,0.114,24,8137.44,Medical Imaging Scanner,207288.44,DDD - High Default Probability,Fully Paid,0,0.0
LN-14319,CUST-0689,PRD-MORT,BR-111,20230825,2023-08-25,2043-08-25,476800.0,0.1075,240,4840.61,Investment Property Buy,671779.88,DDD - High Default Probability,Current / Performing,0,0.0
LN-14320,CUST-0896,PRD-AUTO,BR-112,20241130,2024-11-30,2029-11-30,35500.0,0.073,60,707.98,New EV Purchase,52491.82,AAA - Low Risk,Delinquent (61-90 DPD),1,0.0
LN-14321,CUST-0364,PRD-EDU,BR-104,20250128,2025-01-28,2029-01-28,49300.0,0.074,48,1189.72,Medical Residency Program,0.0,BBB - Moderate Risk,Current / Performing,0,0.0
LN-14322,CUST-0817,PRD-EQUIP,BR-103,20250723,2025-07-23,2030-07-23,118700.0,0.094,60,2487.12,Warehouse Forklift Fleet,148275.4,BBB - Moderate Risk,Current / Performing,0,0.0
LN-14323,CUST-0057,PRD-EQUIP,BR-112,20240215,2024-02-15,2029-02-14,91700.0,0.094,60,1921.39,Medical Imaging Scanner,124368.71,BBB - Moderate Risk,Current / Performing,0,0.0
LN-14324,CUST-0373,PRD-MORT,BR-111,20230314,2023-03-14,2043-03-14,507700.0,0.0675,240,3860.37,Investment Property Buy,781372.5,BBB - Moderate Risk,Current / Performing,0,0.0
LN-14325,CUST-0808,PRD-EDU,BR-101,20230307,2023-03-07,2033-03-06,29600.0,0.064,120,334.6,Medical Residency Program,0.0,BBB - Moderate Risk,Current / Performing,0,0.0
LN-14326,CUST-0894,PRD-PERS,BR-105,20260518,2026-05-18,2030-05-18,22100.0,0.12,48,581.98,Home Renovation,0.0,AAA - Low Risk,Current / Performing,0,0.0
LN-14327,CUST-0469,PRD-EQUIP,BR-109,20260426,2026-04-26,2031-04-26,109800.0,0.084,60,2247.43,Industrial CNC Machine,142051.28,AAA - Low Risk,Delinquent (61-90 DPD),1,0.0
LN-14328,CUST-0831,PRD-SME,BR-103,20240223,2024-02-23,2031-02-22,267400.0,0.14,84,5011.08,New Branch Expansion,423612.82,DDD - High Default Probability,Current / Performing,0,0.0
LN-14329,CUST-0659,PRD-AUTO,BR-103,20230726,2023-07-26,2029-07-25,64700.0,0.123,72,1275.01,Certified Pre-Owned Luxury Car,95456.46,DDD - High Default Probability,Current / Performing,0,0.0
LN-14330,CUST-0540,PRD-SME,BR-102,20241104,2024-11-04,2031-11-04,103000.0,0.09,84,1657.18,New Branch Expansion,127451.75,AAA - Low Risk,Current / Performing,0,0.0
LN-14331,CUST-0113,PRD-EQUIP,BR-111,20230628,2023-06-28,2025-06-27,151100.0,0.114,24,7070.54,Industrial CNC Machine,226249.15,CCC - Elevated Risk,Fully Paid,0,0.0
LN-14332,CUST-0793,PRD-EDU,BR-103,20251122,2025-11-22,2029-11-22,19700.0,0.074,48,475.41,Medical Residency Program,0.0,BBB - Moderate Risk,Delinquent (61-90 DPD),1,0.0
LN-14333,CUST-0528,PRD-AUTO,BR-112,20250618,2025-06-18,2031-06-18,39800.0,0.103,72,743.36,Certified Pre-Owned Luxury Car,52931.17,CCC - Elevated Risk,Current / Performing,0,0.0
LN-14334,CUST-0370,PRD-EDU,BR-108,20230723,2023-07-23,2027-07-23,76800.0,0.074,48,1853.36,Medical Residency Program,0.0,CCC - Elevated Risk,Current / Performing,0,0.0
LN-14335,CUST-0585,PRD-AUTO,BR-102,20230503,2023-05-03,2029-05-02,34800.0,0.083,72,615.27,Certified Pre-Owned Luxury Car,49320.37,CCC - Elevated Risk,Current / Performing,0,0.0
LN-14336,CUST-0273,PRD-EDU,BR-110,20250319,2025-03-19,2029-03-19,79500.0,0.074,48,1918.51,MBA Program Tuition,0.0,CCC - Elevated Risk,Current / Performing,0,0.0
LN-14337,CUST-0430,PRD-PERS,BR-107,20240309,2024-03-09,2026-03-09,7900.0,0.12,24,371.88,Emergency Medical Exp,0.0,BBB - Moderate Risk,Fully Paid,0,0.0
LN-14338,CUST-0452,PRD-AUTO,BR-101,20260105,2026-01-05,2029-01-04,45500.0,0.073,36,1411.16,Fleet Commercial Van,59868.37,AAA - Low Risk,Current / Performing,0,0.0
LN-14339,CUST-0615,PRD-SME,BR-110,20230912,2023-09-12,2030-09-11,166700.0,0.09,84,2682.05,Working Capital Expansion,238430.79,CCC - Elevated Risk,Current / Performing,0,0.0
LN-14340,CUST-0071,PRD-PERS,BR-103,20260308,2026-03-08,2030-03-08,17800.0,0.12,48,468.74,Home Renovation,0.0,AAA - Low Risk,Current / Performing,0,0.0
LN-14341,CUST-0703,PRD-EDU,BR-111,20230806,2023-08-06,2030-08-05,36500.0,0.094,84,594.69,Medical Residency Program,0.0,CCC - Elevated Risk,Current / Performing,0,0.0
LN-14342,CUST-0962,PRD-EQUIP,BR-107,20260108,2026-01-08,2029-01-07,108900.0,0.084,36,3432.66,Industrial CNC Machine,130072.99,CCC - Elevated Risk,Delinquent (61-90 DPD),1,0.0
LN-14343,CUST-0171,PRD-EDU,BR-103,20251207,2025-12-07,2030-12-07,41700.0,0.114,60,915.0,Master of Science in Data Analytics,0.0,DDD - High Default Probability,Current / Performing,0,0.0
LN-14344,CUST-0664,PRD-EQUIP,BR-106,20250907,2025-09-07,2027-09-07,88900.0,0.084,24,4036.94,Medical Imaging Scanner,135818.01,AAA - Low Risk,Current / Performing,0,0.0
LN-14345,CUST-0850,PRD-PERS,BR-103,20230405,2023-04-05,2026-04-04,25000.0,0.15,36,866.63,Debt Consolidation,0.0,CCC - Elevated Risk,Under Restructuring,1,0.0
LN-14346,CUST-0400,PRD-PERS,BR-106,20231121,2023-11-21,2025-11-20,25100.0,0.15,24,1217.01,Wedding & Family,0.0,CCC - Elevated Risk,Fully Paid,0,0.0
LN-14347,CUST-0040,PRD-SME,BR-109,20241205,2024-12-05,2031-12-05,202100.0,0.1,84,3355.1,Technology & IT Modernization,307820.0,BBB - Moderate Risk,Current / Performing,0,0.0
LN-14348,CUST-0870,PRD-EQUIP,BR-106,20250919,2025-09-19,2030-09-19,132000.0,0.094,60,2765.8,Medical Imaging Scanner,184771.31,CCC - Elevated Risk,Charged Off / Written Off,1,77290.64
LN-14349,CUST-0629,PRD-EQUIP,BR-103,20230306,2023-03-06,2025-03-05,145700.0,0.114,24,6817.85,Industrial CNC Machine,193714.22,DDD - High Default Probability,Charged Off / Written Off,1,77329.09
LN-14350,CUST-0661,PRD-PERS,BR-110,20230623,2023-06-23,2027-06-23,15000.0,0.15,48,417.46,Home Renovation,0.0,DDD - High Default Probability,Current / Performing,0,0.0
LN-14351,CUST-0058,PRD-AUTO,BR-110,20231128,2023-11-28,2028-11-27,18100.0,0.103,60,387.25,New EV Purchase,24497.84,CCC - Elevated Risk,Current / Performing,0,0.0
LN-14352,CUST-0307,PRD-PERS,BR-102,20241201,2024-12-01,2028-12-01,11100.0,0.13,48,297.79,Wedding & Family,0.0,CCC - Elevated Risk,Current / Performing,0,0.0
LN-14353,CUST-0761,PRD-MORT,BR-110,20250313,2025-03-13,2045-03-13,736700.0,0.0675,240,5601.6,Refinance Existing Mortgage,1125684.72,BBB - Moderate Risk,Current / Performing,0,0.0
LN-14354,CUST-0629,PRD-SME,BR-103,20260211,2026-02-11,2033-02-10,367400.0,0.12,84,6485.61,New Branch Expansion,580331.02,DDD - High Default Probability,In Default (90+ DPD),1,0.0
LN-14355,CUST-0577,PRD-MORT,BR-107,20241019,2024-10-19,2054-10-19,615500.0,0.0675,360,3992.12,Primary Residence Purchase,875869.41,CCC - Elevated Risk,Current / Performing,0,0.0
LN-14356,CUST-0927,PRD-EQUIP,BR-102,20241124,2024-11-24,2029-11-24,99400.0,0.084,60,2034.56,Industrial CNC Machine,142516.8,AAA - Low Risk,Current / Performing,0,0.0
LN-14357,CUST-0093,PRD-MORT,BR-110,20240928,2024-09-28,2044-09-28,371100.0,0.0675,240,2821.71,Investment Property Buy,463434.72,BBB - Moderate Risk,Current / Performing,0,0.0
LN-14358,CUST-0163,PRD-EDU,BR-105,20260117,2026-01-17,2030-01-17,41500.0,0.074,48,1001.49,MBA Program Tuition,0.0,BBB - Moderate Risk,Current / Performing,0,0.0
LN-14359,CUST-0980,PRD-EQUIP,BR-104,20250318,2025-03-18,2030-03-18,138200.0,0.084,60,2828.73,Medical Imaging Scanner,179176.32,AAA - Low Risk,Current / Performing,0,0.0
LN-14360,CUST-0759,PRD-EQUIP,BR-106,20231121,2023-11-21,2028-11-20,67700.0,0.084,60,1385.71,Industrial CNC Machine,103832.5,BBB - Moderate Risk,Current / Performing,0,0.0
LN-14361,CUST-0029,PRD-MORT,BR-104,20250713,2025-07-13,2045-07-13,435200.0,0.0575,240,3055.47,Investment Property Buy,602555.02,CCC - Elevated Risk,Current / Performing,0,0.0
LN-14362,CUST-0936,PRD-AUTO,BR-102,20250621,2025-06-21,2030-06-21,20900.0,0.083,60,426.78,New EV Purchase,33359.98,CCC - Elevated Risk,Delinquent (61-90 DPD),1,0.0
LN-14363,CUST-0483,PRD-MORT,BR-112,20240823,2024-08-23,2044-08-23,822500.0,0.0675,240,6253.99,Investment Property Buy,1206688.28,BBB - Moderate Risk,Current / Performing,0,0.0
LN-14364,CUST-0447,PRD-EQUIP,BR-107,20230122,2023-01-22,2028-01-22,117300.0,0.094,60,2457.79,Medical Imaging Scanner,147528.14,BBB - Moderate Risk,Current / Performing,0,0.0
LN-14365,CUST-0968,PRD-MORT,BR-110,20241107,2024-11-07,2044-11-07,536600.0,0.0575,240,3767.38,Primary Residence Purchase,788271.36,AAA - Low Risk,Current / Performing,0,0.0
LN-14366,CUST-0349,PRD-EDU,BR-105,20230303,2023-03-03,2033-03-02,76900.0,0.064,120,869.28,Master of Science in Data Analytics,0.0,AAA - Low Risk,Current / Performing,0,0.0
LN-14367,CUST-0484,PRD-MORT,BR-108,20250722,2025-07-22,2045-07-22,407000.0,0.0575,240,2857.48,Refinance Existing Mortgage,555015.26,BBB - Moderate Risk,Current / Performing,0,0.0
LN-14368,CUST-0979,PRD-AUTO,BR-110,20230731,2023-07-31,2026-07-30,20300.0,0.073,36,629.59,New EV Purchase,27573.93,AAA - Low Risk,Fully Paid,0,0.0
LN-14369,CUST-0937,PRD-PERS,BR-104,20250904,2025-09-04,2029-09-04,31900.0,0.17,48,920.48,Wedding & Family,0.0,DDD - High Default Probability,Charged Off / Written Off,1,19636.09
LN-14370,CUST-0776,PRD-MORT,BR-103,20251029,2025-10-29,2045-10-29,730400.0,0.0875,240,6454.62,Investment Property Buy,862067.21,CCC - Elevated Risk,Current / Performing,0,0.0
LN-14371,CUST-0938,PRD-EQUIP,BR-107,20260522,2026-05-22,2031-05-22,87900.0,0.084,60,1799.17,Medical Imaging Scanner,110389.14,BBB - Moderate Risk,Delinquent (61-90 DPD),1,0.0
LN-14372,CUST-0420,PRD-EDU,BR-105,20231028,2023-10-28,2027-10-28,47800.0,0.074,48,1153.52,MBA Program Tuition,0.0,BBB - Moderate Risk,Current / Performing,0,0.0
LN-14373,CUST-0600,PRD-PERS,BR-110,20260326,2026-03-26,2030-03-26,29800.0,0.12,48,784.75,Debt Consolidation,0.0,AAA - Low Risk,Current / Performing,0,0.0
LN-14374,CUST-0724,PRD-SME,BR-109,20230515,2023-05-15,2030-05-14,146200.0,0.12,84,2580.83,Working Capital Expansion,211968.32,DDD - High Default Probability,Charged Off / Written Off,1,105901.33
LN-14375,CUST-0286,PRD-PERS,BR-101,20250801,2025-08-01,2029-08-01,8100.0,0.13,48,217.3,Debt Consolidation,0.0,BBB - Moderate Risk,Current / Performing,0,0.0
LN-14376,CUST-0294,PRD-AUTO,BR-112,20241024,2024-10-24,2030-10-24,57700.0,0.083,72,1020.14,Fleet Commercial Van,68764.8,CCC - Elevated Risk,Delinquent (31-60 DPD),0,0.0
LN-14377,CUST-0100,PRD-EQUIP,BR-103,20240319,2024-03-19,2028-03-19,94000.0,0.094,48,2357.09,Medical Imaging Scanner,150239.42,BBB - Moderate Risk,Current / Performing,0,0.0
LN-14378,CUST-0843,PRD-AUTO,BR-108,20230215,2023-02-15,2029-02-14,60600.0,0.103,72,1131.86,Fleet Commercial Van,95577.39,CCC - Elevated Risk,Current / Performing,0,0.0
LN-14379,CUST-0925,PRD-SME,BR-102,20240513,2024-05-13,2028-05-13,70500.0,0.09,48,1754.4,Inventory Stocking Q4,96027.77,BBB - Moderate Risk,Current / Performing,0,0.0
LN-14380,CUST-0402,PRD-SME,BR-105,20230507,2023-05-07,2030-05-06,141800.0,0.09,84,2281.43,Inventory Stocking Q4,209133.63,AAA - Low Risk,Current / Performing,0,0.0
LN-14381,CUST-0565,PRD-EDU,BR-104,20230713,2023-07-13,2027-07-13,45700.0,0.064,48,1081.67,MBA Program Tuition,0.0,CCC - Elevated Risk,Current / Performing,0,0.0
LN-14382,CUST-0544,PRD-EDU,BR-103,20250923,2025-09-23,2035-09-23,57500.0,0.094,120,740.89,Medical Residency Program,0.0,CCC - Elevated Risk,Current / Performing,0,0.0
LN-14383,CUST-0546,PRD-SME,BR-103,20241105,2024-11-05,2031-11-05,66600.0,0.09,84,1071.53,Technology & IT Modernization,78805.73,AAA - Low Risk,Current / Performing,0,0.0
LN-14384,CUST-0829,PRD-MORT,BR-106,20250927,2025-09-27,2045-09-27,810600.0,0.0675,240,6163.51,Primary Residence Purchase,1162140.21,CCC - Elevated Risk,Under Restructuring,1,0.0
LN-14385,CUST-0757,PRD-SME,BR-104,20230613,2023-06-13,2027-06-13,350700.0,0.09,48,8727.18,Technology & IT Modernization,441463.06,CCC - Elevated Risk,Under Restructuring,1,0.0
LN-14386,CUST-0795,PRD-MORT,BR-107,20240204,2024-02-04,2044-02-04,696300.0,0.0675,240,5294.41,Investment Property Buy,1010574.01,BBB - Moderate Risk,Current / Performing,0,0.0
LN-14387,CUST-0770,PRD-SME,BR-112,20240405,2024-04-05,2026-04-05,123700.0,0.1,24,5708.13,Inventory Stocking Q4,171970.16,BBB - Moderate Risk,Fully Paid,0,0.0
LN-14388,CUST-0277,PRD-EQUIP,BR-102,20260603,2026-06-03,2028-06-02,116900.0,0.114,24,5470.19,Medical Imaging Scanner,185338.78,CCC - Elevated Risk,Under Restructuring,1,0.0
LN-14389,CUST-0603,PRD-EQUIP,BR-110,20230411,2023-04-11,2028-04-10,96800.0,0.114,60,2124.03,Medical Imaging Scanner,118699.59,CCC - Elevated Risk,Current / Performing,0,0.0
LN-14390,CUST-0226,PRD-PERS,BR-104,20250406,2025-04-06,2029-04-06,19400.0,0.13,48,520.45,Emergency Medical Exp,0.0,BBB - Moderate Risk,Current / Performing,0,0.0
LN-14391,CUST-0820,PRD-MORT,BR-108,20240828,2024-08-28,2044-08-28,280100.0,0.0875,240,2475.27,Refinance Existing Mortgage,436459.81,CCC - Elevated Risk,Current / Performing,0,0.0
LN-14392,CUST-0382,PRD-AUTO,BR-108,20251227,2025-12-27,2031-12-27,56800.0,0.073,72,976.59,Fleet Commercial Van,81654.24,CCC - Elevated Risk,Under Restructuring,1,0.0
LN-14393,CUST-0502,PRD-EQUIP,BR-109,20230814,2023-08-14,2028-08-13,122800.0,0.094,60,2573.03,Industrial CNC Machine,145290.07,BBB - Moderate Risk,Current / Performing,0,0.0
LN-14394,CUST-0122,PRD-SME,BR-110,20250611,2025-06-11,2029-06-11,152800.0,0.1,48,3875.4,Working Capital Expansion,236425.17,BBB - Moderate Risk,Current / Performing,0,0.0
LN-14395,CUST-0926,PRD-SME,BR-112,20240205,2024-02-05,2029-02-04,360100.0,0.09,60,7475.08,New Branch Expansion,437241.96,AAA - Low Risk,Delinquent (61-90 DPD),1,0.0
LN-14396,CUST-0969,PRD-AUTO,BR-112,20260518,2026-05-18,2031-05-18,22200.0,0.083,60,453.33,New EV Purchase,29161.99,BBB - Moderate Risk,In Default (90+ DPD),1,0.0
LN-14397,CUST-0947,PRD-EDU,BR-105,20231205,2023-12-05,2033-12-04,12900.0,0.064,120,145.82,Medical Residency Program,0.0,BBB - Moderate Risk,Current / Performing,0,0.0
LN-14398,CUST-0904,PRD-SME,BR-106,20240216,2024-02-16,2031-02-15,245700.0,0.09,84,3953.09,Inventory Stocking Q4,348684.1,AAA - Low Risk,Current / Performing,0,0.0
LN-14399,CUST-0089,PRD-SME,BR-110,20230530,2023-05-30,2025-05-29,385500.0,0.1,24,17788.87,New Branch Expansion,499213.61,BBB - Moderate Risk,Fully Paid,0,0.0
LN-14400,CUST-0233,PRD-MORT,BR-112,20241201,2024-12-01,2044-12-01,579800.0,0.0575,240,4070.68,Primary Residence Purchase,826801.39,CCC - Elevated Risk,Delinquent (31-60 DPD),0,0.0
LN-14401,CUST-0432,PRD-SME,BR-112,20260222,2026-02-22,2028-02-22,433300.0,0.1,24,19994.6,New Branch Expansion,538210.59,BBB - Moderate Risk,Current / Performing,0,0.0
LN-14402,CUST-0573,PRD-EDU,BR-110,20250918,2025-09-18,2029-09-18,58000.0,0.094,48,1454.37,MBA Program Tuition,0.0,CCC - Elevated Risk,Current / Performing,0,0.0
LN-14403,CUST-0792,PRD-MORT,BR-106,20230620,2023-06-20,2043-06-20,264900.0,0.0675,240,2014.2,Investment Property Buy,416586.2,CCC - Elevated Risk,Current / Performing,0,0.0
LN-14404,CUST-0511,PRD-MORT,BR-106,20260430,2026-04-30,2046-04-30,682800.0,0.1075,240,6931.98,Refinance Existing Mortgage,802252.36,DDD - High Default Probability,Under Restructuring,1,0.0
LN-14405,CUST-0857,PRD-EDU,BR-101,20240202,2024-02-02,2028-02-02,50500.0,0.094,48,1266.31,Master of Science in Data Analytics,0.0,CCC - Elevated Risk,Under Restructuring,1,0.0
LN-14406,CUST-0721,PRD-MORT,BR-106,20250603,2025-06-03,2055-06-03,675900.0,0.1075,360,6309.4,Refinance Existing Mortgage,784089.63,DDD - High Default Probability,Under Restructuring,1,0.0
LN-14407,CUST-0282,PRD-SME,BR-102,20230404,2023-04-04,2027-04-04,366100.0,0.09,48,9110.41,Technology & IT Modernization,535162.35,AAA - Low Risk,Current / Performing,0,0.0
LN-14408,CUST-0722,PRD-PERS,BR-102,20230125,2023-01-25,2027-01-25,10600.0,0.13,48,284.37,Home Renovation,0.0,CCC - Elevated Risk,Current / Performing,0,0.0
LN-14409,CUST-0787,PRD-MORT,BR-109,20251111,2025-11-11,2045-11-11,396100.0,0.0575,240,2780.95,Refinance Existing Mortgage,596971.4,AAA - Low Risk,Current / Performing,0,0.0
LN-14410,CUST-0917,PRD-SME,BR-102,20241103,2024-11-03,2031-11-03,245900.0,0.12,84,4340.81,Technology & IT Modernization,352954.33,DDD - High Default Probability,Current / Performing,0,0.0
LN-14411,CUST-0419,PRD-MORT,BR-103,20260430,2026-04-30,2046-04-30,759500.0,0.0875,240,6711.78,Investment Property Buy,931666.54,CCC - Elevated Risk,Delinquent (31-60 DPD),0,0.0
LN-14412,CUST-0075,PRD-AUTO,BR-106,20240120,2024-01-20,2027-01-19,37000.0,0.073,36,1147.53,Fleet Commercial Van,47255.3,AAA - Low Risk,Current / Performing,0,0.0
LN-14413,CUST-0413,PRD-AUTO,BR-108,20260503,2026-05-03,2032-05-02,24000.0,0.073,72,412.64,Certified Pre-Owned Luxury Car,38229.05,CCC - Elevated Risk,Current / Performing,0,0.0
LN-14414,CUST-0897,PRD-PERS,BR-110,20230723,2023-07-23,2025-07-22,33400.0,0.12,24,1572.25,Home Renovation,0.0,AAA - Low Risk,Fully Paid,0,0.0
LN-14415,CUST-0581,PRD-SME,BR-104,20230313,2023-03-13,2025-03-12,157900.0,0.1,24,7286.28,Inventory Stocking Q4,243210.13,BBB - Moderate Risk,Fully Paid,0,0.0
LN-14416,CUST-0793,PRD-EQUIP,BR-103,20231203,2023-12-03,2028-12-02,162900.0,0.094,60,3413.25,Medical Imaging Scanner,190464.48,BBB - Moderate Risk,Current / Performing,0,0.0
LN-14417,CUST-0863,PRD-PERS,BR-106,20250213,2025-02-13,2028-02-13,16300.0,0.12,36,541.39,Home Renovation,0.0,AAA - Low Risk,Current / Performing,0,0.0
LN-14418,CUST-0771,PRD-SME,BR-107,20230920,2023-09-20,2030-09-19,147700.0,0.09,84,2376.36,Technology & IT Modernization,188938.79,AAA - Low Risk,Current / Performing,0,0.0
LN-14419,CUST-0363,PRD-MORT,BR-103,20230206,2023-02-06,2053-02-05,502600.0,0.0675,360,3259.85,Investment Property Buy,632126.76,BBB - Moderate Risk,Current / Performing,0,0.0
LN-14420,CUST-0514,PRD-MORT,BR-108,20260518,2026-05-18,2056-05-17,284200.0,0.0875,360,2235.8,Refinance Existing Mortgage,449371.81,CCC - Elevated Risk,Current / Performing,0,0.0
LN-14421,CUST-0338,PRD-MORT,BR-109,20230508,2023-05-08,2043-05-08,771700.0,0.0875,240,6819.6,Primary Residence Purchase,1069210.02,CCC - Elevated Risk,Delinquent (31-60 DPD),0,0.0
LN-14422,CUST-0415,PRD-MORT,BR-108,20250712,2025-07-12,2045-07-12,628200.0,0.0675,240,4776.61,Investment Property Buy,957579.3,CCC - Elevated Risk,Current / Performing,0,0.0
LN-14423,CUST-0786,PRD-SME,BR-105,20251202,2025-12-02,2027-12-02,412300.0,0.14,24,19795.71,Inventory Stocking Q4,540251.59,DDD - High Default Probability,Current / Performing,0,0.0
LN-14424,CUST-0813,PRD-SME,BR-103,20240220,2024-02-20,2028-02-20,221000.0,0.09,48,5499.59,Inventory Stocking Q4,321524.38,CCC - Elevated Risk,Current / Performing,0,0.0
LN-14425,CUST-0748,PRD-PERS,BR-111,20240323,2024-03-23,2027-03-23,14100.0,0.13,36,475.08,Emergency Medical Exp,0.0,BBB - Moderate Risk,Current / Performing,0,0.0
LN-14426,CUST-0518,PRD-EDU,BR-109,20250112,2025-01-12,2032-01-12,12800.0,0.074,84,195.7,MBA Program Tuition,0.0,BBB - Moderate Risk,Current / Performing,0,0.0
LN-14427,CUST-0829,PRD-SME,BR-106,20260210,2026-02-10,2033-02-09,130300.0,0.1,84,2163.13,Inventory Stocking Q4,196181.73,CCC - Elevated Risk,Current / Performing,0,0.0
LN-14428,CUST-0176,PRD-MORT,BR-109,20231211,2023-12-11,2043-12-11,676900.0,0.0675,240,5146.9,Refinance Existing Mortgage,858094.34,CCC - Elevated Risk,Current / Performing,0,0.0
LN-14429,CUST-0805,PRD-EQUIP,BR-101,20251216,2025-12-16,2030-12-16,95400.0,0.094,60,1998.92,Medical Imaging Scanner,114542.8,BBB - Moderate Risk,Current / Performing,0,0.0
LN-14430,CUST-0879,PRD-EQUIP,BR-105,20241006,2024-10-06,2029-10-06,90200.0,0.134,60,2070.84,Warehouse Forklift Fleet,136849.67,DDD - High Default Probability,Current / Performing,0,0.0
LN-14431,CUST-0046,PRD-EDU,BR-108,20230704,2023-07-04,2027-07-04,49400.0,0.114,48,1286.39,MBA Program Tuition,0.0,DDD - High Default Probability,Current / Performing,0,0.0
LN-14432,CUST-0274,PRD-AUTO,BR-112,20230923,2023-09-23,2026-09-22,38500.0,0.103,36,1247.72,Certified Pre-Owned Luxury Car,53982.64,CCC - Elevated Risk,Fully Paid,0,0.0
LN-14433,CUST-0991,PRD-SME,BR-109,20251117,2025-11-17,2027-11-17,153000.0,0.12,24,7202.24,New Branch Expansion,233546.34,DDD - High Default Probability,Under Restructuring,1,0.0
LN-14434,CUST-0044,PRD-SME,BR-105,20230620,2023-06-20,2030-06-19,314900.0,0.09,84,5066.45,Technology & IT Modernization,393390.61,AAA - Low Risk,Current / Performing,0,0.0
LN-14435,CUST-0988,PRD-PERS,BR-112,20251113,2025-11-13,2028-11-12,12700.0,0.15,36,440.25,Wedding & Family,0.0,CCC - Elevated Risk,Current / Performing,0,0.0
LN-14436,CUST-0007,PRD-PERS,BR-103,20230625,2023-06-25,2027-06-25,8600.0,0.15,48,239.34,Debt Consolidation,0.0,CCC - Elevated Risk,Current / Performing,0,0.0
LN-14437,CUST-0340,PRD-MORT,BR-109,20250901,2025-09-01,2045-09-01,322700.0,0.0575,240,2265.62,Primary Residence Purchase,457451.61,CCC - Elevated Risk,Current / Performing,0,0.0
LN-14438,CUST-0367,PRD-EQUIP,BR-103,20250816,2025-08-16,2030-08-16,30800.0,0.084,60,630.43,Industrial CNC Machine,40798.48,BBB - Moderate Risk,Current / Performing,0,0.0
LN-14439,CUST-0422,PRD-AUTO,BR-105,20250518,2025-05-18,2028-05-17,60900.0,0.073,36,1888.78,Certified Pre-Owned Luxury Car,78230.56,AAA - Low Risk,Current / Performing,0,0.0
LN-14440,CUST-0522,PRD-SME,BR-106,20250720,2025-07-20,2028-07-19,282800.0,0.1,36,9125.16,Inventory Stocking Q4,406221.21,BBB - Moderate Risk,Delinquent (61-90 DPD),1,0.0
LN-14441,CUST-0344,PRD-MORT,BR-111,20241029,2024-10-29,2044-10-29,361800.0,0.0675,240,2751.0,Investment Property Buy,452653.11,CCC - Elevated Risk,Charged Off / Written Off,1,216638.76
LN-14442,CUST-0991,PRD-SME,BR-109,20240813,2024-08-13,2026-08-13,345700.0,0.12,24,16273.3,New Branch Expansion,525090.07,DDD - High Default Probability,In Default (90+ DPD),1,0.0
LN-14443,CUST-0818,PRD-PERS,BR-101,20260328,2026-03-28,2029-03-27,22800.0,0.12,36,757.29,Home Renovation,0.0,BBB - Moderate Risk,Current / Performing,0,0.0
LN-14444,CUST-0857,PRD-MORT,BR-101,20230110,2023-01-10,2043-01-10,560000.0,0.0875,240,4948.78,Refinance Existing Mortgage,671400.05,CCC - Elevated Risk,Current / Performing,0,0.0
LN-14445,CUST-0741,PRD-AUTO,BR-101,20260326,2026-03-26,2032-03-25,35500.0,0.073,72,610.37,Certified Pre-Owned Luxury Car,51537.65,BBB - Moderate Risk,Current / Performing,0,0.0
LN-14446,CUST-0872,PRD-MORT,BR-103,20230410,2023-04-10,2043-04-10,294700.0,0.0875,240,2604.3,Primary Residence Purchase,406772.15,DDD - High Default Probability,Charged Off / Written Off,1,127549.58
LN-14447,CUST-0444,PRD-SME,BR-111,20230518,2023-05-18,2030-05-17,169900.0,0.14,84,3183.93,Working Capital Expansion,252566.36,DDD - High Default Probability,Current / Performing,0,0.0
LN-14448,CUST-0541,PRD-SME,BR-109,20251107,2025-11-07,2027-11-07,392700.0,0.12,24,18485.75,Inventory Stocking Q4,483973.17,DDD - High Default Probability,Under Restructuring,1,0.0
LN-14449,CUST-0443,PRD-SME,BR-107,20231204,2023-12-04,2030-12-03,431900.0,0.1,84,7170.05,New Branch Expansion,507497.54,CCC - Elevated Risk,Current / Performing,0,0.0
LN-14450,CUST-0625,PRD-EQUIP,BR-108,20251114,2025-11-14,2027-11-14,141100.0,0.094,24,6472.04,Medical Imaging Scanner,211515.31,BBB - Moderate Risk,Current / Performing,0,0.0
LN-14451,CUST-0911,PRD-EDU,BR-107,20230827,2023-08-27,2033-08-26,79600.0,0.114,120,1114.59,Medical Residency Program,0.0,DDD - High Default Probability,Current / Performing,0,0.0
LN-14452,CUST-0220,PRD-MORT,BR-104,20241103,2024-11-03,2044-11-03,490400.0,0.0875,240,4333.72,Refinance Existing Mortgage,613892.81,CCC - Elevated Risk,Current / Performing,0,0.0
LN-14453,CUST-0557,PRD-PERS,BR-101,20230422,2023-04-22,2027-04-22,16500.0,0.13,48,442.65,Debt Consolidation,0.0,BBB - Moderate Risk,Current / Performing,0,0.0
LN-14454,CUST-0549,PRD-SME,BR-110,20230810,2023-08-10,2030-08-09,290200.0,0.1,84,4817.66,Working Capital Expansion,457612.66,BBB - Moderate Risk,Current / Performing,0,0.0
LN-14455,CUST-0100,PRD-SME,BR-103,20250318,2025-03-18,2027-03-18,132000.0,0.1,24,6091.13,Inventory Stocking Q4,209083.27,BBB - Moderate Risk,Current / Performing,0,0.0
LN-14456,CUST-0210,PRD-PERS,BR-112,20230606,2023-06-06,2027-06-06,18600.0,0.13,48,498.99,Emergency Medical Exp,0.0,BBB - Moderate Risk,Current / Performing,0,0.0
LN-14457,CUST-0781,PRD-SME,BR-105,20230610,2023-06-10,2026-06-09,129400.0,0.09,36,4114.89,Working Capital Expansion,158558.4,AAA - Low Risk,Fully Paid,0,0.0
LN-14458,CUST-0152,PRD-SME,BR-103,20250827,2025-08-27,2027-08-27,306600.0,0.12,24,14432.73,Technology & IT Modernization,402715.2,CCC - Elevated Risk,In Default (90+ DPD),1,0.0
LN-14459,CUST-0571,PRD-MORT,BR-101,20250611,2025-06-11,2045-06-11,518000.0,0.0575,240,3636.79,Primary Residence Purchase,821907.6,CCC - Elevated Risk,Current / Performing,0,0.0
LN-14460,CUST-0578,PRD-PERS,BR-107,20240304,2024-03-04,2028-03-04,11600.0,0.12,48,305.47,Home Renovation,0.0,AAA - Low Risk,Delinquent (61-90 DPD),1,0.0
LN-14461,CUST-0118,PRD-AUTO,BR-110,20240509,2024-05-09,2027-05-09,54100.0,0.083,36,1702.79,New EV Purchase,74941.29,BBB - Moderate Risk,Current / Performing,0,0.0
LN-14462,CUST-0758,PRD-AUTO,BR-102,20241230,2024-12-30,2027-12-30,27700.0,0.073,36,859.1,Certified Pre-Owned Luxury Car,32806.13,CCC - Elevated Risk,Current / Performing,0,0.0
LN-14463,CUST-0151,PRD-EQUIP,BR-112,20250605,2025-06-05,2030-06-05,125200.0,0.094,60,2623.32,Industrial CNC Machine,155760.8,BBB - Moderate Risk,Current / Performing,0,0.0
LN-14464,CUST-0700,PRD-EQUIP,BR-110,20240219,2024-02-19,2027-02-18,29700.0,0.114,36,977.98,Industrial CNC Machine,47350.6,DDD - High Default Probability,In Default (90+ DPD),1,0.0
LN-14465,CUST-0698,PRD-AUTO,BR-108,20230831,2023-08-31,2029-08-30,61200.0,0.083,72,1082.02,New EV Purchase,90164.84,BBB - Moderate Risk,Current / Performing,0,0.0
LN-14466,CUST-0514,PRD-AUTO,BR-108,20241107,2024-11-07,2028-11-07,55800.0,0.103,48,1423.28,New EV Purchase,75972.97,CCC - Elevated Risk,Current / Performing,0,0.0
LN-14467,CUST-0389,PRD-SME,BR-110,20240517,2024-05-17,2027-05-17,421300.0,0.09,36,13397.23,Inventory Stocking Q4,562321.48,AAA - Low Risk,Delinquent (31-60 DPD),0,0.0
LN-14468,CUST-0735,PRD-AUTO,BR-111,20251221,2025-12-21,2028-12-20,32600.0,0.103,36,1056.51,Fleet Commercial Van,38677.21,CCC - Elevated Risk,Current / Performing,0,0.0
LN-14469,CUST-0970,PRD-AUTO,BR-108,20241112,2024-11-12,2028-11-12,25200.0,0.123,48,667.33,Certified Pre-Owned Luxury Car,36237.62,DDD - High Default Probability,Current / Performing,0,0.0
LN-14470,CUST-0874,PRD-AUTO,BR-112,20230104,2023-01-04,2026-01-03,41800.0,0.073,36,1296.4,New EV Purchase,57722.83,AAA - Low Risk,Fully Paid,0,0.0
LN-14471,CUST-0847,PRD-MORT,BR-109,20260522,2026-05-22,2046-05-22,764200.0,0.0675,240,5810.7,Investment Property Buy,1180541.28,CCC - Elevated Risk,Current / Performing,0,0.0
LN-14472,CUST-0265,PRD-EQUIP,BR-104,20250727,2025-07-27,2028-07-26,142800.0,0.094,36,4567.63,Medical Imaging Scanner,196228.5,BBB - Moderate Risk,Current / Performing,0,0.0
LN-14473,CUST-0836,PRD-EDU,BR-111,20230328,2023-03-28,2027-03-28,71000.0,0.074,48,1713.39,MBA Program Tuition,0.0,BBB - Moderate Risk,Current / Performing,0,0.0
LN-14474,CUST-0217,PRD-SME,BR-106,20240227,2024-02-27,2026-02-26,55600.0,0.1,24,2565.66,Technology & IT Modernization,80359.77,CCC - Elevated Risk,Charged Off / Written Off,1,41709.45
LN-14475,CUST-0825,PRD-AUTO,BR-103,20230307,2023-03-07,2029-03-06,31300.0,0.073,72,538.15,Certified Pre-Owned Luxury Car,40312.99,AAA - Low Risk,Current / Performing,0,0.0
LN-14476,CUST-0562,PRD-AUTO,BR-110,20231115,2023-11-15,2026-11-14,43800.0,0.083,36,1378.6,Fleet Commercial Van,68130.19,CCC - Elevated Risk,In Default (90+ DPD),1,0.0
LN-14477,CUST-0678,PRD-AUTO,BR-111,20250831,2025-08-31,2028-08-30,58700.0,0.073,36,1820.55,New EV Purchase,80408.51,AAA - Low Risk,Current / Performing,0,0.0
LN-14478,CUST-0681,PRD-PERS,BR-111,20251109,2025-11-09,2028-11-08,33300.0,0.13,36,1122.01,Debt Consolidation,0.0,BBB - Moderate Risk,Current / Performing,0,0.0
LN-14479,CUST-0185,PRD-SME,BR-112,20230218,2023-02-18,2026-02-17,374400.0,0.12,36,12435.44,Inventory Stocking Q4,525864.57,CCC - Elevated Risk,Fully Paid,0,0.0
LN-14480,CUST-0913,PRD-EQUIP,BR-106,20250416,2025-04-16,2030-04-16,75400.0,0.084,60,1543.32,Industrial CNC Machine,105722.42,CCC - Elevated Risk,Current / Performing,0,0.0
LN-14481,CUST-0066,PRD-AUTO,BR-107,20240505,2024-05-05,2027-05-05,53500.0,0.073,36,1659.27,New EV Purchase,76438.98,AAA - Low Risk,Delinquent (61-90 DPD),1,0.0
LN-14482,CUST-0597,PRD-EDU,BR-111,20230625,2023-06-25,2033-06-24,17100.0,0.074,120,202.09,MBA Program Tuition,0.0,BBB - Moderate Risk,Current / Performing,0,0.0
LN-14483,CUST-0225,PRD-PERS,BR-104,20240210,2024-02-10,2028-02-10,8600.0,0.12,48,226.47,Home Renovation,0.0,CCC - Elevated Risk,Current / Performing,0,0.0
LN-14484,CUST-0843,PRD-EDU,BR-108,20231205,2023-12-05,2027-12-05,47400.0,0.094,48,1188.57,Master of Science in Data Analytics,0.0,CCC - Elevated Risk,Current / Performing,0,0.0
LN-14485,CUST-0449,PRD-EQUIP,BR-111,20250728,2025-07-28,2030-07-28,122000.0,0.094,60,2556.27,Warehouse Forklift Fleet,190217.35,CCC - Elevated Risk,Current / Performing,0,0.0
LN-14486,CUST-0822,PRD-EQUIP,BR-107,20230104,2023-01-04,2028-01-04,45900.0,0.094,60,961.74,Warehouse Forklift Fleet,65582.04,BBB - Moderate Risk,Current / Performing,0,0.0
LN-14487,CUST-0235,PRD-SME,BR-108,20240206,2024-02-06,2027-02-05,391700.0,0.14,36,13387.38,Technology & IT Modernization,575943.74,DDD - High Default Probability,Current / Performing,0,0.0
LN-14488,CUST-0811,PRD-SME,BR-101,20251011,2025-10-11,2032-10-10,332000.0,0.09,84,5341.57,Working Capital Expansion,480330.17,BBB - Moderate Risk,Current / Performing,0,0.0
LN-14489,CUST-0795,PRD-PERS,BR-107,20240823,2024-08-23,2028-08-23,20500.0,0.13,48,549.96,Wedding & Family,0.0,BBB - Moderate Risk,Current / Performing,0,0.0
LN-14490,CUST-0637,PRD-EDU,BR-101,20230927,2023-09-27,2027-09-27,20300.0,0.064,48,480.48,MBA Program Tuition,0.0,CCC - Elevated Risk,Current / Performing,0,0.0
LN-14491,CUST-0336,PRD-PERS,BR-111,20240204,2024-02-04,2028-02-04,5300.0,0.13,48,142.19,Debt Consolidation,0.0,CCC - Elevated Risk,Delinquent (31-60 DPD),0,0.0
LN-14492,CUST-0153,PRD-MORT,BR-104,20260419,2026-04-19,2046-04-19,244100.0,0.0575,240,1713.79,Investment Property Buy,331910.25,CCC - Elevated Risk,Current / Performing,0,0.0
LN-14493,CUST-0084,PRD-MORT,BR-110,20231119,2023-11-19,2043-11-19,839900.0,0.0675,240,6386.3,Refinance Existing Mortgage,1073431.51,BBB - Moderate Risk,Current / Performing,0,0.0
LN-14494,CUST-0920,PRD-PERS,BR-111,20230425,2023-04-25,2024-04-24,19100.0,0.13,12,1705.96,Wedding & Family,0.0,CCC - Elevated Risk,Fully Paid,0,0.0
LN-14495,CUST-0893,PRD-AUTO,BR-101,20230520,2023-05-20,2026-05-19,36100.0,0.083,36,1136.25,New EV Purchase,45073.57,BBB - Moderate Risk,Fully Paid,0,0.0
LN-14496,CUST-0006,PRD-MORT,BR-101,20240503,2024-05-03,2044-05-03,352100.0,0.0675,240,2677.24,Refinance Existing Mortgage,429733.75,CCC - Elevated Risk,Delinquent (31-60 DPD),0,0.0
LN-14497,CUST-0999,PRD-SME,BR-102,20241123,2024-11-23,2028-11-23,425100.0,0.12,48,11194.51,Inventory Stocking Q4,553814.47,CCC - Elevated Risk,Current / Performing,0,0.0
LN-14498,CUST-0704,PRD-EDU,BR-107,20240514,2024-05-14,2034-05-14,77000.0,0.064,120,870.41,Medical Residency Program,0.0,AAA - Low Risk,Current / Performing,0,0.0
LN-14499,CUST-0061,PRD-EDU,BR-102,20241204,2024-12-04,2034-12-04,22100.0,0.074,120,261.18,Medical Residency Program,0.0,CCC - Elevated Risk,Current / Performing,0,0.0
LN-14500,CUST-0513,PRD-MORT,BR-108,20240128,2024-01-28,2044-01-28,468900.0,0.0575,240,3292.07,Refinance Existing Mortgage,673885.14,AAA - Low Risk,Current / Performing,0,0.0
LN-14501,CUST-0807,PRD-EQUIP,BR-112,20260219,2026-02-19,2031-02-19,132300.0,0.084,60,2707.97,Medical Imaging Scanner,202152.05,CCC - Elevated Risk,Delinquent (61-90 DPD),1,0.0
LN-14502,CUST-0886,PRD-EQUIP,BR-103,20230320,2023-03-20,2028-03-19,131200.0,0.084,60,2685.45,Medical Imaging Scanner,195383.34,AAA - Low Risk,Current / Performing,0,0.0
LN-14503,CUST-0782,PRD-SME,BR-107,20250112,2025-01-12,2028-01-12,327700.0,0.1,36,10573.96,New Branch Expansion,459382.22,BBB - Moderate Risk,Delinquent (61-90 DPD),1,0.0
LN-14504,CUST-0641,PRD-AUTO,BR-107,20250511,2025-05-11,2028-05-10,40600.0,0.103,36,1315.77,New EV Purchase,50542.57,CCC - Elevated Risk,Current / Performing,0,0.0
LN-14505,CUST-0390,PRD-EQUIP,BR-103,20230728,2023-07-28,2028-07-27,135200.0,0.084,60,2767.32,Medical Imaging Scanner,216300.28,CCC - Elevated Risk,Current / Performing,0,0.0
LN-14506,CUST-0846,PRD-MORT,BR-110,20251018,2025-10-18,2045-10-18,204800.0,0.0575,240,1437.87,Refinance Existing Mortgage,265568.71,AAA - Low Risk,Current / Performing,0,0.0
LN-14507,CUST-0723,PRD-MORT,BR-102,20251016,2025-10-16,2045-10-16,693700.0,0.0575,240,4870.35,Investment Property Buy,1097598.68,AAA - Low Risk,Current / Performing,0,0.0
LN-14508,CUST-0737,PRD-PERS,BR-108,20250824,2025-08-24,2029-08-24,5200.0,0.13,48,139.5,Wedding & Family,0.0,BBB - Moderate Risk,Current / Performing,0,0.0
LN-14509,CUST-0246,PRD-EDU,BR-102,20250113,2025-01-13,2029-01-13,64700.0,0.074,48,1561.36,MBA Program Tuition,0.0,BBB - Moderate Risk,Current / Performing,0,0.0
LN-14510,CUST-0034,PRD-EDU,BR-111,20230109,2023-01-09,2027-01-09,59600.0,0.114,48,1552.0,Medical Residency Program,0.0,DDD - High Default Probability,Charged Off / Written Off,1,45845.26
LN-14511,CUST-0439,PRD-MORT,BR-109,20231119,2023-11-19,2043-11-19,519300.0,0.0575,240,3645.92,Investment Property Buy,755698.65,AAA - Low Risk,Current / Performing,0,0.0
LN-14512,CUST-0521,PRD-MORT,BR-105,20231231,2023-12-31,2053-12-30,629600.0,0.0575,360,3674.17,Investment Property Buy,839379.64,AAA - Low Risk,Current / Performing,0,0.0
LN-14513,CUST-0274,PRD-SME,BR-112,20240507,2024-05-07,2031-05-07,366700.0,0.12,84,6473.26,Working Capital Expansion,531009.55,CCC - Elevated Risk,Current / Performing,0,0.0
LN-14514,CUST-0388,PRD-SME,BR-111,20250830,2025-08-30,2030-08-30,105300.0,0.1,60,2237.31,Technology & IT Modernization,148069.92,BBB - Moderate Risk,In Default (90+ DPD),1,0.0
LN-14515,CUST-0064,PRD-PERS,BR-108,20250603,2025-06-03,2029-06-03,14700.0,0.13,48,394.36,Emergency Medical Exp,0.0,CCC - Elevated Risk,Current / Performing,0,0.0
LN-14516,CUST-0374,PRD-EQUIP,BR-107,20231013,2023-10-13,2028-10-12,93900.0,0.094,60,1967.49,Medical Imaging Scanner,142367.96,BBB - Moderate Risk,Current / Performing,0,0.0
LN-14517,CUST-0064,PRD-EQUIP,BR-108,20231018,2023-10-18,2028-10-17,128100.0,0.094,60,2684.08,Industrial CNC Machine,179683.82,CCC - Elevated Risk,Current / Performing,0,0.0
LN-14518,CUST-0548,PRD-EQUIP,BR-101,20241005,2024-10-05,2029-10-05,164800.0,0.084,60,3373.19,Medical Imaging Scanner,244704.47,BBB - Moderate Risk,Delinquent (31-60 DPD),0,0.0
LN-14519,CUST-0931,PRD-EQUIP,BR-109,20241013,2024-10-13,2029-10-13,29400.0,0.094,60,616.02,Medical Imaging Scanner,41301.66,BBB - Moderate Risk,Current / Performing,0,0.0
LN-14520,CUST-0631,PRD-EQUIP,BR-112,20250806,2025-08-06,2030-08-06,61400.0,0.114,60,1347.27,Warehouse Forklift Fleet,80145.82,CCC - Elevated Risk,Current / Performing,0,0.0
LN-14521,CUST-0307,PRD-SME,BR-102,20230329,2023-03-29,2028-03-28,74000.0,0.1,60,1572.28,Working Capital Expansion,98668.28,CCC - Elevated Risk,Current / Performing,0,0.0
LN-14522,CUST-0936,PRD-PERS,BR-102,20240622,2024-06-22,2028-06-22,4700.0,0.13,48,126.09,Emergency Medical Exp,0.0,CCC - Elevated Risk,Current / Performing,0,0.0
LN-14523,CUST-0163,PRD-EDU,BR-105,20240310,2024-03-10,2028-03-10,36900.0,0.074,48,890.48,MBA Program Tuition,0.0,BBB - Moderate Risk,Current / Performing,0,0.0
LN-14524,CUST-0282,PRD-MORT,BR-102,20240414,2024-04-14,2044-04-14,737200.0,0.0575,240,5175.76,Investment Property Buy,1015836.82,AAA - Low Risk,Current / Performing,0,0.0
LN-14525,CUST-0869,PRD-PERS,BR-106,20231130,2023-11-30,2027-11-30,15200.0,0.15,48,423.03,Emergency Medical Exp,0.0,CCC - Elevated Risk,Delinquent (61-90 DPD),1,0.0
LN-14526,CUST-0401,PRD-EQUIP,BR-111,20230814,2023-08-14,2027-08-14,158800.0,0.114,48,4135.18,Warehouse Forklift Fleet,249348.86,CCC - Elevated Risk,Current / Performing,0,0.0
LN-14527,CUST-0721,PRD-EQUIP,BR-106,20251020,2025-10-20,2030-10-20,157200.0,0.134,60,3609.05,Medical Imaging Scanner,183304.73,DDD - High Default Probability,Current / Performing,0,0.0
LN-14528,CUST-0562,PRD-EQUIP,BR-110,20251208,2025-12-08,2030-12-08,65100.0,0.094,60,1364.04,Warehouse Forklift Fleet,101448.56,CCC - Elevated Risk,Current / Performing,0,0.0
LN-14529,CUST-0518,PRD-MORT,BR-109,20240322,2024-03-22,2044-03-22,302800.0,0.0675,240,2302.38,Primary Residence Purchase,363049.69,BBB - Moderate Risk,Current / Performing,0,0.0
LN-14530,CUST-0621,PRD-PERS,BR-102,20250516,2025-05-16,2029-05-16,22100.0,0.15,48,615.06,Emergency Medical Exp,0.0,CCC - Elevated Risk,Current / Performing,0,0.0
LN-14531,CUST-1000,PRD-MORT,BR-103,20251220,2025-12-20,2045-12-20,381100.0,0.0675,240,2897.75,Investment Property Buy,556888.64,BBB - Moderate Risk,Current / Performing,0,0.0
LN-14532,CUST-0937,PRD-SME,BR-104,20240406,2024-04-06,2028-04-06,79200.0,0.14,48,2164.26,Inventory Stocking Q4,106593.13,DDD - High Default Probability,Current / Performing,0,0.0
LN-14533,CUST-0692,PRD-PERS,BR-110,20260321,2026-03-21,2030-03-21,17400.0,0.17,48,502.08,Home Renovation,0.0,DDD - High Default Probability,Current / Performing,0,0.0
LN-14534,CUST-0760,PRD-EQUIP,BR-103,20231209,2023-12-09,2028-12-08,29500.0,0.084,60,603.82,Industrial CNC Machine,39954.78,CCC - Elevated Risk,Current / Performing,0,0.0
LN-14535,CUST-0530,PRD-EQUIP,BR-108,20260504,2026-05-04,2029-05-03,148300.0,0.084,36,4674.6,Warehouse Forklift Fleet,213681.83,AAA - Low Risk,Current / Performing,0,0.0
LN-14536,CUST-0417,PRD-EDU,BR-107,20240804,2024-08-04,2034-08-04,72400.0,0.064,120,818.41,Medical Residency Program,0.0,AAA - Low Risk,Current / Performing,0,0.0
LN-14537,CUST-0794,PRD-EDU,BR-108,20230816,2023-08-16,2033-08-15,38200.0,0.074,120,451.45,MBA Program Tuition,0.0,CCC - Elevated Risk,Current / Performing,0,0.0
LN-14538,CUST-0491,PRD-MORT,BR-108,20251103,2025-11-03,2045-11-03,463700.0,0.0575,240,3255.56,Refinance Existing Mortgage,544744.11,BBB - Moderate Risk,Current / Performing,0,0.0
LN-14539,CUST-0351,PRD-PERS,BR-110,20260102,2026-01-02,2030-01-02,19400.0,0.15,48,539.92,Emergency Medical Exp,0.0,CCC - Elevated Risk,Current / Performing,0,0.0
LN-14540,CUST-0541,PRD-MORT,BR-109,20231217,2023-12-17,2043-12-17,612900.0,0.0875,240,5416.26,Refinance Existing Mortgage,755965.95,DDD - High Default Probability,Current / Performing,0,0.0
LN-14541,CUST-0575,PRD-EDU,BR-107,20240307,2024-03-07,2028-03-07,74000.0,0.114,48,1926.98,Medical Residency Program,0.0,DDD - High Default Probability,Delinquent (31-60 DPD),0,0.0
LN-14542,CUST-0838,PRD-MORT,BR-110,20240510,2024-05-10,2044-05-10,835900.0,0.0875,240,7386.94,Primary Residence Purchase,1083622.9,DDD - High Default Probability,Current / Performing,0,0.0
LN-14543,CUST-0348,PRD-MORT,BR-101,20250815,2025-08-15,2045-08-15,718200.0,0.0675,240,5460.93,Refinance Existing Mortgage,984559.52,BBB - Moderate Risk,Current / Performing,0,0.0
LN-14544,CUST-0194,PRD-EDU,BR-109,20230605,2023-06-05,2027-06-05,22400.0,0.094,48,561.69,Master of Science in Data Analytics,0.0,CCC - Elevated Risk,Current / Performing,0,0.0
LN-14545,CUST-0630,PRD-PERS,BR-103,20240415,2024-04-15,2028-04-15,20900.0,0.13,48,560.69,Debt Consolidation,0.0,BBB - Moderate Risk,Current / Performing,0,0.0
LN-14546,CUST-0622,PRD-PERS,BR-112,20230924,2023-09-24,2027-09-24,12300.0,0.17,48,354.92,Debt Consolidation,0.0,DDD - High Default Probability,In Default (90+ DPD),1,0.0
LN-14547,CUST-0483,PRD-EQUIP,BR-112,20230424,2023-04-24,2027-04-24,114000.0,0.094,48,2858.6,Warehouse Forklift Fleet,143979.42,BBB - Moderate Risk,Current / Performing,0,0.0
LN-14548,CUST-0258,PRD-MORT,BR-109,20240904,2024-09-04,2044-09-04,692900.0,0.0875,240,6123.23,Refinance Existing Mortgage,923635.84,DDD - High Default Probability,In Default (90+ DPD),1,0.0
LN-14549,CUST-0556,PRD-MORT,BR-108,20250830,2025-08-30,2045-08-30,717700.0,0.0875,240,6342.39,Investment Property Buy,1107834.59,CCC - Elevated Risk,Charged Off / Written Off,1,532075.48
LN-14550,CUST-0759,PRD-AUTO,BR-106,20230914,2023-09-14,2029-09-13,60200.0,0.073,72,1035.04,Certified Pre-Owned Luxury Car,73744.1,BBB - Moderate Risk,Current / Performing,0,0.0
LN-14551,CUST-0324,PRD-EDU,BR-109,20240318,2024-03-18,2028-03-18,46500.0,0.064,48,1100.6,MBA Program Tuition,0.0,AAA - Low Risk,Current / Performing,0,0.0
LN-14552,CUST-0090,PRD-AUTO,BR-101,20240709,2024-07-09,2027-07-09,31800.0,0.083,36,1000.9,Fleet Commercial Van,43251.44,BBB - Moderate Risk,Charged Off / Written Off,1,19453.57
LN-14553,CUST-0581,PRD-SME,BR-104,20230128,2023-01-28,2030-01-27,281200.0,0.1,84,4668.25,Inventory Stocking Q4,421882.28,BBB - Moderate Risk,Current / Performing,0,0.0
LN-14554,CUST-0511,PRD-AUTO,BR-106,20251110,2025-11-10,2030-11-10,19000.0,0.123,60,425.53,New EV Purchase,25128.47,DDD - High Default Probability,Current / Performing,0,0.0
LN-14555,CUST-0726,PRD-EDU,BR-105,20250505,2025-05-05,2029-05-05,41300.0,0.114,48,1075.46,MBA Program Tuition,0.0,DDD - High Default Probability,Current / Performing,0,0.0
LN-14556,CUST-0824,PRD-SME,BR-105,20260401,2026-04-01,2031-04-01,250300.0,0.12,60,5567.79,Technology & IT Modernization,316960.92,CCC - Elevated Risk,Delinquent (31-60 DPD),0,0.0
LN-14557,CUST-0460,PRD-PERS,BR-104,20260326,2026-03-26,2030-03-26,19800.0,0.17,48,571.33,Wedding & Family,0.0,DDD - High Default Probability,In Default (90+ DPD),1,0.0
LN-14558,CUST-0717,PRD-MORT,BR-102,20251030,2025-10-30,2045-10-30,562000.0,0.0575,240,3945.71,Investment Property Buy,752878.1,AAA - Low Risk,Current / Performing,0,0.0
LN-14559,CUST-0201,PRD-MORT,BR-104,20260420,2026-04-20,2046-04-20,471300.0,0.0575,240,3308.92,Refinance Existing Mortgage,547180.54,CCC - Elevated Risk,Current / Performing,0,0.0
LN-14560,CUST-0682,PRD-EDU,BR-102,20230730,2023-07-30,2033-07-29,19700.0,0.064,120,222.69,Master of Science in Data Analytics,0.0,AAA - Low Risk,Current / Performing,0,0.0
LN-14561,CUST-0134,PRD-EQUIP,BR-104,20250504,2025-05-04,2027-05-04,119800.0,0.134,24,5718.04,Warehouse Forklift Fleet,142032.0,DDD - High Default Probability,Current / Performing,0,0.0
LN-14562,CUST-0951,PRD-AUTO,BR-108,20250401,2025-04-01,2031-04-01,26800.0,0.103,72,500.56,New EV Purchase,42435.0,CCC - Elevated Risk,Current / Performing,0,0.0
LN-14563,CUST-0425,PRD-EDU,BR-106,20241216,2024-12-16,2034-12-16,35800.0,0.064,120,404.68,Medical Residency Program,0.0,BBB - Moderate Risk,Current / Performing,0,0.0
LN-14564,CUST-0493,PRD-AUTO,BR-108,20250105,2025-01-05,2031-01-05,25700.0,0.123,72,506.46,Fleet Commercial Van,35108.86,DDD - High Default Probability,Current / Performing,0,0.0
LN-14565,CUST-0376,PRD-EDU,BR-102,20240703,2024-07-03,2034-07-03,54300.0,0.074,120,641.72,MBA Program Tuition,0.0,BBB - Moderate Risk,Current / Performing,0,0.0
LN-14566,CUST-0004,PRD-EQUIP,BR-104,20241230,2024-12-30,2029-12-30,117100.0,0.094,60,2453.6,Industrial CNC Machine,153041.46,BBB - Moderate Risk,Current / Performing,0,0.0
LN-14567,CUST-0266,PRD-EQUIP,BR-106,20231226,2023-12-26,2028-12-25,97600.0,0.084,60,1997.71,Industrial CNC Machine,143379.86,AAA - Low Risk,Current / Performing,0,0.0
LN-14568,CUST-0841,PRD-AUTO,BR-111,20260404,2026-04-04,2030-04-04,21600.0,0.073,48,520.25,Fleet Commercial Van,30319.33,BBB - Moderate Risk,Current / Performing,0,0.0
LN-14569,CUST-0460,PRD-MORT,BR-104,20230303,2023-03-03,2043-03-03,471300.0,0.1075,240,4784.77,Refinance Existing Mortgage,689359.8,DDD - High Default Probability,Current / Performing,0,0.0
LN-14570,CUST-0438,PRD-SME,BR-109,20241129,2024-11-29,2029-11-29,259400.0,0.1,60,5511.48,New Branch Expansion,377703.24,BBB - Moderate Risk,Current / Performing,0,0.0
LN-14571,CUST-0394,PRD-AUTO,BR-111,20231120,2023-11-20,2029-11-19,64500.0,0.083,72,1140.37,Certified Pre-Owned Luxury Car,75246.05,BBB - Moderate Risk,Current / Performing,0,0.0
LN-14572,CUST-0960,PRD-EQUIP,BR-106,20241107,2024-11-07,2029-11-07,47600.0,0.094,60,997.36,Medical Imaging Scanner,56587.56,BBB - Moderate Risk,Current / Performing,0,0.0
LN-14573,CUST-0632,PRD-EDU,BR-110,20250425,2025-04-25,2029-04-25,75800.0,0.064,48,1794.1,MBA Program Tuition,0.0,AAA - Low Risk,Current / Performing,0,0.0
LN-14574,CUST-0164,PRD-SME,BR-107,20241222,2024-12-22,2026-12-22,131600.0,0.1,24,6072.67,Working Capital Expansion,156960.53,BBB - Moderate Risk,Fully Paid,0,0.0
LN-14575,CUST-0470,PRD-SME,BR-106,20230509,2023-05-09,2025-05-08,336900.0,0.1,24,15546.23,Inventory Stocking Q4,421539.95,BBB - Moderate Risk,Fully Paid,0,0.0
LN-14576,CUST-0376,PRD-SME,BR-102,20231110,2023-11-10,2026-11-09,428100.0,0.1,36,13813.58,New Branch Expansion,556481.35,BBB - Moderate Risk,Fully Paid,0,0.0
LN-14577,CUST-0131,PRD-EDU,BR-106,20241220,2024-12-20,2031-12-20,65000.0,0.094,84,1059.03,Medical Residency Program,0.0,CCC - Elevated Risk,Under Restructuring,1,0.0
LN-14578,CUST-0730,PRD-MORT,BR-105,20240919,2024-09-19,2044-09-19,372500.0,0.0575,240,2615.26,Primary Residence Purchase,555629.93,AAA - Low Risk,Current / Performing,0,0.0
LN-14579,CUST-0675,PRD-MORT,BR-112,20250922,2025-09-22,2045-09-22,271500.0,0.0875,240,2399.27,Refinance Existing Mortgage,337666.07,CCC - Elevated Risk,Delinquent (31-60 DPD),0,0.0
LN-14580,CUST-0529,PRD-PERS,BR-107,20241112,2024-11-12,2028-11-12,3600.0,0.12,48,94.8,Debt Consolidation,0.0,BBB - Moderate Risk,Current / Performing,0,0.0
LN-14581,CUST-0724,PRD-EDU,BR-109,20240722,2024-07-22,2028-07-22,77900.0,0.094,48,1953.37,Master of Science in Data Analytics,0.0,DDD - High Default Probability,Under Restructuring,1,0.0
LN-14582,CUST-0502,PRD-EDU,BR-109,20260129,2026-01-29,2030-01-29,16500.0,0.074,48,398.18,Medical Residency Program,0.0,BBB - Moderate Risk,Under Restructuring,1,0.0
LN-14583,CUST-0660,PRD-MORT,BR-109,20250723,2025-07-23,2045-07-23,515200.0,0.1075,240,5230.46,Investment Property Buy,788914.8,DDD - High Default Probability,Under Restructuring,1,0.0
LN-14584,CUST-0908,PRD-SME,BR-103,20230806,2023-08-06,2030-08-05,233800.0,0.09,84,3761.63,Inventory Stocking Q4,273661.24,CCC - Elevated Risk,Current / Performing,0,0.0
LN-14585,CUST-0306,PRD-EQUIP,BR-106,20250520,2025-05-20,2030-05-20,173900.0,0.094,60,3643.73,Warehouse Forklift Fleet,240730.19,BBB - Moderate Risk,Current / Performing,0,0.0
LN-14586,CUST-0835,PRD-PERS,BR-101,20241202,2024-12-02,2028-12-02,28500.0,0.12,48,750.51,Home Renovation,0.0,BBB - Moderate Risk,Current / Performing,0,0.0
LN-14587,CUST-0512,PRD-SME,BR-104,20230520,2023-05-20,2025-05-19,399400.0,0.1,24,18430.28,Technology & IT Modernization,492084.85,BBB - Moderate Risk,Fully Paid,0,0.0
LN-14588,CUST-0024,PRD-AUTO,BR-104,20250831,2025-08-31,2029-08-31,35100.0,0.103,48,895.29,New EV Purchase,41617.17,CCC - Elevated Risk,Under Restructuring,1,0.0
LN-14589,CUST-0530,PRD-SME,BR-108,20250711,2025-07-11,2032-07-10,211500.0,0.09,84,3402.84,New Branch Expansion,336373.47,AAA - Low Risk,Current / Performing,0,0.0
LN-14590,CUST-0837,PRD-AUTO,BR-102,20231204,2023-12-04,2029-12-03,41900.0,0.083,72,740.8,Certified Pre-Owned Luxury Car,51425.85,BBB - Moderate Risk,Current / Performing,0,0.0
LN-14591,CUST-0626,PRD-SME,BR-111,20250802,2025-08-02,2032-08-01,164600.0,0.09,84,2648.26,New Branch Expansion,213073.63,BBB - Moderate Risk,Current / Performing,0,0.0
LN-14592,CUST-0171,PRD-AUTO,BR-103,20240131,2024-01-31,2030-01-30,44600.0,0.123,72,878.91,Fleet Commercial Van,60374.13,DDD - High Default Probability,Current / Performing,0,0.0
LN-14593,CUST-0885,PRD-PERS,BR-105,20250219,2025-02-19,2028-02-19,8800.0,0.12,36,292.29,Debt Consolidation,0.0,CCC - Elevated Risk,Current / Performing,0,0.0
LN-14594,CUST-0239,PRD-EQUIP,BR-110,20240301,2024-03-01,2026-03-01,39600.0,0.094,24,1816.39,Industrial CNC Machine,52364.95,BBB - Moderate Risk,Fully Paid,0,0.0
LN-14595,CUST-0580,PRD-MORT,BR-103,20230821,2023-08-21,2053-08-20,645600.0,0.0575,360,3767.55,Primary Residence Purchase,1009981.47,AAA - Low Risk,Current / Performing,0,0.0
LN-14596,CUST-0367,PRD-SME,BR-103,20240316,2024-03-16,2031-03-16,333200.0,0.09,84,5360.88,New Branch Expansion,495689.71,BBB - Moderate Risk,Current / Performing,0,0.0
LN-14597,CUST-0020,PRD-AUTO,BR-101,20240815,2024-08-15,2030-08-15,63600.0,0.073,72,1093.5,New EV Purchase,97689.66,AAA - Low Risk,Current / Performing,0,0.0
LN-14598,CUST-0077,PRD-SME,BR-109,20230111,2023-01-11,2025-01-10,194900.0,0.12,24,9174.62,Inventory Stocking Q4,229947.92,CCC - Elevated Risk,Fully Paid,0,0.0
LN-14599,CUST-0766,PRD-MORT,BR-102,20241030,2024-10-30,2044-10-30,319700.0,0.0875,240,2825.22,Primary Residence Purchase,502710.06,CCC - Elevated Risk,Current / Performing,0,0.0
LN-14600,CUST-0488,PRD-EDU,BR-102,20230725,2023-07-25,2033-07-24,66900.0,0.064,120,756.24,Medical Residency Program,0.0,BBB - Moderate Risk,Current / Performing,0,0.0
LN-14601,CUST-0955,PRD-AUTO,BR-109,20231210,2023-12-10,2026-12-09,48400.0,0.083,36,1523.39,Fleet Commercial Van,76853.22,BBB - Moderate Risk,Fully Paid,0,0.0
LN-14602,CUST-0825,PRD-SME,BR-103,20250126,2025-01-26,2028-01-26,333200.0,0.09,36,10595.67,Technology & IT Modernization,516626.05,AAA - Low Risk,Current / Performing,0,0.0
LN-14603,CUST-0324,PRD-EDU,BR-109,20241231,2024-12-31,2028-12-31,19200.0,0.064,48,454.44,Master of Science in Data Analytics,0.0,AAA - Low Risk,Current / Performing,0,0.0
LN-14604,CUST-0351,PRD-SME,BR-110,20230621,2023-06-21,2030-06-20,338200.0,0.12,84,5970.15,Technology & IT Modernization,488992.87,CCC - Elevated Risk,In Default (90+ DPD),1,0.0
LN-14605,CUST-0934,PRD-AUTO,BR-108,20250921,2025-09-21,2031-09-21,63800.0,0.083,72,1127.99,New EV Purchase,74374.14,CCC - Elevated Risk,Current / Performing,0,0.0
LN-14606,CUST-0729,PRD-AUTO,BR-101,20240131,2024-01-31,2027-01-30,30500.0,0.083,36,959.99,Certified Pre-Owned Luxury Car,47470.01,BBB - Moderate Risk,Current / Performing,0,0.0
LN-14607,CUST-0316,PRD-EQUIP,BR-101,20260204,2026-02-04,2030-02-04,167300.0,0.084,48,4115.77,Warehouse Forklift Fleet,235035.3,BBB - Moderate Risk,Current / Performing,0,0.0
LN-14608,CUST-0753,PRD-MORT,BR-102,20260208,2026-02-08,2046-02-08,752100.0,0.0575,240,5280.37,Refinance Existing Mortgage,1085575.02,AAA - Low Risk,Current / Performing,0,0.0
LN-14609,CUST-0846,PRD-SME,BR-110,20250517,2025-05-17,2028-05-16,111300.0,0.09,36,3539.31,Technology & IT Modernization,175370.54,AAA - Low Risk,Current / Performing,0,0.0
LN-14610,CUST-0924,PRD-EQUIP,BR-111,20250501,2025-05-01,2027-05-01,26000.0,0.084,24,1180.66,Industrial CNC Machine,37013.09,AAA - Low Risk,Current / Performing,0,0.0
LN-14611,CUST-0138,PRD-EDU,BR-106,20230422,2023-04-22,2028-04-21,19800.0,0.064,60,386.48,Master of Science in Data Analytics,0.0,AAA - Low Risk,Current / Performing,0,0.0
LN-14612,CUST-0642,PRD-EQUIP,BR-111,20251202,2025-12-02,2027-12-02,101800.0,0.114,24,4763.61,Medical Imaging Scanner,148347.29,CCC - Elevated Risk,Current / Performing,0,0.0
LN-14613,CUST-0022,PRD-AUTO,BR-110,20250118,2025-01-18,2029-01-18,63700.0,0.103,48,1624.79,Fleet Commercial Van,80435.69,CCC - Elevated Risk,Delinquent (31-60 DPD),0,0.0
LN-14614,CUST-0471,PRD-PERS,BR-105,20250116,2025-01-16,2027-01-16,14000.0,0.12,24,659.03,Wedding & Family,0.0,AAA - Low Risk,Current / Performing,0,0.0
LN-14615,CUST-0415,PRD-PERS,BR-108,20230602,2023-06-02,2027-06-02,6000.0,0.13,48,160.96,Wedding & Family,0.0,CCC - Elevated Risk,Under Restructuring,1,0.0
LN-14616,CUST-0606,PRD-EDU,BR-110,20230708,2023-07-08,2033-07-07,50200.0,0.074,120,593.27,Medical Residency Program,0.0,BBB - Moderate Risk,Current / Performing,0,0.0
LN-14617,CUST-0340,PRD-EDU,BR-109,20241127,2024-11-27,2034-11-27,28500.0,0.064,120,322.16,Master of Science in Data Analytics,0.0,CCC - Elevated Risk,Current / Performing,0,0.0
LN-14618,CUST-0936,PRD-MORT,BR-102,20260206,2026-02-06,2046-02-06,569300.0,0.0675,240,4328.75,Investment Property Buy,893782.56,CCC - Elevated Risk,Current / Performing,0,0.0
LN-14619,CUST-0833,PRD-AUTO,BR-111,20250617,2025-06-17,2030-06-17,25400.0,0.083,60,518.67,New EV Purchase,35438.06,CCC - Elevated Risk,Delinquent (31-60 DPD),0,0.0
LN-14620,CUST-0849,PRD-EDU,BR-106,20240531,2024-05-31,2029-05-31,63600.0,0.114,60,1395.54,Medical Residency Program,0.0,DDD - High Default Probability,Delinquent (61-90 DPD),1,0.0
LN-14621,CUST-0576,PRD-PERS,BR-111,20260524,2026-05-24,2027-05-24,29400.0,0.12,12,2612.15,Wedding & Family,0.0,CCC - Elevated Risk,Delinquent (31-60 DPD),0,0.0
LN-14622,CUST-0766,PRD-MORT,BR-102,20250901,2025-09-01,2045-09-01,219400.0,0.0875,240,1938.86,Primary Residence Purchase,338738.2,CCC - Elevated Risk,Current / Performing,0,0.0
LN-14623,CUST-0298,PRD-PERS,BR-111,20241111,2024-11-11,2028-11-11,7700.0,0.13,48,206.57,Emergency Medical Exp,0.0,BBB - Moderate Risk,Current / Performing,0,0.0
LN-14624,CUST-0368,PRD-EDU,BR-109,20240810,2024-08-10,2028-08-10,39600.0,0.074,48,955.64,Master of Science in Data Analytics,0.0,BBB - Moderate Risk,Current / Performing,0,0.0
LN-14625,CUST-0979,PRD-EDU,BR-110,20240506,2024-05-06,2028-05-06,74400.0,0.064,48,1760.96,MBA Program Tuition,0.0,AAA - Low Risk,Current / Performing,0,0.0
LN-14626,CUST-0333,PRD-EDU,BR-110,20250513,2025-05-13,2029-05-13,78500.0,0.064,48,1858.01,Medical Residency Program,0.0,BBB - Moderate Risk,Current / Performing,0,0.0
LN-14627,CUST-0093,PRD-SME,BR-110,20230913,2023-09-13,2030-09-12,114900.0,0.1,84,1907.48,New Branch Expansion,178062.56,BBB - Moderate Risk,Current / Performing,0,0.0
LN-14628,CUST-0879,PRD-SME,BR-105,20260514,2026-05-14,2033-05-13,92000.0,0.14,84,1724.08,Technology & IT Modernization,139214.28,DDD - High Default Probability,Current / Performing,0,0.0
LN-14629,CUST-0900,PRD-MORT,BR-102,20250825,2025-08-25,2045-08-25,780300.0,0.0575,240,5478.36,Refinance Existing Mortgage,1228269.0,AAA - Low Risk,Current / Performing,0,0.0
LN-14630,CUST-0747,PRD-EDU,BR-108,20250713,2025-07-13,2035-07-13,71800.0,0.114,120,1005.37,Master of Science in Data Analytics,0.0,DDD - High Default Probability,Current / Performing,0,0.0
LN-14631,CUST-0529,PRD-EDU,BR-107,20250905,2025-09-05,2035-09-05,25800.0,0.064,120,291.64,Master of Science in Data Analytics,0.0,BBB - Moderate Risk,Current / Performing,0,0.0
LN-14632,CUST-0175,PRD-SME,BR-109,20240315,2024-03-15,2026-03-15,226000.0,0.09,24,10324.75,Inventory Stocking Q4,330655.25,BBB - Moderate Risk,Fully Paid,0,0.0
LN-14633,CUST-0055,PRD-AUTO,BR-109,20250530,2025-05-30,2028-05-29,25000.0,0.123,36,833.94,Fleet Commercial Van,38503.33,DDD - High Default Probability,Current / Performing,0,0.0
LN-14634,CUST-0728,PRD-AUTO,BR-112,20251015,2025-10-15,2030-10-15,53700.0,0.073,60,1070.94,New EV Purchase,67269.6,AAA - Low Risk,Current / Performing,0,0.0
LN-14635,CUST-0799,PRD-AUTO,BR-102,20260218,2026-02-18,2029-02-17,48000.0,0.073,36,1488.69,Certified Pre-Owned Luxury Car,58539.03,AAA - Low Risk,Current / Performing,0,0.0
LN-14636,CUST-0543,PRD-AUTO,BR-105,20241003,2024-10-03,2030-10-03,21000.0,0.083,72,371.28,Fleet Commercial Van,25159.7,BBB - Moderate Risk,Current / Performing,0,0.0
LN-14637,CUST-0610,PRD-EDU,BR-101,20251128,2025-11-28,2032-11-27,62000.0,0.064,84,917.67,MBA Program Tuition,0.0,AAA - Low Risk,Current / Performing,0,0.0
LN-14638,CUST-0478,PRD-MORT,BR-103,20240614,2024-06-14,2044-06-14,442000.0,0.0575,240,3103.21,Primary Residence Purchase,657209.75,AAA - Low Risk,Current / Performing,0,0.0
LN-14639,CUST-0354,PRD-MORT,BR-112,20230603,2023-06-03,2043-06-03,731100.0,0.0575,240,5132.93,Refinance Existing Mortgage,959353.45,CCC - Elevated Risk,Current / Performing,0,0.0
LN-14640,CUST-0798,PRD-SME,BR-104,20260204,2026-02-04,2033-02-03,191400.0,0.1,84,3177.47,New Branch Expansion,245782.7,BBB - Moderate Risk,Current / Performing,0,0.0
LN-14641,CUST-0659,PRD-MORT,BR-103,20250501,2025-05-01,2055-05-01,575400.0,0.1075,360,5371.25,Refinance Existing Mortgage,815784.4,DDD - High Default Probability,Current / Performing,0,0.0
LN-14642,CUST-0598,PRD-MORT,BR-104,20240723,2024-07-23,2044-07-23,841900.0,0.0575,240,5910.84,Refinance Existing Mortgage,1238788.18,AAA - Low Risk,Current / Performing,0,0.0
LN-14643,CUST-0437,PRD-PERS,BR-103,20250204,2025-02-04,2029-02-04,31300.0,0.15,48,871.1,Wedding & Family,0.0,DDD - High Default Probability,Current / Performing,0,0.0
LN-14644,CUST-0768,PRD-SME,BR-103,20250722,2025-07-22,2032-07-21,159100.0,0.12,84,2808.55,New Branch Expansion,251622.78,CCC - Elevated Risk,Current / Performing,0,0.0
LN-14645,CUST-0176,PRD-AUTO,BR-109,20240510,2024-05-10,2027-05-10,50400.0,0.083,36,1586.34,Certified Pre-Owned Luxury Car,65751.43,CCC - Elevated Risk,Delinquent (31-60 DPD),0,0.0
LN-14646,CUST-0489,PRD-MORT,BR-111,20250909,2025-09-09,2045-09-09,589600.0,0.0675,240,4483.11,Primary Residence Purchase,835430.25,BBB - Moderate Risk,Current / Performing,0,0.0
LN-14647,CUST-0898,PRD-AUTO,BR-101,20250501,2025-05-01,2030-05-01,62100.0,0.073,60,1238.46,New EV Purchase,96308.51,CCC - Elevated Risk,Current / Performing,0,0.0
LN-14648,CUST-0968,PRD-EQUIP,BR-110,20240924,2024-09-24,2027-09-24,55200.0,0.084,36,1739.97,Industrial CNC Machine,83191.25,AAA - Low Risk,Current / Performing,0,0.0
LN-14649,CUST-0632,PRD-EQUIP,BR-110,20240321,2024-03-21,2027-03-21,48400.0,0.084,36,1525.63,Warehouse Forklift Fleet,68113.53,AAA - Low Risk,Current / Performing,0,0.0
LN-14650,CUST-0958,PRD-MORT,BR-110,20240109,2024-01-09,2044-01-09,744000.0,0.0575,240,5223.5,Refinance Existing Mortgage,1108451.04,CCC - Elevated Risk,Current / Performing,0,0.0
LN-14651,CUST-0698,PRD-EDU,BR-108,20230115,2023-01-15,2033-01-14,76700.0,0.074,120,906.44,MBA Program Tuition,0.0,BBB - Moderate Risk,Current / Performing,0,0.0
LN-14652,CUST-0628,PRD-MORT,BR-106,20230401,2023-04-01,2043-04-01,618900.0,0.0575,240,4345.19,Refinance Existing Mortgage,760298.46,BBB - Moderate Risk,Current / Performing,0,0.0
LN-14653,CUST-0127,PRD-AUTO,BR-104,20260219,2026-02-19,2032-02-19,59200.0,0.123,72,1166.63,Fleet Commercial Van,84249.5,DDD - High Default Probability,Current / Performing,0,0.0
LN-14654,CUST-0887,PRD-MORT,BR-111,20230627,2023-06-27,2043-06-27,574100.0,0.0675,240,4365.25,Investment Property Buy,712641.57,BBB - Moderate Risk,Current / Performing,0,0.0
LN-14655,CUST-0761,PRD-EQUIP,BR-110,20230816,2023-08-16,2026-08-15,33000.0,0.094,36,1055.55,Warehouse Forklift Fleet,51340.86,BBB - Moderate Risk,Fully Paid,0,0.0
LN-14656,CUST-0713,PRD-AUTO,BR-108,20250105,2025-01-05,2031-01-05,22500.0,0.083,72,397.8,New EV Purchase,29378.62,BBB - Moderate Risk,Current / Performing,0,0.0
LN-14657,CUST-0466,PRD-PERS,BR-102,20250601,2025-06-01,2029-06-01,11800.0,0.12,48,310.74,Debt Consolidation,0.0,AAA - Low Risk,Current / Performing,0,0.0
LN-14658,CUST-0528,PRD-AUTO,BR-112,20240610,2024-06-10,2027-06-10,18300.0,0.103,36,593.07,Fleet Commercial Van,21232.51,CCC - Elevated Risk,Current / Performing,0,0.0
LN-14659,CUST-0816,PRD-EDU,BR-103,20231003,2023-10-03,2028-10-02,24300.0,0.094,60,509.16,MBA Program Tuition,0.0,CCC - Elevated Risk,Current / Performing,0,0.0
LN-14660,CUST-0850,PRD-PERS,BR-103,20230103,2023-01-03,2026-01-02,8300.0,0.15,36,287.72,Debt Consolidation,0.0,CCC - Elevated Risk,Fully Paid,0,0.0
LN-14661,CUST-0524,PRD-PERS,BR-108,20240621,2024-06-21,2028-06-21,26500.0,0.17,48,764.66,Home Renovation,0.0,DDD - High Default Probability,Current / Performing,0,0.0
LN-14662,CUST-0528,PRD-EDU,BR-112,20241130,2024-11-30,2028-11-30,41000.0,0.094,48,1028.09,Medical Residency Program,0.0,CCC - Elevated Risk,Current / Performing,0,0.0
LN-14663,CUST-0766,PRD-AUTO,BR-102,20230225,2023-02-25,2029-02-24,23900.0,0.103,72,446.39,Fleet Commercial Van,31955.08,CCC - Elevated Risk,Current / Performing,0,0.0
LN-14664,CUST-0141,PRD-MORT,BR-109,20230609,2023-06-09,2043-06-09,787300.0,0.0875,240,6957.45,Investment Property Buy,1198294.35,DDD - High Default Probability,Current / Performing,0,0.0
LN-14665,CUST-0698,PRD-PERS,BR-108,20230126,2023-01-26,2027-01-26,18600.0,0.13,48,498.99,Debt Consolidation,0.0,BBB - Moderate Risk,Current / Performing,0,0.0
LN-14666,CUST-0413,PRD-SME,BR-108,20260115,2026-01-15,2029-01-14,209400.0,0.09,36,6658.86,Working Capital Expansion,260032.52,CCC - Elevated Risk,Current / Performing,0,0.0
LN-14667,CUST-0992,PRD-MORT,BR-111,20240801,2024-08-01,2044-08-01,340900.0,0.0675,240,2592.08,Refinance Existing Mortgage,434577.45,BBB - Moderate Risk,Current / Performing,0,0.0
LN-14668,CUST-0267,PRD-AUTO,BR-109,20240720,2024-07-20,2030-07-20,61800.0,0.083,72,1092.63,Fleet Commercial Van,77778.95,BBB - Moderate Risk,Current / Performing,0,0.0
LN-14669,CUST-0414,PRD-EQUIP,BR-109,20260418,2026-04-18,2031-04-18,89600.0,0.094,60,1877.39,Warehouse Forklift Fleet,120045.22,BBB - Moderate Risk,Current / Performing,0,0.0
LN-14670,CUST-0468,PRD-MORT,BR-103,20251004,2025-10-04,2045-10-04,230600.0,0.0575,240,1619.0,Investment Property Buy,303410.62,BBB - Moderate Risk,Current / Performing,0,0.0
LN-14671,CUST-0669,PRD-EQUIP,BR-109,20240601,2024-06-01,2026-06-01,157600.0,0.084,24,7156.61,Warehouse Forklift Fleet,191881.14,CCC - Elevated Risk,Fully Paid,0,0.0
LN-14672,CUST-0954,PRD-EDU,BR-112,20240426,2024-04-26,2028-04-26,16400.0,0.064,48,388.17,Medical Residency Program,0.0,BBB - Moderate Risk,Current / Performing,0,0.0
LN-14673,CUST-0025,PRD-MORT,BR-111,20230318,2023-03-18,2053-03-17,253100.0,0.0675,360,1641.6,Refinance Existing Mortgage,379223.33,BBB - Moderate Risk,Current / Performing,0,0.0
LN-14674,CUST-0910,PRD-PERS,BR-104,20251221,2025-12-21,2029-12-21,8400.0,0.15,48,233.78,Emergency Medical Exp,0.0,CCC - Elevated Risk,In Default (90+ DPD),1,0.0
LN-14675,CUST-0616,PRD-MORT,BR-111,20250823,2025-08-23,2045-08-23,697600.0,0.0875,240,6164.77,Primary Residence Purchase,890311.65,CCC - Elevated Risk,Current / Performing,0,0.0
LN-14676,CUST-0500,PRD-MORT,BR-101,20230124,2023-01-24,2043-01-24,736800.0,0.0575,240,5172.95,Refinance Existing Mortgage,1048885.87,BBB - Moderate Risk,Current / Performing,0,0.0
LN-14677,CUST-0676,PRD-EDU,BR-110,20240806,2024-08-06,2034-08-06,10900.0,0.074,120,128.82,MBA Program Tuition,0.0,BBB - Moderate Risk,Current / Performing,0,0.0
LN-14678,CUST-0115,PRD-AUTO,BR-105,20250310,2025-03-10,2031-03-10,18300.0,0.083,72,323.55,Fleet Commercial Van,23283.76,BBB - Moderate Risk,Current / Performing,0,0.0
LN-14679,CUST-0683,PRD-AUTO,BR-102,20230117,2023-01-17,2028-01-17,28300.0,0.073,60,564.39,Certified Pre-Owned Luxury Car,33385.89,AAA - Low Risk,Current / Performing,0,0.0
LN-14680,CUST-0529,PRD-PERS,BR-107,20250901,2025-09-01,2029-09-01,15100.0,0.12,48,397.64,Home Renovation,0.0,BBB - Moderate Risk,Current / Performing,0,0.0
LN-14681,CUST-0433,PRD-PERS,BR-108,20230306,2023-03-06,2025-03-05,31200.0,0.15,24,1512.78,Home Renovation,0.0,CCC - Elevated Risk,Fully Paid,0,0.0
LN-14682,CUST-0453,PRD-EQUIP,BR-101,20240517,2024-05-17,2026-05-17,130900.0,0.094,24,6004.19,Industrial CNC Machine,163246.51,CCC - Elevated Risk,Fully Paid,0,0.0
LN-14683,CUST-0340,PRD-SME,BR-109,20260414,2026-04-14,2033-04-13,212100.0,0.09,84,3412.49,Technology & IT Modernization,271608.3,CCC - Elevated Risk,Current / Performing,0,0.0
LN-14684,CUST-0636,PRD-EDU,BR-108,20241221,2024-12-21,2034-12-21,72000.0,0.094,120,927.72,Medical Residency Program,0.0,CCC - Elevated Risk,Current / Performing,0,0.0
LN-14685,CUST-0207,PRD-EQUIP,BR-102,20250110,2025-01-10,2030-01-10,93500.0,0.094,60,1959.11,Warehouse Forklift Fleet,145573.83,BBB - Moderate Risk,Delinquent (61-90 DPD),1,0.0
LN-14686,CUST-0673,PRD-AUTO,BR-110,20250303,2025-03-03,2028-03-02,64100.0,0.083,36,2017.54,New EV Purchase,82798.81,CCC - Elevated Risk,Current / Performing,0,0.0
LN-14687,CUST-0824,PRD-EDU,BR-105,20250512,2025-05-12,2030-05-12,21400.0,0.094,60,448.39,Medical Residency Program,0.0,CCC - Elevated Risk,Current / Performing,0,0.0
LN-14688,CUST-0347,PRD-PERS,BR-112,20231206,2023-12-06,2027-12-06,17100.0,0.17,48,493.42,Home Renovation,0.0,DDD - High Default Probability,Delinquent (61-90 DPD),1,0.0
LN-14689,CUST-0943,PRD-MORT,BR-110,20250223,2025-02-23,2045-02-23,343500.0,0.0675,240,2611.85,Investment Property Buy,400045.47,CCC - Elevated Risk,Current / Performing,0,0.0
LN-14690,CUST-0633,PRD-EQUIP,BR-108,20240514,2024-05-14,2029-05-14,36500.0,0.094,60,764.79,Warehouse Forklift Fleet,47617.76,CCC - Elevated Risk,Charged Off / Written Off,1,29541.59
LN-14691,CUST-0734,PRD-AUTO,BR-112,20260113,2026-01-13,2032-01-13,58400.0,0.073,72,1004.1,Fleet Commercial Van,86496.75,AAA - Low Risk,Delinquent (31-60 DPD),0,0.0
LN-14692,CUST-0593,PRD-SME,BR-109,20240412,2024-04-12,2027-04-12,385700.0,0.1,36,12445.45,New Branch Expansion,522896.44,BBB - Moderate Risk,Current / Performing,0,0.0
LN-14693,CUST-0360,PRD-MORT,BR-108,20230327,2023-03-27,2043-03-27,693700.0,0.1075,240,7042.64,Refinance Existing Mortgage,1017741.74,DDD - High Default Probability,Delinquent (31-60 DPD),0,0.0
LN-14694,CUST-0916,PRD-SME,BR-103,20231006,2023-10-06,2030-10-05,83400.0,0.09,84,1341.83,Inventory Stocking Q4,98278.59,CCC - Elevated Risk,Current / Performing,0,0.0
LN-14695,CUST-0125,PRD-EDU,BR-108,20230219,2023-02-19,2028-02-19,37400.0,0.064,60,730.02,Medical Residency Program,0.0,CCC - Elevated Risk,In Default (90+ DPD),1,0.0
LN-14696,CUST-0126,PRD-PERS,BR-107,20260319,2026-03-19,2030-03-19,6100.0,0.12,48,160.64,Wedding & Family,0.0,CCC - Elevated Risk,Delinquent (31-60 DPD),0,0.0
LN-14697,CUST-0252,PRD-PERS,BR-102,20260203,2026-02-03,2030-02-03,7400.0,0.12,48,194.87,Debt Consolidation,0.0,CCC - Elevated Risk,Current / Performing,0,0.0
LN-14698,CUST-0846,PRD-EDU,BR-110,20251202,2025-12-02,2029-12-02,59300.0,0.064,48,1403.56,Medical Residency Program,0.0,AAA - Low Risk,Current / Performing,0,0.0
LN-14699,CUST-0331,PRD-SME,BR-105,20240811,2024-08-11,2027-08-11,129900.0,0.09,36,4130.79,New Branch Expansion,170716.37,AAA - Low Risk,Current / Performing,0,0.0
LN-14700,CUST-0782,PRD-SME,BR-107,20241010,2024-10-10,2031-10-10,217400.0,0.1,84,3609.1,Working Capital Expansion,344643.85,BBB - Moderate Risk,Current / Performing,0,0.0
LN-14701,CUST-0389,PRD-MORT,BR-110,20240718,2024-07-18,2044-07-18,734200.0,0.0575,240,5154.7,Investment Property Buy,1000084.54,AAA - Low Risk,Current / Performing,0,0.0
LN-14702,CUST-0092,PRD-EQUIP,BR-106,20240627,2024-06-27,2029-06-27,167500.0,0.134,60,3845.53,Industrial CNC Machine,217826.52,DDD - High Default Probability,Current / Performing,0,0.0
LN-14703,CUST-0267,PRD-SME,BR-109,20250703,2025-07-03,2032-07-02,327900.0,0.1,84,5443.53,New Branch Expansion,521311.62,BBB - Moderate Risk,Current / Performing,0,0.0
LN-14704,CUST-0172,PRD-MORT,BR-105,20250915,2025-09-15,2045-09-15,612100.0,0.0875,240,5409.19,Primary Residence Purchase,960762.18,DDD - High Default Probability,In Default (90+ DPD),1,0.0
LN-14705,CUST-0677,PRD-AUTO,BR-105,20230527,2023-05-27,2026-05-26,33700.0,0.103,36,1092.16,Fleet Commercial Van,39283.52,CCC - Elevated Risk,Fully Paid,0,0.0
LN-14706,CUST-0405,PRD-SME,BR-110,20260318,2026-03-18,2029-03-17,364900.0,0.09,36,11603.72,Technology & IT Modernization,543219.48,AAA - Low Risk,Current / Performing,0,0.0
LN-14707,CUST-0981,PRD-PERS,BR-108,20260508,2026-05-08,2030-05-08,22000.0,0.13,48,590.2,Wedding & Family,0.0,CCC - Elevated Risk,Current / Performing,0,0.0
LN-14708,CUST-0973,PRD-AUTO,BR-105,20240913,2024-09-13,2030-09-13,50700.0,0.073,72,871.71,Fleet Commercial Van,61614.25,AAA - Low Risk,Current / Performing,0,0.0
LN-14709,CUST-0529,PRD-AUTO,BR-107,20240904,2024-09-04,2029-09-04,39300.0,0.073,60,783.76,Certified Pre-Owned Luxury Car,54596.28,BBB - Moderate Risk,Current / Performing,0,0.0
LN-14710,CUST-0519,PRD-EDU,BR-112,20230729,2023-07-29,2028-07-28,64600.0,0.074,60,1291.38,Medical Residency Program,0.0,BBB - Moderate Risk,Current / Performing,0,0.0
LN-14711,CUST-0585,PRD-MORT,BR-102,20240531,2024-05-31,2044-05-31,446400.0,0.0675,240,3394.26,Refinance Existing Mortgage,520850.96,CCC - Elevated Risk,Current / Performing,0,0.0
LN-14712,CUST-0700,PRD-MORT,BR-110,20250529,2025-05-29,2045-05-29,472800.0,0.0875,240,4178.18,Primary Residence Purchase,550331.92,DDD - High Default Probability,Charged Off / Written Off,1,379261.94
LN-14713,CUST-0052,PRD-EDU,BR-112,20230613,2023-06-13,2030-06-12,45600.0,0.094,84,742.95,Medical Residency Program,0.0,CCC - Elevated Risk,Current / Performing,0,0.0
LN-14714,CUST-0378,PRD-EQUIP,BR-111,20231214,2023-12-14,2028-12-13,113800.0,0.084,60,2329.3,Warehouse Forklift Fleet,132685.3,BBB - Moderate Risk,Current / Performing,0,0.0
LN-14715,CUST-0138,PRD-EDU,BR-106,20230110,2023-01-10,2027-01-10,10100.0,0.064,48,239.06,MBA Program Tuition,0.0,AAA - Low Risk,Fully Paid,0,0.0
LN-14716,CUST-0714,PRD-SME,BR-111,20240307,2024-03-07,2029-03-07,113500.0,0.09,60,2356.07,Inventory Stocking Q4,171501.38,AAA - Low Risk,Current / Performing,0,0.0
LN-14717,CUST-0320,PRD-EDU,BR-109,20240508,2024-05-08,2028-05-08,16600.0,0.114,48,432.27,Medical Residency Program,0.0,DDD - High Default Probability,Current / Performing,0,0.0
LN-14718,CUST-0797,PRD-AUTO,BR-101,20230825,2023-08-25,2026-08-24,46900.0,0.103,36,1519.95,Fleet Commercial Van,56562.54,DDD - High Default Probability,Fully Paid,0,0.0
LN-14719,CUST-0198,PRD-SME,BR-112,20250529,2025-05-29,2030-05-29,445100.0,0.09,60,9239.54,New Branch Expansion,622966.54,BBB - Moderate Risk,Current / Performing,0,0.0
LN-14720,CUST-0805,PRD-AUTO,BR-101,20230123,2023-01-23,2026-01-22,53800.0,0.083,36,1693.35,New EV Purchase,78914.91,BBB - Moderate Risk,Fully Paid,0,0.0
LN-14721,CUST-0941,PRD-SME,BR-102,20230720,2023-07-20,2030-07-19,399700.0,0.09,84,6430.8,Working Capital Expansion,589080.94,BBB - Moderate Risk,Delinquent (31-60 DPD),0,0.0
LN-14722,CUST-0090,PRD-AUTO,BR-101,20240222,2024-02-22,2029-02-21,38700.0,0.083,60,790.26,Fleet Commercial Van,49430.52,BBB - Moderate Risk,Delinquent (31-60 DPD),0,0.0
LN-14723,CUST-0997,PRD-AUTO,BR-105,20240103,2024-01-03,2027-01-02,41300.0,0.083,36,1299.92,Fleet Commercial Van,57655.83,BBB - Moderate Risk,Fully Paid,0,0.0
LN-14724,CUST-0549,PRD-AUTO,BR-110,20251109,2025-11-09,2031-11-09,54200.0,0.083,72,958.26,New EV Purchase,68651.46,BBB - Moderate Risk,Charged Off / Written Off,1,43400.38
LN-14725,CUST-0583,PRD-AUTO,BR-107,20260114,2026-01-14,2029-01-13,18600.0,0.073,36,576.87,Fleet Commercial Van,22908.14,CCC - Elevated Risk,Current / Performing,0,0.0
LN-14726,CUST-0032,PRD-EQUIP,BR-107,20250121,2025-01-21,2030-01-21,53100.0,0.094,60,1112.61,Industrial CNC Machine,63775.18,BBB - Moderate Risk,Delinquent (31-60 DPD),0,0.0
LN-14727,CUST-0897,PRD-AUTO,BR-110,20250903,2025-09-03,2029-09-03,17500.0,0.073,48,421.5,Certified Pre-Owned Luxury Car,22013.98,AAA - Low Risk,Current / Performing,0,0.0
LN-14728,CUST-0477,PRD-AUTO,BR-110,20230330,2023-03-30,2029-03-29,20400.0,0.083,72,360.67,Certified Pre-Owned Luxury Car,28370.4,BBB - Moderate Risk,Current / Performing,0,0.0
LN-14729,CUST-0840,PRD-EDU,BR-101,20240403,2024-04-03,2028-04-03,79000.0,0.074,48,1906.45,MBA Program Tuition,0.0,BBB - Moderate Risk,Current / Performing,0,0.0
LN-14730,CUST-0444,PRD-SME,BR-111,20231116,2023-11-16,2027-11-16,278100.0,0.14,48,7599.49,New Branch Expansion,353161.8,DDD - High Default Probability,Under Restructuring,1,0.0
LN-14731,CUST-0615,PRD-MORT,BR-110,20250913,2025-09-13,2045-09-13,501700.0,0.0575,240,3522.35,Investment Property Buy,693564.5,CCC - Elevated Risk,Under Restructuring,1,0.0
LN-14732,CUST-0250,PRD-PERS,BR-101,20231011,2023-10-11,2025-10-10,11700.0,0.15,24,567.29,Wedding & Family,0.0,CCC - Elevated Risk,Fully Paid,0,0.0
LN-14733,CUST-0169,PRD-PERS,BR-102,20240401,2024-04-01,2025-04-01,13100.0,0.15,12,1182.38,Debt Consolidation,0.0,CCC - Elevated Risk,Fully Paid,0,0.0
LN-14734,CUST-0923,PRD-EDU,BR-103,20240928,2024-09-28,2028-09-28,11800.0,0.094,48,295.89,Master of Science in Data Analytics,0.0,CCC - Elevated Risk,Delinquent (61-90 DPD),1,0.0
LN-14735,CUST-0926,PRD-AUTO,BR-112,20231126,2023-11-26,2026-11-25,51900.0,0.073,36,1609.65,Certified Pre-Owned Luxury Car,70605.92,AAA - Low Risk,Fully Paid,0,0.0
LN-14736,CUST-0579,PRD-EDU,BR-101,20240803,2024-08-03,2034-08-03,36600.0,0.064,120,413.73,Master of Science in Data Analytics,0.0,BBB - Moderate Risk,Current / Performing,0,0.0
LN-14737,CUST-0031,PRD-PERS,BR-108,20251223,2025-12-23,2029-12-23,32600.0,0.13,48,874.58,Debt Consolidation,0.0,CCC - Elevated Risk,Current / Performing,0,0.0
LN-14738,CUST-0887,PRD-MORT,BR-111,20250728,2025-07-28,2045-07-28,466000.0,0.0675,240,3543.3,Investment Property Buy,664160.78,BBB - Moderate Risk,Delinquent (61-90 DPD),1,0.0
LN-14739,CUST-0473,PRD-AUTO,BR-106,20231107,2023-11-07,2029-11-06,18600.0,0.103,72,347.4,Certified Pre-Owned Luxury Car,28885.53,CCC - Elevated Risk,Current / Performing,0,0.0
LN-14740,CUST-0632,PRD-SME,BR-110,20230318,2023-03-18,2030-03-17,60200.0,0.09,84,968.56,Technology & IT Modernization,93967.84,AAA - Low Risk,Current / Performing,0,0.0
LN-14741,CUST-0316,PRD-EDU,BR-101,20250509,2025-05-09,2029-05-09,22200.0,0.064,48,525.45,Medical Residency Program,0.0,BBB - Moderate Risk,Current / Performing,0,0.0
LN-14742,CUST-0559,PRD-EQUIP,BR-106,20230910,2023-09-10,2025-09-09,90600.0,0.094,24,4155.69,Warehouse Forklift Fleet,130140.39,BBB - Moderate Risk,Fully Paid,0,0.0
LN-14743,CUST-0606,PRD-MORT,BR-110,20250421,2025-04-21,2045-04-21,628700.0,0.0675,240,4780.41,Primary Residence Purchase,738489.68,BBB - Moderate Risk,Current / Performing,0,0.0
LN-14744,CUST-0416,PRD-PERS,BR-110,20251011,2025-10-11,2029-10-11,8700.0,0.15,48,242.13,Emergency Medical Exp,0.0,CCC - Elevated Risk,Delinquent (31-60 DPD),0,0.0
LN-14745,CUST-0298,PRD-PERS,BR-111,20260331,2026-03-31,2030-03-31,28100.0,0.13,48,753.85,Wedding & Family,0.0,BBB - Moderate Risk,Current / Performing,0,0.0
LN-14746,CUST-0939,PRD-EQUIP,BR-104,20240720,2024-07-20,2029-07-20,29700.0,0.094,60,622.3,Warehouse Forklift Fleet,47050.5,BBB - Moderate Risk,Current / Performing,0,0.0
LN-14747,CUST-0345,PRD-PERS,BR-101,20230625,2023-06-25,2025-06-24,31700.0,0.13,24,1507.08,Home Renovation,0.0,CCC - Elevated Risk,Fully Paid,0,0.0
LN-14748,CUST-0950,PRD-MORT,BR-105,20260529,2026-05-29,2046-05-29,668700.0,0.0575,240,4694.83,Refinance Existing Mortgage,796768.84,BBB - Moderate Risk,Current / Performing,0,0.0
LN-14749,CUST-0482,PRD-AUTO,BR-107,20230101,2023-01-01,2028-12-31,60100.0,0.083,72,1062.57,Fleet Commercial Van,84276.94,CCC - Elevated Risk,Current / Performing,0,0.0
LN-14750,CUST-0124,PRD-EDU,BR-108,20240506,2024-05-06,2034-05-06,78900.0,0.074,120,932.44,Medical Residency Program,0.0,BBB - Moderate Risk,Current / Performing,0,0.0
LN-14751,CUST-0874,PRD-EQUIP,BR-112,20240923,2024-09-23,2029-09-23,97300.0,0.084,60,1991.57,Industrial CNC Machine,151798.56,AAA - Low Risk,Current / Performing,0,0.0
LN-14752,CUST-0520,PRD-MORT,BR-102,20260307,2026-03-07,2056-03-06,608300.0,0.1075,360,5678.37,Primary Residence Purchase,873658.93,DDD - High Default Probability,Delinquent (31-60 DPD),0,0.0
LN-14753,CUST-0706,PRD-SME,BR-109,20241119,2024-11-19,2027-11-19,87100.0,0.09,36,2769.76,Inventory Stocking Q4,131267.32,AAA - Low Risk,Delinquent (31-60 DPD),0,0.0
LN-14754,CUST-0418,PRD-MORT,BR-111,20260423,2026-04-23,2046-04-23,710800.0,0.0575,240,4990.41,Refinance Existing Mortgage,995616.49,CCC - Elevated Risk,Current / Performing,0,0.0
LN-14755,CUST-0215,PRD-EQUIP,BR-107,20240429,2024-04-29,2029-04-29,99600.0,0.114,60,2185.47,Medical Imaging Scanner,130867.33,CCC - Elevated Risk,Current / Performing,0,0.0
LN-14756,CUST-0527,PRD-MORT,BR-107,20240601,2024-06-01,2044-06-01,442100.0,0.0675,240,3361.57,Investment Property Buy,631153.64,BBB - Moderate Risk,Current / Performing,0,0.0
LN-14757,CUST-0423,PRD-PERS,BR-111,20251226,2025-12-26,2029-12-26,16800.0,0.13,48,450.7,Home Renovation,0.0,BBB - Moderate Risk,Current / Performing,0,0.0
LN-14758,CUST-0475,PRD-EDU,BR-111,20251103,2025-11-03,2030-11-03,64500.0,0.064,60,1259.0,Master of Science in Data Analytics,0.0,AAA - Low Risk,Current / Performing,0,0.0
LN-14759,CUST-0532,PRD-EQUIP,BR-102,20230108,2023-01-08,2028-01-08,112600.0,0.134,60,2585.11,Industrial CNC Machine,151833.73,DDD - High Default Probability,Current / Performing,0,0.0
LN-14760,CUST-0389,PRD-EDU,BR-110,20230106,2023-01-06,2027-01-06,35500.0,0.064,48,840.24,Master of Science in Data Analytics,0.0,AAA - Low Risk,Fully Paid,0,0.0
LN-14761,CUST-0080,PRD-AUTO,BR-105,20230124,2023-01-24,2028-01-24,52900.0,0.083,60,1080.23,Certified Pre-Owned Luxury Car,82201.95,BBB - Moderate Risk,Current / Performing,0,0.0
LN-14762,CUST-0736,PRD-MORT,BR-103,20241028,2024-10-28,2044-10-28,711500.0,0.0675,240,5409.99,Investment Property Buy,958024.7,BBB - Moderate Risk,Current / Performing,0,0.0
LN-14763,CUST-0258,PRD-MORT,BR-109,20250202,2025-02-02,2045-02-02,705000.0,0.0875,240,6230.16,Investment Property Buy,901446.85,DDD - High Default Probability,Under Restructuring,1,0.0
LN-14764,CUST-0434,PRD-AUTO,BR-107,20240115,2024-01-15,2027-01-14,24700.0,0.083,36,777.43,Certified Pre-Owned Luxury Car,34395.54,BBB - Moderate Risk,Fully Paid,0,0.0
LN-14765,CUST-0480,PRD-AUTO,BR-103,20241101,2024-11-01,2030-11-01,40000.0,0.083,72,707.2,Certified Pre-Owned Luxury Car,52204.35,BBB - Moderate Risk,Current / Performing,0,0.0
LN-14766,CUST-0550,PRD-MORT,BR-110,20240120,2024-01-20,2044-01-20,437000.0,0.0675,240,3322.79,Investment Property Buy,630825.36,BBB - Moderate Risk,Current / Performing,0,0.0
LN-14767,CUST-0780,PRD-EQUIP,BR-103,20240905,2024-09-05,2029-09-05,64600.0,0.094,60,1353.57,Medical Imaging Scanner,97594.86,CCC - Elevated Risk,Delinquent (31-60 DPD),0,0.0
LN-14768,CUST-0591,PRD-SME,BR-105,20241216,2024-12-16,2026-12-16,446600.0,0.12,24,21023.01,Technology & IT Modernization,528409.72,CCC - Elevated Risk,Fully Paid,0,0.0
LN-14769,CUST-0350,PRD-MORT,BR-105,20231028,2023-10-28,2043-10-28,498000.0,0.1075,240,5055.84,Refinance Existing Mortgage,610191.29,DDD - High Default Probability,Current / Performing,0,0.0
LN-14770,CUST-0841,PRD-MORT,BR-111,20250806,2025-08-06,2045-08-06,573800.0,0.0575,240,4028.56,Primary Residence Purchase,868037.2,BBB - Moderate Risk,Current / Performing,0,0.0
LN-14771,CUST-0514,PRD-EDU,BR-108,20230512,2023-05-12,2027-05-12,76600.0,0.094,48,1920.78,Master of Science in Data Analytics,0.0,CCC - Elevated Risk,Current / Performing,0,0.0
LN-14772,CUST-0658,PRD-EDU,BR-106,20250910,2025-09-10,2029-09-10,30700.0,0.074,48,740.86,MBA Program Tuition,0.0,BBB - Moderate Risk,Current / Performing,0,0.0
LN-14773,CUST-0031,PRD-EQUIP,BR-108,20260108,2026-01-08,2029-01-07,124700.0,0.094,36,3988.68,Medical Imaging Scanner,145239.87,CCC - Elevated Risk,Delinquent (31-60 DPD),0,0.0
LN-14774,CUST-0610,PRD-PERS,BR-101,20231129,2023-11-29,2025-11-28,14300.0,0.12,24,673.15,Debt Consolidation,0.0,AAA - Low Risk,Fully Paid,0,0.0
LN-14775,CUST-0370,PRD-PERS,BR-108,20251028,2025-10-28,2029-10-28,5700.0,0.13,48,152.92,Emergency Medical Exp,0.0,CCC - Elevated Risk,Current / Performing,0,0.0
LN-14776,CUST-0774,PRD-MORT,BR-101,20250720,2025-07-20,2045-07-20,224100.0,0.0675,240,1703.98,Primary Residence Purchase,321080.9,BBB - Moderate Risk,Current / Performing,0,0.0
LN-14777,CUST-0449,PRD-MORT,BR-111,20240528,2024-05-28,2044-05-28,375500.0,0.0675,240,2855.17,Investment Property Buy,514463.66,CCC - Elevated Risk,Current / Performing,0,0.0
LN-14778,CUST-0426,PRD-AUTO,BR-105,20250715,2025-07-15,2031-07-15,37700.0,0.083,72,666.54,Fleet Commercial Van,57546.39,BBB - Moderate Risk,Current / Performing,0,0.0
LN-14779,CUST-0844,PRD-SME,BR-105,20250923,2025-09-23,2032-09-22,366500.0,0.14,84,6868.21,Working Capital Expansion,495661.57,DDD - High Default Probability,Charged Off / Written Off,1,267463.42
LN-14780,CUST-0242,PRD-EQUIP,BR-108,20260119,2026-01-19,2031-01-19,45000.0,0.094,60,942.89,Warehouse Forklift Fleet,57773.5,CCC - Elevated Risk,Current / Performing,0,0.0
LN-14781,CUST-0704,PRD-MORT,BR-107,20250301,2025-03-01,2045-03-01,655100.0,0.0575,240,4599.35,Refinance Existing Mortgage,875989.47,AAA - Low Risk,Current / Performing,0,0.0
LN-14782,CUST-0843,PRD-AUTO,BR-108,20260123,2026-01-23,2032-01-23,39900.0,0.103,72,745.23,Certified Pre-Owned Luxury Car,59367.66,CCC - Elevated Risk,Current / Performing,0,0.0
LN-14783,CUST-0294,PRD-EQUIP,BR-112,20240705,2024-07-05,2029-07-05,43000.0,0.094,60,900.98,Medical Imaging Scanner,49481.69,CCC - Elevated Risk,Current / Performing,0,0.0
LN-14784,CUST-0875,PRD-SME,BR-110,20231127,2023-11-27,2030-11-26,397000.0,0.09,84,6387.36,Inventory Stocking Q4,462171.08,AAA - Low Risk,Current / Performing,0,0.0
LN-14785,CUST-0197,PRD-MORT,BR-103,20260111,2026-01-11,2046-01-11,525600.0,0.0575,240,3690.15,Primary Residence Purchase,763508.72,AAA - Low Risk,Current / Performing,0,0.0
LN-14786,CUST-0241,PRD-AUTO,BR-111,20240627,2024-06-27,2029-06-27,19800.0,0.083,60,404.32,New EV Purchase,24816.54,CCC - Elevated Risk,Current / Performing,0,0.0
LN-14787,CUST-0855,PRD-EDU,BR-106,20260122,2026-01-22,2033-01-21,75800.0,0.114,84,1313.88,MBA Program Tuition,0.0,DDD - High Default Probability,Delinquent (31-60 DPD),0,0.0
LN-14788,CUST-0076,PRD-EDU,BR-112,20250530,2025-05-30,2035-05-30,31300.0,0.074,120,369.9,MBA Program Tuition,0.0,BBB - Moderate Risk,Current / Performing,0,0.0
LN-14789,CUST-0282,PRD-MORT,BR-102,20230910,2023-09-10,2043-09-10,231700.0,0.0575,240,1626.73,Investment Property Buy,337415.36,AAA - Low Risk,Current / Performing,0,0.0
LN-14790,CUST-0467,PRD-SME,BR-102,20250225,2025-02-25,2029-02-25,60800.0,0.09,48,1513.01,Inventory Stocking Q4,74758.86,AAA - Low Risk,Current / Performing,0,0.0
LN-14791,CUST-0413,PRD-MORT,BR-108,20240313,2024-03-13,2044-03-13,474400.0,0.0575,240,3330.68,Investment Property Buy,561075.19,CCC - Elevated Risk,Current / Performing,0,0.0
LN-14792,CUST-0534,PRD-SME,BR-107,20230705,2023-07-05,2025-07-04,375700.0,0.14,24,18038.44,New Branch Expansion,510199.01,DDD - High Default Probability,Fully Paid,0,0.0
LN-14793,CUST-0385,PRD-AUTO,BR-110,20230911,2023-09-11,2028-09-10,47100.0,0.103,60,1007.7,Fleet Commercial Van,55596.67,CCC - Elevated Risk,Current / Performing,0,0.0
LN-14794,CUST-0640,PRD-AUTO,BR-106,20240528,2024-05-28,2030-05-28,28100.0,0.123,72,553.75,Certified Pre-Owned Luxury Car,34382.65,DDD - High Default Probability,Current / Performing,0,0.0
LN-14795,CUST-0023,PRD-PERS,BR-102,20241227,2024-12-27,2028-12-27,31900.0,0.15,48,887.8,Debt Consolidation,0.0,CCC - Elevated Risk,Current / Performing,0,0.0
LN-14796,CUST-0198,PRD-AUTO,BR-112,20230514,2023-05-14,2026-05-13,26500.0,0.073,36,821.88,New EV Purchase,42383.29,BBB - Moderate Risk,Fully Paid,0,0.0
LN-14797,CUST-0812,PRD-PERS,BR-104,20240216,2024-02-16,2028-02-16,32700.0,0.12,48,861.12,Debt Consolidation,0.0,CCC - Elevated Risk,Current / Performing,0,0.0
LN-14798,CUST-0679,PRD-MORT,BR-104,20250531,2025-05-31,2045-05-31,462500.0,0.0675,240,3516.68,Primary Residence Purchase,632206.47,BBB - Moderate Risk,Current / Performing,0,0.0
LN-14799,CUST-0849,PRD-SME,BR-106,20250414,2025-04-14,2032-04-13,95600.0,0.14,84,1791.55,Working Capital Expansion,119026.99,DDD - High Default Probability,Under Restructuring,1,0.0
LN-14800,CUST-0352,PRD-PERS,BR-111,20230209,2023-02-09,2027-02-09,11700.0,0.13,48,313.88,Home Renovation,0.0,CCC - Elevated Risk,Current / Performing,0,0.0
LN-14801,CUST-0857,PRD-EDU,BR-101,20230606,2023-06-06,2033-06-05,20500.0,0.094,120,264.14,Master of Science in Data Analytics,0.0,CCC - Elevated Risk,Current / Performing,0,0.0
LN-14802,CUST-0310,PRD-SME,BR-109,20240426,2024-04-26,2029-04-26,428200.0,0.09,60,8888.73,Working Capital Expansion,565687.24,AAA - Low Risk,Current / Performing,0,0.0
LN-14803,CUST-0204,PRD-AUTO,BR-107,20260516,2026-05-16,2029-05-15,16900.0,0.103,36,547.7,Certified Pre-Owned Luxury Car,26477.34,CCC - Elevated Risk,Current / Performing,0,0.0
LN-14804,CUST-0145,PRD-MORT,BR-110,20230121,2023-01-21,2043-01-21,513500.0,0.0575,240,3605.2,Refinance Existing Mortgage,614784.46,AAA - Low Risk,Current / Performing,0,0.0
LN-14805,CUST-0554,PRD-AUTO,BR-105,20230411,2023-04-11,2029-04-10,21400.0,0.103,72,399.7,Fleet Commercial Van,24955.77,CCC - Elevated Risk,Current / Performing,0,0.0
LN-14806,CUST-0387,PRD-EQUIP,BR-108,20240921,2024-09-21,2029-09-21,128500.0,0.114,60,2819.6,Medical Imaging Scanner,183503.25,CCC - Elevated Risk,Current / Performing,0,0.0
LN-14807,CUST-0461,PRD-AUTO,BR-107,20250319,2025-03-19,2030-03-19,21200.0,0.103,60,453.57,Fleet Commercial Van,26864.79,DDD - High Default Probability,Current / Performing,0,0.0
LN-14808,CUST-0146,PRD-AUTO,BR-103,20250728,2025-07-28,2031-07-28,30700.0,0.073,72,527.84,Certified Pre-Owned Luxury Car,36329.26,BBB - Moderate Risk,Delinquent (31-60 DPD),0,0.0
LN-14809,CUST-0454,PRD-SME,BR-108,20250420,2025-04-20,2030-04-20,425600.0,0.12,60,9467.24,New Branch Expansion,581097.15,CCC - Elevated Risk,Current / Performing,0,0.0
LN-14810,CUST-0673,PRD-MORT,BR-110,20241110,2024-11-10,2044-11-10,536200.0,0.0675,240,4077.07,Primary Residence Purchase,771564.26,CCC - Elevated Risk,Current / Performing,0,0.0
LN-14811,CUST-0198,PRD-AUTO,BR-112,20230107,2023-01-07,2026-01-06,44400.0,0.073,36,1377.04,New EV Purchase,62634.72,BBB - Moderate Risk,Fully Paid,0,0.0
LN-14812,CUST-0452,PRD-SME,BR-101,20251116,2025-11-16,2030-11-16,182400.0,0.09,60,3786.32,Technology & IT Modernization,274139.33,AAA - Low Risk,Current / Performing,0,0.0
LN-14813,CUST-0210,PRD-MORT,BR-112,20260520,2026-05-20,2056-05-19,659500.0,0.0675,360,4277.5,Investment Property Buy,770095.78,BBB - Moderate Risk,Current / Performing,0,0.0
LN-14814,CUST-0946,PRD-PERS,BR-111,20250505,2025-05-05,2029-05-05,28900.0,0.12,48,761.05,Emergency Medical Exp,0.0,AAA - Low Risk,Current / Performing,0,0.0
LN-14815,CUST-0220,PRD-EDU,BR-104,20230125,2023-01-25,2027-01-25,10200.0,0.094,48,255.77,Master of Science in Data Analytics,0.0,CCC - Elevated Risk,Current / Performing,0,0.0
LN-14816,CUST-0118,PRD-SME,BR-110,20250827,2025-08-27,2027-08-27,72800.0,0.1,24,3359.35,Inventory Stocking Q4,92449.75,BBB - Moderate Risk,Current / Performing,0,0.0
LN-14817,CUST-0379,PRD-SME,BR-102,20250610,2025-06-10,2027-06-10,65800.0,0.1,24,3036.34,Working Capital Expansion,102831.84,BBB - Moderate Risk,Current / Performing,0,0.0
LN-14818,CUST-0190,PRD-PERS,BR-106,20241028,2024-10-28,2025-10-28,13100.0,0.12,12,1163.92,Emergency Medical Exp,0.0,AAA - Low Risk,Fully Paid,0,0.0
LN-14819,CUST-0350,PRD-AUTO,BR-105,20251111,2025-11-11,2028-11-10,15300.0,0.123,36,510.37,Fleet Commercial Van,19682.84,DDD - High Default Probability,Current / Performing,0,0.0
LN-14820,CUST-0617,PRD-PERS,BR-111,20230706,2023-07-06,2027-07-06,26700.0,0.17,48,770.43,Emergency Medical Exp,0.0,DDD - High Default Probability,In Default (90+ DPD),1,0.0
LN-14821,CUST-0447,PRD-SME,BR-107,20260508,2026-05-08,2033-05-07,264700.0,0.1,84,4394.33,New Branch Expansion,335346.12,BBB - Moderate Risk,Current / Performing,0,0.0
LN-14822,CUST-0266,PRD-SME,BR-106,20231123,2023-11-23,2026-11-22,143300.0,0.09,36,4556.9,Inventory Stocking Q4,220133.1,AAA - Low Risk,Fully Paid,0,0.0
LN-14823,CUST-0847,PRD-AUTO,BR-109,20231014,2023-10-14,2026-10-13,58700.0,0.083,36,1847.58,Fleet Commercial Van,83255.0,CCC - Elevated Risk,Fully Paid,0,0.0
LN-14824,CUST-0380,PRD-EDU,BR-107,20230806,2023-08-06,2027-08-06,20400.0,0.064,48,482.84,Master of Science in Data Analytics,0.0,CCC - Elevated Risk,Current / Performing,0,0.0
LN-14825,CUST-0773,PRD-EQUIP,BR-103,20260114,2026-01-14,2029-01-13,86400.0,0.094,36,2763.61,Warehouse Forklift Fleet,124607.57,BBB - Moderate Risk,Current / Performing,0,0.0
LN-14826,CUST-0772,PRD-SME,BR-111,20260509,2026-05-09,2028-05-08,66000.0,0.09,24,3015.19,Inventory Stocking Q4,99750.68,BBB - Moderate Risk,Current / Performing,0,0.0
LN-14827,CUST-0417,PRD-PERS,BR-107,20240612,2024-06-12,2028-06-12,11500.0,0.12,48,302.84,Wedding & Family,0.0,AAA - Low Risk,Current / Performing,0,0.0
LN-14828,CUST-0379,PRD-EQUIP,BR-102,20240616,2024-06-16,2029-06-16,86600.0,0.094,60,1814.53,Industrial CNC Machine,130680.9,BBB - Moderate Risk,Current / Performing,0,0.0
LN-14829,CUST-0999,PRD-EQUIP,BR-102,20251020,2025-10-20,2030-10-20,122700.0,0.114,60,2692.34,Industrial CNC Machine,166528.19,CCC - Elevated Risk,Current / Performing,0,0.0
LN-14830,CUST-0995,PRD-AUTO,BR-109,20260204,2026-02-04,2032-02-04,58900.0,0.083,72,1041.36,New EV Purchase,68231.38,BBB - Moderate Risk,Current / Performing,0,0.0
LN-14831,CUST-0731,PRD-EQUIP,BR-106,20260414,2026-04-14,2028-04-13,91400.0,0.084,24,4150.47,Warehouse Forklift Fleet,110617.25,CCC - Elevated Risk,Current / Performing,0,0.0
LN-14832,CUST-0527,PRD-PERS,BR-107,20240815,2024-08-15,2028-08-15,17400.0,0.13,48,466.8,Emergency Medical Exp,0.0,BBB - Moderate Risk,Current / Performing,0,0.0
LN-14833,CUST-0025,PRD-EQUIP,BR-111,20240809,2024-08-09,2027-08-09,127900.0,0.094,36,4091.04,Medical Imaging Scanner,163757.25,BBB - Moderate Risk,Current / Performing,0,0.0
LN-14834,CUST-0339,PRD-PERS,BR-111,20230430,2023-04-30,2027-04-30,11600.0,0.13,48,311.2,Emergency Medical Exp,0.0,CCC - Elevated Risk,Current / Performing,0,0.0
LN-14835,CUST-0785,PRD-EDU,BR-105,20240323,2024-03-23,2034-03-23,28400.0,0.074,120,335.63,MBA Program Tuition,0.0,CCC - Elevated Risk,Current / Performing,0,0.0
LN-14836,CUST-0794,PRD-EDU,BR-108,20241215,2024-12-15,2031-12-15,51600.0,0.074,84,788.91,MBA Program Tuition,0.0,CCC - Elevated Risk,In Default (90+ DPD),1,0.0
LN-14837,CUST-0404,PRD-MORT,BR-107,20240211,2024-02-11,2054-02-10,392500.0,0.0575,360,2290.52,Refinance Existing Mortgage,516411.43,AAA - Low Risk,Current / Performing,0,0.0
LN-14838,CUST-0721,PRD-EDU,BR-106,20230507,2023-05-07,2030-05-06,44700.0,0.114,84,774.81,Master of Science in Data Analytics,0.0,DDD - High Default Probability,Charged Off / Written Off,1,32984.68
LN-14839,CUST-0254,PRD-AUTO,BR-106,20251026,2025-10-26,2031-10-26,30300.0,0.123,72,597.11,Fleet Commercial Van,43462.97,DDD - High Default Probability,Current / Performing,0,0.0
LN-14840,CUST-0617,PRD-SME,BR-111,20230122,2023-01-22,2026-01-21,238800.0,0.14,36,8161.62,New Branch Expansion,303698.27,DDD - High Default Probability,Under Restructuring,1,0.0
LN-14841,CUST-0952,PRD-MORT,BR-110,20241017,2024-10-17,2044-10-17,526100.0,0.0675,240,4000.28,Investment Property Buy,782877.0,BBB - Moderate Risk,Current / Performing,0,0.0
LN-14842,CUST-0921,PRD-AUTO,BR-101,20240407,2024-04-07,2030-04-07,41400.0,0.073,72,711.81,New EV Purchase,50550.32,BBB - Moderate Risk,Current / Performing,0,0.0
LN-14843,CUST-0631,PRD-PERS,BR-112,20230814,2023-08-14,2025-08-13,4000.0,0.15,24,193.95,Debt Consolidation,0.0,CCC - Elevated Risk,Fully Paid,0,0.0
LN-14844,CUST-0425,PRD-MORT,BR-106,20240706,2024-07-06,2044-07-06,594500.0,0.0575,240,4173.89,Investment Property Buy,821197.87,BBB - Moderate Risk,Current / Performing,0,0.0
LN-14845,CUST-0862,PRD-SME,BR-105,20240530,2024-05-30,2031-05-30,77600.0,0.1,84,1288.25,Inventory Stocking Q4,92055.14,CCC - Elevated Risk,Current / Performing,0,0.0
LN-14846,CUST-0997,PRD-EQUIP,BR-105,20260425,2026-04-25,2031-04-25,25200.0,0.094,60,528.02,Warehouse Forklift Fleet,37610.72,BBB - Moderate Risk,Current / Performing,0,0.0
LN-14847,CUST-0399,PRD-EDU,BR-105,20260524,2026-05-24,2036-05-23,74900.0,0.074,120,885.17,MBA Program Tuition,0.0,BBB - Moderate Risk,Current / Performing,0,0.0
LN-14848,CUST-0232,PRD-SME,BR-102,20240919,2024-09-19,2031-09-19,318000.0,0.1,84,5279.18,Technology & IT Modernization,500472.27,BBB - Moderate Risk,Current / Performing,0,0.0
LN-14849,CUST-0673,PRD-MORT,BR-110,20250420,2025-04-20,2045-04-20,262500.0,0.0675,240,1995.96,Refinance Existing Mortgage,414965.57,CCC - Elevated Risk,Current / Performing,0,0.0
LN-14850,CUST-0846,PRD-EQUIP,BR-110,20260511,2026-05-11,2028-05-10,143300.0,0.084,24,6507.24,Medical Imaging Scanner,207810.44,AAA - Low Risk,Current / Performing,0,0.0
LN-14851,CUST-0789,PRD-SME,BR-101,20260312,2026-03-12,2033-03-11,267900.0,0.09,84,4310.26,New Branch Expansion,384653.94,CCC - Elevated Risk,Current / Performing,0,0.0
LN-14852,CUST-0560,PRD-MORT,BR-108,20231124,2023-11-24,2043-11-24,602500.0,0.0675,240,4581.19,Refinance Existing Mortgage,705912.2,BBB - Moderate Risk,Current / Performing,0,0.0
LN-14853,CUST-0337,PRD-SME,BR-110,20251007,2025-10-07,2032-10-06,286600.0,0.09,84,4611.13,Technology & IT Modernization,341691.33,BBB - Moderate Risk,Current / Performing,0,0.0
LN-14854,CUST-0854,PRD-MORT,BR-104,20260323,2026-03-23,2046-03-23,737700.0,0.0675,240,5609.21,Primary Residence Purchase,941650.26,BBB - Moderate Risk,Current / Performing,0,0.0
LN-14855,CUST-0500,PRD-PERS,BR-101,20230315,2023-03-15,2026-03-14,7700.0,0.12,36,255.75,Home Renovation,0.0,BBB - Moderate Risk,Fully Paid,0,0.0
LN-14856,CUST-0600,PRD-AUTO,BR-110,20240225,2024-02-25,2027-02-24,20100.0,0.073,36,623.39,New EV Purchase,23564.88,AAA - Low Risk,Current / Performing,0,0.0
LN-14857,CUST-0803,PRD-EDU,BR-106,20250516,2025-05-16,2029-05-16,39700.0,0.074,48,958.05,Medical Residency Program,0.0,BBB - Moderate Risk,Current / Performing,0,0.0
LN-14858,CUST-0530,PRD-PERS,BR-108,20230407,2023-04-07,2024-04-06,34200.0,0.12,12,3038.63,Debt Consolidation,0.0,AAA - Low Risk,Fully Paid,0,0.0
LN-14859,CUST-0952,PRD-MORT,BR-110,20240211,2024-02-11,2044-02-11,210400.0,0.0675,240,1599.81,Investment Property Buy,267110.11,BBB - Moderate Risk,Current / Performing,0,0.0
LN-14860,CUST-0818,PRD-EDU,BR-101,20240113,2024-01-13,2028-01-13,41400.0,0.064,48,979.89,Master of Science in Data Analytics,0.0,BBB - Moderate Risk,Current / Performing,0,0.0
LN-14861,CUST-0148,PRD-SME,BR-110,20240915,2024-09-15,2031-09-15,402200.0,0.12,84,7099.93,Technology & IT Modernization,572019.42,CCC - Elevated Risk,Current / Performing,0,0.0
LN-14862,CUST-0794,PRD-EQUIP,BR-108,20230820,2023-08-20,2025-08-19,146800.0,0.094,24,6733.49,Medical Imaging Scanner,216985.45,CCC - Elevated Risk,Fully Paid,0,0.0
LN-14863,CUST-0935,PRD-EQUIP,BR-106,20251114,2025-11-14,2030-11-14,171500.0,0.094,60,3593.44,Industrial CNC Machine,272891.48,CCC - Elevated Risk,Current / Performing,0,0.0
LN-14864,CUST-0583,PRD-AUTO,BR-107,20230926,2023-09-26,2026-09-25,36200.0,0.073,36,1122.72,New EV Purchase,56801.05,CCC - Elevated Risk,Fully Paid,0,0.0
LN-14865,CUST-0670,PRD-AUTO,BR-105,20260103,2026-01-03,2030-01-03,44100.0,0.123,48,1167.83,Certified Pre-Owned Luxury Car,56281.52,DDD - High Default Probability,Current / Performing,0,0.0
LN-14866,CUST-0301,PRD-AUTO,BR-109,20260601,2026-06-01,2029-05-31,43800.0,0.103,36,1419.48,New EV Purchase,50678.64,DDD - High Default Probability,Delinquent (31-60 DPD),0,0.0
LN-14867,CUST-0574,PRD-PERS,BR-102,20260324,2026-03-24,2030-03-24,18600.0,0.12,48,489.81,Debt Consolidation,0.0,AAA - Low Risk,Current / Performing,0,0.0
LN-14868,CUST-0772,PRD-AUTO,BR-111,20251015,2025-10-15,2031-10-15,46400.0,0.073,72,797.78,Certified Pre-Owned Luxury Car,70691.25,BBB - Moderate Risk,Current / Performing,0,0.0
LN-14869,CUST-0939,PRD-PERS,BR-104,20250719,2025-07-19,2028-07-18,18500.0,0.13,36,623.34,Debt Consolidation,0.0,BBB - Moderate Risk,Current / Performing,0,0.0
LN-14870,CUST-0664,PRD-PERS,BR-106,20241025,2024-10-25,2028-10-25,13900.0,0.12,48,366.04,Wedding & Family,0.0,AAA - Low Risk,Current / Performing,0,0.0
LN-14871,CUST-0103,PRD-AUTO,BR-107,20250409,2025-04-09,2031-04-09,27300.0,0.083,72,482.67,Fleet Commercial Van,39092.62,BBB - Moderate Risk,Current / Performing,0,0.0
LN-14872,CUST-0754,PRD-PERS,BR-110,20240819,2024-08-19,2028-08-19,9600.0,0.12,48,252.8,Home Renovation,0.0,BBB - Moderate Risk,Delinquent (31-60 DPD),0,0.0
LN-14873,CUST-0896,PRD-EQUIP,BR-112,20231024,2023-10-24,2028-10-23,32700.0,0.084,60,669.32,Warehouse Forklift Fleet,44704.52,AAA - Low Risk,Current / Performing,0,0.0
LN-14874,CUST-0228,PRD-PERS,BR-105,20241130,2024-11-30,2028-11-30,9100.0,0.13,48,244.13,Home Renovation,0.0,CCC - Elevated Risk,Current / Performing,0,0.0
LN-14875,CUST-0627,PRD-AUTO,BR-101,20230104,2023-01-04,2026-01-03,36800.0,0.073,36,1141.33,New EV Purchase,46565.06,AAA - Low Risk,Fully Paid,0,0.0
LN-14876,CUST-0720,PRD-EQUIP,BR-102,20230303,2023-03-03,2025-03-02,93700.0,0.114,24,4384.58,Industrial CNC Machine,140984.59,CCC - Elevated Risk,Under Restructuring,1,0.0
LN-14877,CUST-0384,PRD-PERS,BR-110,20240420,2024-04-20,2028-04-20,13000.0,0.17,48,375.12,Debt Consolidation,0.0,DDD - High Default Probability,In Default (90+ DPD),1,0.0
LN-14878,CUST-0806,PRD-AUTO,BR-112,20231017,2023-10-17,2029-10-16,46600.0,0.083,72,823.89,Certified Pre-Owned Luxury Car,66319.92,CCC - Elevated Risk,Current / Performing,0,0.0
LN-14879,CUST-0024,PRD-AUTO,BR-104,20250725,2025-07-25,2028-07-24,65000.0,0.103,36,2106.53,Fleet Commercial Van,82771.51,CCC - Elevated Risk,Current / Performing,0,0.0
LN-14880,CUST-0301,PRD-PERS,BR-109,20230612,2023-06-12,2027-06-12,22200.0,0.15,48,617.84,Home Renovation,0.0,DDD - High Default Probability,Current / Performing,0,0.0
LN-14881,CUST-0573,PRD-AUTO,BR-110,20251120,2025-11-20,2031-11-20,29100.0,0.103,72,543.51,Fleet Commercial Van,35716.32,CCC - Elevated Risk,Current / Performing,0,0.0
LN-14882,CUST-0782,PRD-AUTO,BR-107,20230419,2023-04-19,2029-04-18,62700.0,0.083,72,1108.54,Certified Pre-Owned Luxury Car,94119.96,BBB - Moderate Risk,Current / Performing,0,0.0
LN-14883,CUST-0744,PRD-PERS,BR-106,20230102,2023-01-02,2025-01-01,5100.0,0.13,24,242.46,Home Renovation,0.0,BBB - Moderate Risk,Fully Paid,0,0.0
LN-14884,CUST-0867,PRD-EQUIP,BR-103,20230220,2023-02-20,2028-02-20,69000.0,0.094,60,1445.76,Industrial CNC Machine,109774.59,BBB - Moderate Risk,Current / Performing,0,0.0
LN-14885,CUST-0008,PRD-AUTO,BR-109,20251012,2025-10-12,2031-10-12,15700.0,0.083,72,277.58,Fleet Commercial Van,24135.24,BBB - Moderate Risk,Current / Performing,0,0.0
LN-14886,CUST-0937,PRD-EDU,BR-104,20240111,2024-01-11,2028-01-11,12800.0,0.114,48,333.31,Medical Residency Program,0.0,DDD - High Default Probability,Under Restructuring,1,0.0
LN-14887,CUST-0206,PRD-PERS,BR-107,20260501,2026-05-01,2029-04-30,23100.0,0.15,36,800.77,Emergency Medical Exp,0.0,CCC - Elevated Risk,Current / Performing,0,0.0
LN-14888,CUST-0072,PRD-MORT,BR-101,20260518,2026-05-18,2046-05-18,801300.0,0.0575,240,5625.8,Refinance Existing Mortgage,1045615.85,BBB - Moderate Risk,Current / Performing,0,0.0
LN-14889,CUST-0498,PRD-MORT,BR-111,20230412,2023-04-12,2043-04-12,511900.0,0.0575,240,3593.97,Primary Residence Purchase,698689.92,CCC - Elevated Risk,Under Restructuring,1,0.0
LN-14890,CUST-0465,PRD-SME,BR-112,20260601,2026-06-01,2033-05-31,210000.0,0.09,84,3378.71,Technology & IT Modernization,323857.13,BBB - Moderate Risk,Current / Performing,0,0.0
LN-14891,CUST-0944,PRD-EQUIP,BR-103,20230325,2023-03-25,2028-03-24,132000.0,0.094,60,2765.8,Medical Imaging Scanner,176375.25,BBB - Moderate Risk,Current / Performing,0,0.0
LN-14892,CUST-0108,PRD-EDU,BR-103,20240112,2024-01-12,2028-01-12,24500.0,0.064,48,579.89,Master of Science in Data Analytics,0.0,AAA - Low Risk,Delinquent (31-60 DPD),0,0.0
LN-14893,CUST-0833,PRD-MORT,BR-111,20230707,2023-07-07,2043-07-07,534700.0,0.0675,240,4065.67,Investment Property Buy,765895.41,CCC - Elevated Risk,Under Restructuring,1,0.0
LN-14894,CUST-0802,PRD-PERS,BR-101,20260511,2026-05-11,2030-05-11,34500.0,0.12,48,908.52,Wedding & Family,0.0,AAA - Low Risk,Delinquent (31-60 DPD),0,0.0
LN-14895,CUST-0545,PRD-EQUIP,BR-108,20230430,2023-04-30,2027-04-30,148800.0,0.114,48,3874.78,Industrial CNC Machine,225711.03,DDD - High Default Probability,In Default (90+ DPD),1,0.0
LN-14896,CUST-0265,PRD-MORT,BR-104,20240902,2024-09-02,2054-09-02,226600.0,0.0675,360,1469.72,Investment Property Buy,282548.81,BBB - Moderate Risk,Current / Performing,0,0.0
LN-14897,CUST-0960,PRD-SME,BR-106,20230909,2023-09-09,2030-09-08,226800.0,0.1,84,3765.15,Working Capital Expansion,262869.75,BBB - Moderate Risk,Delinquent (31-60 DPD),0,0.0
LN-14898,CUST-0279,PRD-AUTO,BR-106,20260311,2026-03-11,2029-03-10,56400.0,0.123,36,1881.38,Fleet Commercial Van,65158.71,DDD - High Default Probability,Current / Performing,0,0.0
LN-14899,CUST-0015,PRD-MORT,BR-111,20231212,2023-12-12,2043-12-12,508400.0,0.0875,240,4492.79,Investment Property Buy,630631.36,DDD - High Default Probability,Current / Performing,0,0.0
LN-14900,CUST-0757,PRD-SME,BR-104,20230210,2023-02-10,2025-02-09,249600.0,0.09,24,11402.91,Technology & IT Modernization,305329.22,CCC - Elevated Risk,Under Restructuring,1,0.0
LN-14901,CUST-0654,PRD-SME,BR-101,20260214,2026-02-14,2028-02-14,78500.0,0.12,24,3695.27,Technology & IT Modernization,125315.63,CCC - Elevated Risk,In Default (90+ DPD),1,0.0
LN-14902,CUST-0046,PRD-EQUIP,BR-108,20260220,2026-02-20,2028-02-20,41600.0,0.134,24,1985.56,Warehouse Forklift Fleet,60319.22,DDD - High Default Probability,Current / Performing,0,0.0
LN-14903,CUST-0140,PRD-SME,BR-108,20240801,2024-08-01,2031-08-01,359500.0,0.1,84,5968.13,Working Capital Expansion,518856.29,CCC - Elevated Risk,Current / Performing,0,0.0
LN-14904,CUST-0223,PRD-SME,BR-103,20240825,2024-08-25,2027-08-25,301500.0,0.1,36,9728.56,Technology & IT Modernization,478936.69,BBB - Moderate Risk,Current / Performing,0,0.0
LN-14905,CUST-0157,PRD-EDU,BR-101,20230617,2023-06-17,2027-06-17,45300.0,0.074,48,1093.19,MBA Program Tuition,0.0,BBB - Moderate Risk,Current / Performing,0,0.0
LN-14906,CUST-0471,PRD-PERS,BR-105,20250928,2025-09-28,2029-09-28,29300.0,0.12,48,771.58,Wedding & Family,0.0,AAA - Low Risk,Current / Performing,0,0.0
LN-14907,CUST-0090,PRD-EQUIP,BR-101,20230811,2023-08-11,2028-08-10,159600.0,0.094,60,3344.1,Industrial CNC Machine,194399.4,BBB - Moderate Risk,Current / Performing,0,0.0
LN-14908,CUST-0947,PRD-PERS,BR-105,20250909,2025-09-09,2027-09-09,8600.0,0.12,24,404.83,Wedding & Family,0.0,BBB - Moderate Risk,Current / Performing,0,0.0
LN-14909,CUST-0898,PRD-EDU,BR-101,20240620,2024-06-20,2028-06-20,54100.0,0.064,48,1280.49,MBA Program Tuition,0.0,CCC - Elevated Risk,Current / Performing,0,0.0
LN-14910,CUST-0800,PRD-EQUIP,BR-103,20241124,2024-11-24,2029-11-24,115900.0,0.114,60,2543.13,Warehouse Forklift Fleet,172140.61,DDD - High Default Probability,Current / Performing,0,0.0
LN-14911,CUST-0810,PRD-AUTO,BR-109,20240504,2024-05-04,2027-05-04,33300.0,0.123,36,1110.81,New EV Purchase,47119.68,DDD - High Default Probability,Under Restructuring,1,0.0
LN-14912,CUST-0821,PRD-EDU,BR-107,20240201,2024-02-01,2029-01-31,31300.0,0.094,60,655.83,Medical Residency Program,0.0,DDD - High Default Probability,Current / Performing,0,0.0
LN-14913,CUST-0633,PRD-SME,BR-108,20230701,2023-07-01,2028-06-30,81300.0,0.1,60,1727.38,Technology & IT Modernization,103881.25,CCC - Elevated Risk,Current / Performing,0,0.0
LN-14914,CUST-0342,PRD-SME,BR-102,20250722,2025-07-22,2027-07-22,306400.0,0.1,24,14138.81,New Branch Expansion,385801.05,BBB - Moderate Risk,Current / Performing,0,0.0
LN-14915,CUST-0524,PRD-AUTO,BR-108,20260603,2026-06-03,2029-06-02,64500.0,0.123,36,2151.58,Fleet Commercial Van,88284.27,DDD - High Default Probability,Current / Performing,0,0.0
LN-14916,CUST-0067,PRD-MORT,BR-104,20230918,2023-09-18,2043-09-18,242200.0,0.1075,240,2458.88,Investment Property Buy,313393.41,DDD - High Default Probability,Delinquent (31-60 DPD),0,0.0
LN-14917,CUST-0520,PRD-PERS,BR-102,20230825,2023-08-25,2027-08-25,9300.0,0.17,48,268.35,Wedding & Family,0.0,DDD - High Default Probability,Charged Off / Written Off,1,7406.49
LN-14918,CUST-0294,PRD-SME,BR-112,20250121,2025-01-21,2032-01-21,159400.0,0.1,84,2646.23,Technology & IT Modernization,189862.92,CCC - Elevated Risk,Current / Performing,0,0.0
LN-14919,CUST-0494,PRD-MORT,BR-111,20231114,2023-11-14,2043-11-14,589900.0,0.0675,240,4485.39,Primary Residence Purchase,904955.19,BBB - Moderate Risk,Delinquent (31-60 DPD),0,0.0
LN-14920,CUST-0904,PRD-MORT,BR-106,20260328,2026-03-28,2046-03-28,360100.0,0.0575,240,2528.2,Primary Residence Purchase,436121.65,AAA - Low Risk,Delinquent (31-60 DPD),0,0.0
LN-14921,CUST-0979,PRD-MORT,BR-110,20260330,2026-03-30,2046-03-30,432400.0,0.0575,240,3035.81,Investment Property Buy,550075.69,AAA - Low Risk,Current / Performing,0,0.0
LN-14922,CUST-0267,PRD-EQUIP,BR-109,20260518,2026-05-18,2030-05-18,85000.0,0.094,48,2131.41,Warehouse Forklift Fleet,115486.81,BBB - Moderate Risk,Current / Performing,0,0.0
LN-14923,CUST-0067,PRD-EQUIP,BR-104,20230516,2023-05-16,2025-05-15,115000.0,0.134,24,5488.94,Medical Imaging Scanner,153384.86,DDD - High Default Probability,Fully Paid,0,0.0
LN-14924,CUST-0628,PRD-EQUIP,BR-106,20230823,2023-08-23,2025-08-22,62100.0,0.084,24,2819.96,Industrial CNC Machine,85414.61,BBB - Moderate Risk,Fully Paid,0,0.0
LN-14925,CUST-0073,PRD-EDU,BR-107,20260402,2026-04-02,2030-04-02,43500.0,0.074,48,1049.75,Medical Residency Program,0.0,BBB - Moderate Risk,Current / Performing,0,0.0
LN-14926,CUST-0091,PRD-EQUIP,BR-103,20251028,2025-10-28,2028-10-27,169500.0,0.094,36,5421.67,Warehouse Forklift Fleet,270352.23,BBB - Moderate Risk,Current / Performing,0,0.0
LN-14927,CUST-0875,PRD-SME,BR-110,20250809,2025-08-09,2030-08-09,314400.0,0.09,60,6526.43,New Branch Expansion,436519.74,AAA - Low Risk,Current / Performing,0,0.0
LN-14928,CUST-0344,PRD-EQUIP,BR-111,20230525,2023-05-25,2028-05-24,80300.0,0.094,60,1682.53,Industrial CNC Machine,114536.27,CCC - Elevated Risk,Current / Performing,0,0.0
LN-14929,CUST-0955,PRD-MORT,BR-109,20260126,2026-01-26,2056-01-26,225000.0,0.0675,360,1459.35,Investment Property Buy,352613.57,BBB - Moderate Risk,Delinquent (61-90 DPD),1,0.0
LN-14930,CUST-0323,PRD-EDU,BR-108,20251108,2025-11-08,2029-11-08,44700.0,0.074,48,1078.71,Master of Science in Data Analytics,0.0,CCC - Elevated Risk,Delinquent (61-90 DPD),1,0.0
LN-14931,CUST-0340,PRD-PERS,BR-109,20240612,2024-06-12,2026-06-12,10800.0,0.12,24,508.39,Home Renovation,0.0,CCC - Elevated Risk,Fully Paid,0,0.0
LN-14932,CUST-0993,PRD-EQUIP,BR-110,20230723,2023-07-23,2028-07-22,52200.0,0.114,60,1145.4,Industrial CNC Machine,71461.12,DDD - High Default Probability,Current / Performing,0,0.0
LN-14933,CUST-0237,PRD-EDU,BR-103,20251216,2025-12-16,2032-12-15,59000.0,0.074,84,902.05,Medical Residency Program,0.0,BBB - Moderate Risk,Current / Performing,0,0.0
LN-14934,CUST-0454,PRD-PERS,BR-108,20241226,2024-12-26,2026-12-26,31600.0,0.15,24,1532.18,Home Renovation,0.0,CCC - Elevated Risk,Fully Paid,0,0.0
LN-14935,CUST-0723,PRD-SME,BR-102,20241005,2024-10-05,2031-10-05,321700.0,0.09,84,5175.86,Technology & IT Modernization,511629.53,AAA - Low Risk,Current / Performing,0,0.0
LN-14936,CUST-0079,PRD-MORT,BR-105,20260128,2026-01-28,2046-01-28,311900.0,0.0575,240,2189.8,Investment Property Buy,429871.47,BBB - Moderate Risk,Current / Performing,0,0.0
LN-14937,CUST-0954,PRD-EQUIP,BR-112,20230214,2023-02-14,2028-02-14,172600.0,0.084,60,3532.84,Warehouse Forklift Fleet,250497.88,BBB - Moderate Risk,Current / Performing,0,0.0
LN-14938,CUST-0791,PRD-MORT,BR-110,20260511,2026-05-11,2046-05-11,671900.0,0.0675,240,5108.89,Primary Residence Purchase,870894.95,CCC - Elevated Risk,In Default (90+ DPD),1,0.0
LN-14939,CUST-0955,PRD-MORT,BR-109,20250929,2025-09-29,2045-09-29,254400.0,0.0675,240,1934.37,Primary Residence Purchase,402249.41,BBB - Moderate Risk,Current / Performing,0,0.0
LN-14940,CUST-0363,PRD-MORT,BR-103,20241227,2024-12-27,2044-12-27,524700.0,0.0675,240,3989.63,Refinance Existing Mortgage,727885.73,BBB - Moderate Risk,Current / Performing,0,0.0
LN-14941,CUST-0540,PRD-AUTO,BR-102,20230923,2023-09-23,2026-09-22,23600.0,0.073,36,731.94,Certified Pre-Owned Luxury Car,35616.6,AAA - Low Risk,Fully Paid,0,0.0
LN-14942,CUST-0830,PRD-AUTO,BR-112,20250920,2025-09-20,2031-09-20,46200.0,0.103,72,862.9,Certified Pre-Owned Luxury Car,73224.92,CCC - Elevated Risk,Current / Performing,0,0.0
LN-14943,CUST-0791,PRD-AUTO,BR-110,20241029,2024-10-29,2028-10-29,55600.0,0.083,48,1365.2,New EV Purchase,80630.16,CCC - Elevated Risk,Current / Performing,0,0.0
LN-14944,CUST-0312,PRD-AUTO,BR-107,20240530,2024-05-30,2030-05-30,60800.0,0.083,72,1074.95,New EV Purchase,97204.23,BBB - Moderate Risk,Current / Performing,0,0.0
LN-14945,CUST-0224,PRD-EDU,BR-111,20260126,2026-01-26,2030-01-26,28200.0,0.074,48,680.53,Master of Science in Data Analytics,0.0,BBB - Moderate Risk,Current / Performing,0,0.0
LN-14946,CUST-0723,PRD-EDU,BR-102,20260416,2026-04-16,2036-04-15,16700.0,0.064,120,188.78,MBA Program Tuition,0.0,AAA - Low Risk,Current / Performing,0,0.0
LN-14947,CUST-0886,PRD-SME,BR-103,20250902,2025-09-02,2032-09-01,403800.0,0.09,84,6496.77,Technology & IT Modernization,591933.59,AAA - Low Risk,Current / Performing,0,0.0
LN-14948,CUST-0877,PRD-SME,BR-106,20231130,2023-11-30,2030-11-29,435000.0,0.1,84,7221.52,Working Capital Expansion,559154.68,BBB - Moderate Risk,Current / Performing,0,0.0
LN-14949,CUST-0014,PRD-AUTO,BR-101,20240915,2024-09-15,2029-09-15,34600.0,0.083,60,706.54,Certified Pre-Owned Luxury Car,52084.01,BBB - Moderate Risk,Current / Performing,0,0.0
LN-14950,CUST-0388,PRD-PERS,BR-111,20251212,2025-12-12,2029-12-12,3300.0,0.13,48,88.53,Wedding & Family,0.0,BBB - Moderate Risk,Current / Performing,0,0.0
LN-14951,CUST-0058,PRD-EQUIP,BR-110,20230818,2023-08-18,2025-08-17,65500.0,0.114,24,3064.99,Industrial CNC Machine,103096.58,CCC - Elevated Risk,Fully Paid,0,0.0
LN-14952,CUST-0200,PRD-PERS,BR-112,20250918,2025-09-18,2028-09-17,10600.0,0.12,36,352.07,Emergency Medical Exp,0.0,AAA - Low Risk,Current / Performing,0,0.0
LN-14953,CUST-0403,PRD-EDU,BR-108,20250515,2025-05-15,2035-05-15,19600.0,0.074,120,231.63,Medical Residency Program,0.0,BBB - Moderate Risk,In Default (90+ DPD),1,0.0
LN-14954,CUST-0521,PRD-SME,BR-105,20240621,2024-06-21,2031-06-21,339900.0,0.09,84,5468.68,New Branch Expansion,412315.19,AAA - Low Risk,Current / Performing,0,0.0
LN-14955,CUST-0504,PRD-EQUIP,BR-102,20241027,2024-10-27,2029-10-27,61400.0,0.094,60,1286.52,Industrial CNC Machine,79329.25,CCC - Elevated Risk,Current / Performing,0,0.0
LN-14956,CUST-0583,PRD-SME,BR-107,20241005,2024-10-05,2031-10-05,135200.0,0.09,84,2175.24,Technology & IT Modernization,160643.62,CCC - Elevated Risk,In Default (90+ DPD),1,0.0
LN-14957,CUST-0339,PRD-SME,BR-111,20241128,2024-11-28,2031-11-28,205600.0,0.1,84,3413.2,Technology & IT Modernization,294650.89,CCC - Elevated Risk,Current / Performing,0,0.0
LN-14958,CUST-0908,PRD-EDU,BR-103,20230104,2023-01-04,2033-01-03,27700.0,0.064,120,313.12,MBA Program Tuition,0.0,CCC - Elevated Risk,Current / Performing,0,0.0
LN-14959,CUST-0249,PRD-SME,BR-110,20240920,2024-09-20,2031-09-20,298300.0,0.1,84,4952.13,New Branch Expansion,434291.19,BBB - Moderate Risk,Current / Performing,0,0.0
LN-14960,CUST-0915,PRD-MORT,BR-102,20250127,2025-01-27,2045-01-27,337000.0,0.0675,240,2562.43,Primary Residence Purchase,487522.25,BBB - Moderate Risk,Current / Performing,0,0.0
LN-14961,CUST-0970,PRD-EDU,BR-108,20231013,2023-10-13,2027-10-13,42400.0,0.114,48,1104.1,Medical Residency Program,0.0,DDD - High Default Probability,In Default (90+ DPD),1,0.0
LN-14962,CUST-0320,PRD-SME,BR-109,20240528,2024-05-28,2031-05-28,86200.0,0.14,84,1615.39,Working Capital Expansion,120546.09,DDD - High Default Probability,Current / Performing,0,0.0
LN-14963,CUST-0695,PRD-EDU,BR-106,20231025,2023-10-25,2027-10-25,63800.0,0.094,48,1599.81,Master of Science in Data Analytics,0.0,DDD - High Default Probability,Charged Off / Written Off,1,33973.23
LN-14964,CUST-0235,PRD-EDU,BR-108,20240415,2024-04-15,2034-04-15,26700.0,0.114,120,373.86,MBA Program Tuition,0.0,DDD - High Default Probability,Current / Performing,0,0.0
LN-14965,CUST-0975,PRD-EDU,BR-109,20250619,2025-06-19,2029-06-19,24200.0,0.064,48,572.79,Medical Residency Program,0.0,AAA - Low Risk,Current / Performing,0,0.0
LN-14966,CUST-0620,PRD-PERS,BR-112,20231114,2023-11-14,2027-11-14,23000.0,0.13,48,617.03,Wedding & Family,0.0,BBB - Moderate Risk,Current / Performing,0,0.0
LN-14967,CUST-0054,PRD-MORT,BR-105,20240408,2024-04-08,2044-04-08,703200.0,0.0675,240,5346.88,Investment Property Buy,889959.64,BBB - Moderate Risk,Current / Performing,0,0.0
LN-14968,CUST-0092,PRD-MORT,BR-106,20260312,2026-03-12,2046-03-12,550900.0,0.1075,240,5592.9,Investment Property Buy,662171.45,DDD - High Default Probability,Current / Performing,0,0.0
LN-14969,CUST-0069,PRD-EDU,BR-107,20241009,2024-10-09,2031-10-09,49600.0,0.064,84,734.13,MBA Program Tuition,0.0,AAA - Low Risk,Current / Performing,0,0.0
LN-14970,CUST-0839,PRD-EQUIP,BR-106,20230321,2023-03-21,2028-03-20,156700.0,0.134,60,3597.58,Warehouse Forklift Fleet,204556.71,DDD - High Default Probability,Current / Performing,0,0.0
LN-14971,CUST-0053,PRD-SME,BR-102,20250922,2025-09-22,2032-09-21,89200.0,0.09,84,1435.15,New Branch Expansion,124767.76,CCC - Elevated Risk,Current / Performing,0,0.0
LN-14972,CUST-0371,PRD-AUTO,BR-110,20260210,2026-02-10,2029-02-09,20200.0,0.103,36,654.65,Fleet Commercial Van,26453.16,CCC - Elevated Risk,Current / Performing,0,0.0
LN-14973,CUST-0159,PRD-EQUIP,BR-110,20251021,2025-10-21,2030-10-21,136400.0,0.094,60,2857.99,Warehouse Forklift Fleet,194545.96,CCC - Elevated Risk,Current / Performing,0,0.0
LN-14974,CUST-0048,PRD-SME,BR-101,20231007,2023-10-07,2030-10-06,171600.0,0.09,84,2760.89,Inventory Stocking Q4,208804.2,AAA - Low Risk,Current / Performing,0,0.0
LN-14975,CUST-0966,PRD-PERS,BR-108,20240529,2024-05-29,2028-05-29,20700.0,0.13,48,555.33,Debt Consolidation,0.0,CCC - Elevated Risk,Current / Performing,0,0.0
LN-14976,CUST-0782,PRD-PERS,BR-107,20250925,2025-09-25,2028-09-24,33900.0,0.13,36,1142.22,Debt Consolidation,0.0,BBB - Moderate Risk,Current / Performing,0,0.0
LN-14977,CUST-0720,PRD-SME,BR-102,20241019,2024-10-19,2027-10-19,73300.0,0.12,36,2434.61,Working Capital Expansion,92826.03,CCC - Elevated Risk,Current / Performing,0,0.0
LN-14978,CUST-0008,PRD-SME,BR-109,20250319,2025-03-19,2030-03-19,300900.0,0.1,60,6393.24,Working Capital Expansion,367287.44,BBB - Moderate Risk,Current / Performing,0,0.0
LN-14979,CUST-0365,PRD-PERS,BR-103,20231007,2023-10-07,2026-10-06,15600.0,0.13,36,525.63,Debt Consolidation,0.0,CCC - Elevated Risk,Fully Paid,0,0.0
LN-14980,CUST-0140,PRD-EQUIP,BR-108,20241106,2024-11-06,2029-11-06,124900.0,0.094,60,2617.03,Medical Imaging Scanner,149214.72,CCC - Elevated Risk,Current / Performing,0,0.0
LN-14981,CUST-0695,PRD-MORT,BR-106,20250424,2025-04-24,2045-04-24,838800.0,0.0875,240,7412.57,Investment Property Buy,1086405.55,DDD - High Default Probability,Current / Performing,0,0.0
LN-14982,CUST-0272,PRD-AUTO,BR-107,20250417,2025-04-17,2030-04-17,43900.0,0.103,60,939.24,Certified Pre-Owned Luxury Car,60203.76,CCC - Elevated Risk,Current / Performing,0,0.0
LN-14983,CUST-0314,PRD-EQUIP,BR-102,20231010,2023-10-10,2028-10-09,105300.0,0.094,60,2206.35,Industrial CNC Machine,122968.29,BBB - Moderate Risk,Delinquent (31-60 DPD),0,0.0
LN-14984,CUST-0269,PRD-AUTO,BR-101,20230703,2023-07-03,2029-07-02,37800.0,0.103,72,706.01,Fleet Commercial Van,48143.28,DDD - High Default Probability,Current / Performing,0,0.0
LN-14985,CUST-0485,PRD-SME,BR-102,20240314,2024-03-14,2027-03-14,183000.0,0.09,36,5819.35,New Branch Expansion,271433.62,AAA - Low Risk,Current / Performing,0,0.0
LN-14986,CUST-0082,PRD-MORT,BR-108,20240329,2024-03-29,2044-03-29,752000.0,0.0675,240,5717.94,Investment Property Buy,1031065.17,BBB - Moderate Risk,Current / Performing,0,0.0
LN-14987,CUST-0474,PRD-PERS,BR-105,20230628,2023-06-28,2026-06-27,18500.0,0.12,36,614.46,Emergency Medical Exp,0.0,CCC - Elevated Risk,Fully Paid,0,0.0
LN-14988,CUST-0651,PRD-EQUIP,BR-102,20250625,2025-06-25,2030-06-25,121100.0,0.114,60,2657.23,Medical Imaging Scanner,193010.65,CCC - Elevated Risk,Delinquent (31-60 DPD),0,0.0
LN-14989,CUST-0341,PRD-PERS,BR-110,20240529,2024-05-29,2028-05-29,13600.0,0.15,48,378.5,Home Renovation,0.0,CCC - Elevated Risk,Delinquent (31-60 DPD),0,0.0
LN-14990,CUST-0779,PRD-SME,BR-105,20230525,2023-05-25,2025-05-24,339800.0,0.09,24,15523.68,Technology & IT Modernization,421200.83,CCC - Elevated Risk,Fully Paid,0,0.0
LN-14991,CUST-0155,PRD-SME,BR-112,20240127,2024-01-27,2026-01-26,87000.0,0.1,24,4014.61,New Branch Expansion,132820.24,CCC - Elevated Risk,Fully Paid,0,0.0
LN-14992,CUST-0811,PRD-MORT,BR-101,20250823,2025-08-23,2045-08-23,527200.0,0.0575,240,3701.38,Investment Property Buy,678853.85,BBB - Moderate Risk,Current / Performing,0,0.0
LN-14993,CUST-0097,PRD-EQUIP,BR-107,20250122,2025-01-22,2030-01-22,164100.0,0.094,60,3438.39,Warehouse Forklift Fleet,219567.0,CCC - Elevated Risk,Current / Performing,0,0.0
LN-14994,CUST-0598,PRD-PERS,BR-104,20240328,2024-03-28,2028-03-28,16900.0,0.12,48,445.04,Emergency Medical Exp,0.0,AAA - Low Risk,Delinquent (61-90 DPD),1,0.0
LN-14995,CUST-0944,PRD-AUTO,BR-103,20241014,2024-10-14,2028-10-14,23900.0,0.083,48,586.84,Fleet Commercial Van,28551.1,BBB - Moderate Risk,Current / Performing,0,0.0
LN-14996,CUST-0516,PRD-EQUIP,BR-101,20260125,2026-01-25,2028-01-25,114200.0,0.084,24,5185.82,Industrial CNC Machine,174862.67,AAA - Low Risk,Current / Performing,0,0.0
LN-14997,CUST-0068,PRD-SME,BR-108,20250727,2025-07-27,2028-07-26,167700.0,0.09,36,5332.82,Working Capital Expansion,199341.56,CCC - Elevated Risk,Under Restructuring,1,0.0
LN-14998,CUST-0965,PRD-PERS,BR-109,20240113,2024-01-13,2028-01-13,30100.0,0.12,48,792.65,Debt Consolidation,0.0,AAA - Low Risk,Delinquent (31-60 DPD),0,0.0
LN-14999,CUST-0823,PRD-MORT,BR-102,20250727,2025-07-27,2045-07-27,372400.0,0.0675,240,2831.6,Primary Residence Purchase,534548.48,BBB - Moderate Risk,Current / Performing,0,0.0
LN-15000,CUST-0503,PRD-AUTO,BR-111,20250126,2025-01-26,2031-01-26,59800.0,0.083,72,1057.27,Certified Pre-Owned Luxury Car,73089.9,BBB - Moderate Risk,Current / Performing,0,0.0